dataset,origin,horizon,network_median_residual
PeMS04,0,1,-2.38775634765625
PeMS04,0,6,-2.9801101684570312
PeMS04,0,12,-0.6149444580078125
PeMS04,1,1,-1.3099517822265625
PeMS04,1,6,-1.439605712890625
PeMS04,1,12,1.404144287109375
PeMS04,2,1,-0.0782623291015625
PeMS04,2,6,0.421051025390625
PeMS04,2,12,1.53955078125
PeMS04,3,1,-1.1142501831054688
PeMS04,3,6,-2.2442550659179688
PeMS04,3,12,-0.3650665283203125
PeMS04,4,1,-1.2157821655273438
PeMS04,4,6,-0.826385498046875
PeMS04,4,12,-0.4677276611328125
PeMS04,5,1,-3.1669769287109375
PeMS04,5,6,-1.344085693359375
PeMS04,5,12,2.0611572265625
PeMS04,6,1,-1.1664886474609375
PeMS04,6,6,-2.1783447265625
PeMS04,6,12,1.770355224609375
PeMS04,7,1,0.6465377807617188
PeMS04,7,6,0.648040771484375
PeMS04,7,12,2.9031829833984375
PeMS04,8,1,-0.8803176879882812
PeMS04,8,6,0.1968536376953125
PeMS04,8,12,0.758941650390625
PeMS04,9,1,-1.1442489624023438
PeMS04,9,6,-0.018341064453125
PeMS04,9,12,0.6149444580078125
PeMS04,10,1,-1.279541015625
PeMS04,10,6,-1.989349365234375
PeMS04,10,12,1.0787506103515625
PeMS04,11,1,-1.4413604736328125
PeMS04,11,6,-1.42620849609375
PeMS04,11,12,-3.160797119140625
PeMS04,12,1,-2.1500244140625
PeMS04,12,6,-0.6705322265625
PeMS04,12,12,-3.499969482421875
PeMS04,13,1,-2.26849365234375
PeMS04,13,6,-0.157257080078125
PeMS04,13,12,-1.6311798095703125
PeMS04,14,1,-1.0590057373046875
PeMS04,14,6,-4.019805908203125
PeMS04,14,12,-0.898834228515625
PeMS04,15,1,-2.305908203125
PeMS04,15,6,-3.7119674682617188
PeMS04,15,12,-2.0069961547851562
PeMS04,16,1,-0.3192901611328125
PeMS04,16,6,0.5977249145507812
PeMS04,16,12,0.3543243408203125
PeMS04,17,1,-1.5885162353515625
PeMS04,17,6,-3.0361175537109375
PeMS04,17,12,0.22872161865234375
PeMS04,18,1,0.32037353515625
PeMS04,18,6,-1.5744476318359375
PeMS04,18,12,1.46234130859375
PeMS04,19,1,-1.0257568359375
PeMS04,19,6,-0.28289031982421875
PeMS04,19,12,3.9420166015625
PeMS04,20,1,0.5897369384765625
PeMS04,20,6,0.285308837890625
PeMS04,20,12,1.8487396240234375
PeMS04,21,1,1.278350830078125
PeMS04,21,6,-1.2930831909179688
PeMS04,21,12,3.3660888671875
PeMS04,22,1,0.0677490234375
PeMS04,22,6,1.7180099487304688
PeMS04,22,12,1.6803970336914062
PeMS04,23,1,-3.1588134765625
PeMS04,23,6,-0.5461959838867188
PeMS04,23,12,2.8475570678710938
PeMS04,24,1,1.515960693359375
PeMS04,24,6,0.5411376953125
PeMS04,24,12,2.8173828125
PeMS04,25,1,0.5833663940429688
PeMS04,25,6,-0.290557861328125
PeMS04,25,12,-0.775909423828125
PeMS04,26,1,-1.8251953125
PeMS04,26,6,-2.761138916015625
PeMS04,26,12,-0.434295654296875
PeMS04,27,1,-1.8619537353515625
PeMS04,27,6,-1.58203125
PeMS04,27,12,-0.43524932861328125
PeMS04,28,1,-0.7722549438476562
PeMS04,28,6,-0.6949462890625
PeMS04,28,12,-0.828582763671875
PeMS04,29,1,-1.1421356201171875
PeMS04,29,6,0.29290771484375
PeMS04,29,12,-1.2835693359375
PeMS04,30,1,-0.9260406494140625
PeMS04,30,6,-1.5991363525390625
PeMS04,30,12,0.1963348388671875
PeMS04,31,1,-2.580047607421875
PeMS04,31,6,-2.1990737915039062
PeMS04,31,12,-2.096832275390625
PeMS04,32,1,0.6021881103515625
PeMS04,32,6,-0.404449462890625
PeMS04,32,12,-0.44964599609375
PeMS04,33,1,-1.9699783325195312
PeMS04,33,6,-1.8197860717773438
PeMS04,33,12,-2.3602294921875
PeMS04,34,1,2.8131942749023438
PeMS04,34,6,-0.992706298828125
PeMS04,34,12,-3.3746337890625
PeMS04,35,1,-3.5531539916992188
PeMS04,35,6,-2.279052734375
PeMS04,35,12,-1.08795166015625
PeMS04,36,1,-2.36749267578125
PeMS04,36,6,-2.0030517578125
PeMS04,36,12,-0.769866943359375
PeMS04,37,1,-1.945465087890625
PeMS04,37,6,-4.5478515625
PeMS04,37,12,-0.59130859375
PeMS04,38,1,-2.3520889282226562
PeMS04,38,6,-2.2504730224609375
PeMS04,38,12,-0.8176040649414062
PeMS04,39,1,-0.6122589111328125
PeMS04,39,6,-3.346832275390625
PeMS04,39,12,0.4708099365234375
PeMS04,40,1,-0.9818115234375
PeMS04,40,6,-3.67236328125
PeMS04,40,12,1.508331298828125
PeMS04,41,1,-1.3096466064453125
PeMS04,41,6,-2.023712158203125
PeMS04,41,12,0.29155731201171875
PeMS04,42,1,-4.0452880859375
PeMS04,42,6,-2.1774139404296875
PeMS04,42,12,-0.6305999755859375
PeMS04,43,1,-1.16021728515625
PeMS04,43,6,-0.4066314697265625
PeMS04,43,12,-0.116851806640625
PeMS04,44,1,-1.76983642578125
PeMS04,44,6,0.33335113525390625
PeMS04,44,12,2.6891250610351562
PeMS04,45,1,-2.71942138671875
PeMS04,45,6,0.5109329223632812
PeMS04,45,12,9.126434326171875
PeMS04,46,1,-0.767059326171875
PeMS04,46,6,2.1785812377929688
PeMS04,46,12,7.675254821777344
PeMS04,47,1,-0.6514129638671875
PeMS04,47,6,2.3467559814453125
PeMS04,47,12,5.807342529296875
PeMS04,48,1,0.538970947265625
PeMS04,48,6,0.575225830078125
PeMS04,48,12,1.4224357604980469
PeMS04,49,1,0.16089248657226562
PeMS04,49,6,-2.0862503051757812
PeMS04,49,12,2.187652587890625
PeMS04,50,1,0.8922538757324219
PeMS04,50,6,0.279296875
PeMS04,50,12,1.9104461669921875
PeMS04,51,1,-0.7170639038085938
PeMS04,51,6,3.9282455444335938
PeMS04,51,12,2.427337646484375
PeMS04,52,1,0.7411880493164062
PeMS04,52,6,2.8191680908203125
PeMS04,52,12,2.2984619140625
PeMS04,53,1,0.66156005859375
PeMS04,53,6,-0.8015899658203125
PeMS04,53,12,1.90411376953125
PeMS04,54,1,-1.0034332275390625
PeMS04,54,6,0.9720039367675781
PeMS04,54,12,0.35926055908203125
PeMS04,55,1,0.566802978515625
PeMS04,55,6,-0.46393585205078125
PeMS04,55,12,-1.2166748046875
PeMS04,56,1,2.8815689086914062
PeMS04,56,6,-1.1715927124023438
PeMS04,56,12,1.6306610107421875
PeMS04,57,1,0.6587371826171875
PeMS04,57,6,-3.42779541015625
PeMS04,57,12,0.228759765625
PeMS04,58,1,-1.7975006103515625
PeMS04,58,6,-0.7859344482421875
PeMS04,58,12,-2.7509078979492188
PeMS04,59,1,-2.180084228515625
PeMS04,59,6,-2.1150741577148438
PeMS04,59,12,-4.05828857421875
PeMS04,60,1,-1.6324920654296875
PeMS04,60,6,-1.4685821533203125
PeMS04,60,12,4.454322814941406
PeMS04,61,1,-0.26761627197265625
PeMS04,61,6,1.323883056640625
PeMS04,61,12,0.59063720703125
PeMS04,62,1,-2.3180160522460938
PeMS04,62,6,-2.7307357788085938
PeMS04,62,12,-6.57666015625
PeMS04,63,1,1.2105712890625
PeMS04,63,6,0.9018630981445312
PeMS04,63,12,0.3167572021484375
PeMS04,64,1,1.4624786376953125
PeMS04,64,6,-2.0064315795898438
PeMS04,64,12,2.1341094970703125
PeMS04,65,1,-0.6218032836914062
PeMS04,65,6,-5.282035827636719
PeMS04,65,12,-1.4539794921875
PeMS04,66,1,1.1430511474609375
PeMS04,66,6,1.4405441284179688
PeMS04,66,12,-5.288230895996094
PeMS04,67,1,-2.8641433715820312
PeMS04,67,6,0.2169647216796875
PeMS04,67,12,3.707000732421875
PeMS04,68,1,1.1052780151367188
PeMS04,68,6,-6.2845001220703125
PeMS04,68,12,0.087310791015625
PeMS04,69,1,-4.79351806640625
PeMS04,69,6,-2.1709976196289062
PeMS04,69,12,-1.9665298461914062
PeMS04,70,1,-8.632286071777344
PeMS04,70,6,-0.3180999755859375
PeMS04,70,12,0.2988128662109375
PeMS04,71,1,1.7508697509765625
PeMS04,71,6,-1.678680419921875
PeMS04,71,12,-3.0995635986328125
PeMS04,72,1,-0.14289093017578125
PeMS04,72,6,-4.3713836669921875
PeMS04,72,12,-1.2354965209960938
PeMS04,73,1,-6.14208984375
PeMS04,73,6,2.406951904296875
PeMS04,73,12,-3.1839981079101562
PeMS04,74,1,-2.58795166015625
PeMS04,74,6,-2.2956619262695312
PeMS04,74,12,1.7967376708984375
PeMS04,75,1,0.2187957763671875
PeMS04,75,6,-2.8341217041015625
PeMS04,75,12,-4.902839660644531
PeMS04,76,1,-2.3121566772460938
PeMS04,76,6,-2.0106658935546875
PeMS04,76,12,-5.201263427734375
PeMS04,77,1,-5.4338531494140625
PeMS04,77,6,-2.8914031982421875
PeMS04,77,12,-0.164306640625
PeMS04,78,1,1.1879310607910156
PeMS04,78,6,-3.8904876708984375
PeMS04,78,12,-1.4999313354492188
PeMS04,79,1,-5.697540283203125
PeMS04,79,6,-5.2826385498046875
PeMS04,79,12,-1.5535659790039062
PeMS04,80,1,-3.1399078369140625
PeMS04,80,6,1.8893547058105469
PeMS04,80,12,-0.40235137939453125
PeMS04,81,1,-0.7879791259765625
PeMS04,81,6,-1.484619140625
PeMS04,81,12,2.5164794921875
PeMS04,82,1,-4.2135467529296875
PeMS04,82,6,-4.680671691894531
PeMS04,82,12,-1.1949462890625
PeMS04,83,1,0.6328277587890625
PeMS04,83,6,1.3557281494140625
PeMS04,83,12,0.40509033203125
PeMS04,84,1,-2.4399757385253906
PeMS04,84,6,-0.1711883544921875
PeMS04,84,12,1.2882080078125
PeMS04,85,1,4.650352478027344
PeMS04,85,6,-0.00086212158203125
PeMS04,85,12,9.892333984375
PeMS04,86,1,-1.2439498901367188
PeMS04,86,6,-1.2729873657226562
PeMS04,86,12,8.166793823242188
PeMS04,87,1,-4.4567108154296875
PeMS04,87,6,-0.9111328125
PeMS04,87,12,3.277801513671875
PeMS04,88,1,1.9758720397949219
PeMS04,88,6,2.53759765625
PeMS04,88,12,6.690521240234375
PeMS04,89,1,1.331817626953125
PeMS04,89,6,-0.99395751953125
PeMS04,89,12,5.36517333984375
PeMS04,90,1,-1.68658447265625
PeMS04,90,6,-1.1156158447265625
PeMS04,90,12,5.199859619140625
PeMS04,91,1,-3.604583740234375
PeMS04,91,6,5.88397216796875
PeMS04,91,12,4.783935546875
PeMS04,92,1,-0.093231201171875
PeMS04,92,6,6.57171630859375
PeMS04,92,12,1.355987548828125
PeMS04,93,1,3.677459716796875
PeMS04,93,6,2.09112548828125
PeMS04,93,12,4.7895355224609375
PeMS04,94,1,2.7650146484375
PeMS04,94,6,4.23199462890625
PeMS04,94,12,0.5521240234375
PeMS04,95,1,0.968353271484375
PeMS04,95,6,-1.875274658203125
PeMS04,95,12,2.78857421875
PeMS04,96,1,4.564033508300781
PeMS04,96,6,1.627197265625
PeMS04,96,12,3.090362548828125
PeMS04,97,1,5.8573150634765625
PeMS04,97,6,1.039825439453125
PeMS04,97,12,1.486602783203125
PeMS04,98,1,1.2073822021484375
PeMS04,98,6,-5.0929412841796875
PeMS04,98,12,-4.0655975341796875
PeMS04,99,1,0.40423583984375
PeMS04,99,6,0.203582763671875
PeMS04,99,12,4.50445556640625
PeMS04,100,1,-5.070068359375
PeMS04,100,6,-3.88861083984375
PeMS04,100,12,-4.059761047363281
PeMS04,101,1,3.077972412109375
PeMS04,101,6,-1.98748779296875
PeMS04,101,12,3.5575408935546875
PeMS04,102,1,0.3786773681640625
PeMS04,102,6,-0.08294677734375
PeMS04,102,12,1.2273406982421875
PeMS04,103,1,-2.357757568359375
PeMS04,103,6,0.98370361328125
PeMS04,103,12,-0.79071044921875
PeMS04,104,1,0.17383575439453125
PeMS04,104,6,-4.0845947265625
PeMS04,104,12,1.3172454833984375
PeMS04,105,1,-3.328277587890625
PeMS04,105,6,3.256866455078125
PeMS04,105,12,-0.61627197265625
PeMS04,106,1,2.37518310546875
PeMS04,106,6,-1.62353515625
PeMS04,106,12,0.70721435546875
PeMS04,107,1,0.12543487548828125
PeMS04,107,6,0.4124298095703125
PeMS04,107,12,-1.1429443359375
PeMS04,108,1,1.5472412109375
PeMS04,108,6,2.254913330078125
PeMS04,108,12,1.41522216796875
PeMS04,109,1,-3.05560302734375
PeMS04,109,6,2.5635833740234375
PeMS04,109,12,0.40087890625
PeMS04,110,1,4.466339111328125
PeMS04,110,6,5.131500244140625
PeMS04,110,12,2.544708251953125
PeMS04,111,1,-1.4999847412109375
PeMS04,111,6,0.6563720703125
PeMS04,111,12,4.9319000244140625
PeMS04,112,1,2.8561630249023438
PeMS04,112,6,0.86859130859375
PeMS04,112,12,1.0281982421875
PeMS04,113,1,2.39453125
PeMS04,113,6,-1.5546112060546875
PeMS04,113,12,-2.285491943359375
PeMS04,114,1,2.879669189453125
PeMS04,114,6,-1.971771240234375
PeMS04,114,12,-1.87567138671875
PeMS04,115,1,-1.2789154052734375
PeMS04,115,6,-4.3291015625
PeMS04,115,12,-1.2984466552734375
PeMS04,116,1,-2.13580322265625
PeMS04,116,6,-2.52276611328125
PeMS04,116,12,-0.6421890258789062
PeMS04,117,1,-0.971466064453125
PeMS04,117,6,-0.16533660888671875
PeMS04,117,12,-0.4462738037109375
PeMS04,118,1,-1.47381591796875
PeMS04,118,6,-2.22845458984375
PeMS04,118,12,0.5390090942382812
PeMS04,119,1,-0.7830352783203125
PeMS04,119,6,-3.738555908203125
PeMS04,119,12,1.7069854736328125
PeMS04,120,1,0.10980224609375
PeMS04,120,6,-0.562774658203125
PeMS04,120,12,1.70263671875
PeMS04,121,1,-0.27685546875
PeMS04,121,6,0.9682464599609375
PeMS04,121,12,0.279998779296875
PeMS04,122,1,0.909271240234375
PeMS04,122,6,-0.8658447265625
PeMS04,122,12,0.9443321228027344
PeMS04,123,1,0.3519744873046875
PeMS04,123,6,0.1576080322265625
PeMS04,123,12,2.7145614624023438
PeMS04,124,1,-1.0975799560546875
PeMS04,124,6,-0.426971435546875
PeMS04,124,12,3.951873779296875
PeMS04,125,1,0.8322601318359375
PeMS04,125,6,1.43768310546875
PeMS04,125,12,3.5979385375976562
PeMS04,126,1,2.1543121337890625
PeMS04,126,6,2.0504150390625
PeMS04,126,12,2.5554542541503906
PeMS04,127,1,-1.584381103515625
PeMS04,127,6,-0.2348785400390625
PeMS04,127,12,2.1129379272460938
PeMS04,128,1,0.07175445556640625
PeMS04,128,6,0.3213615417480469
PeMS04,128,12,4.835968017578125
PeMS04,129,1,1.0846786499023438
PeMS04,129,6,0.8119659423828125
PeMS04,129,12,1.53314208984375
PeMS04,130,1,1.114410400390625
PeMS04,130,6,2.0631561279296875
PeMS04,130,12,0.498077392578125
PeMS04,131,1,-0.9644546508789062
PeMS04,131,6,-0.1704559326171875
PeMS04,131,12,0.5768547058105469
PeMS04,132,1,-1.9674453735351562
PeMS04,132,6,-1.8480072021484375
PeMS04,132,12,2.4691085815429688
PeMS04,133,1,-0.7782669067382812
PeMS04,133,6,-0.6102943420410156
PeMS04,133,12,1.0043487548828125
PeMS04,134,1,-0.09452438354492188
PeMS04,134,6,1.334381103515625
PeMS04,134,12,2.9979095458984375
PeMS04,135,1,1.3643531799316406
PeMS04,135,6,-0.27275848388671875
PeMS04,135,12,2.232715606689453
PeMS04,136,1,-0.90087890625
PeMS04,136,6,-0.6088333129882812
PeMS04,136,12,0.9454345703125
PeMS04,137,1,-2.2100448608398438
PeMS04,137,6,-0.22100067138671875
PeMS04,137,12,-0.722503662109375
PeMS04,138,1,-0.9299468994140625
PeMS04,138,6,2.0420074462890625
PeMS04,138,12,0.5716552734375
PeMS04,139,1,1.216888427734375
PeMS04,139,6,0.8604736328125
PeMS04,139,12,0.5671272277832031
PeMS04,140,1,-0.2228546142578125
PeMS04,140,6,1.1834564208984375
PeMS04,140,12,1.8845977783203125
PeMS04,141,1,-0.00411224365234375
PeMS04,141,6,-0.1992034912109375
PeMS04,141,12,0.9117584228515625
PeMS04,142,1,1.219818115234375
PeMS04,142,6,0.4563446044921875
PeMS04,142,12,1.3893890380859375
PeMS04,143,1,0.96234130859375
PeMS04,143,6,-1.57470703125
PeMS04,143,12,1.1805572509765625
PeMS04,144,1,0.3279266357421875
PeMS04,144,6,0.0183868408203125
PeMS04,144,12,-0.9131622314453125
PeMS04,145,1,-1.1532745361328125
PeMS04,145,6,-1.1598434448242188
PeMS04,145,12,-1.2978668212890625
PeMS04,146,1,-1.6081733703613281
PeMS04,146,6,0.30377960205078125
PeMS04,146,12,-1.8431320190429688
PeMS04,147,1,-1.3479461669921875
PeMS04,147,6,-0.507049560546875
PeMS04,147,12,-0.81304931640625
PeMS04,148,1,-2.2187347412109375
PeMS04,148,6,-1.051055908203125
PeMS04,148,12,0.6645355224609375
PeMS04,149,1,-1.0355224609375
PeMS04,149,6,0.9150543212890625
PeMS04,149,12,-0.892120361328125
PeMS04,150,1,-1.420806884765625
PeMS04,150,6,-0.3968048095703125
PeMS04,150,12,0.36635589599609375
PeMS04,151,1,2.3383827209472656
PeMS04,151,6,0.355255126953125
PeMS04,151,12,1.7838516235351562
PeMS04,152,1,1.17523193359375
PeMS04,152,6,-0.397430419921875
PeMS04,152,12,0.5222930908203125
PeMS04,153,1,-0.128814697265625
PeMS04,153,6,0.5314483642578125
PeMS04,153,12,1.8251495361328125
PeMS04,154,1,2.0717086791992188
PeMS04,154,6,1.519622802734375
PeMS04,154,12,1.6433258056640625
PeMS04,155,1,-0.4249114990234375
PeMS04,155,6,-1.0744400024414062
PeMS04,155,12,1.5809173583984375
PeMS04,156,1,0.2264404296875
PeMS04,156,6,0.369964599609375
PeMS04,156,12,1.0408477783203125
PeMS04,157,1,-0.93939208984375
PeMS04,157,6,-0.34677886962890625
PeMS04,157,12,0.7454681396484375
PeMS04,158,1,-0.7554779052734375
PeMS04,158,6,-0.3925933837890625
PeMS04,158,12,1.5163192749023438
PeMS04,159,1,-0.0512542724609375
PeMS04,159,6,-0.16407012939453125
PeMS04,159,12,1.3937149047851562
PeMS04,160,1,-1.22979736328125
PeMS04,160,6,-0.8125
PeMS04,160,12,1.88946533203125
PeMS04,161,1,-0.8694915771484375
PeMS04,161,6,0.20977783203125
PeMS04,161,12,2.018341064453125
PeMS04,162,1,0.7146148681640625
PeMS04,162,6,-0.043670654296875
PeMS04,162,12,1.9748764038085938
PeMS04,163,1,-0.41497802734375
PeMS04,163,6,0.9654541015625
PeMS04,163,12,2.1059417724609375
PeMS04,164,1,0.1085205078125
PeMS04,164,6,1.349945068359375
PeMS04,164,12,2.181854248046875
PeMS04,165,1,-1.1609039306640625
PeMS04,165,6,1.1766510009765625
PeMS04,165,12,1.65570068359375
PeMS04,166,1,-0.15674591064453125
PeMS04,166,6,1.3997116088867188
PeMS04,166,12,2.3406524658203125
PeMS04,167,1,-0.353118896484375
PeMS04,167,6,1.274810791015625
PeMS04,167,12,2.3258590698242188
PeMS04,168,1,-0.106414794921875
PeMS04,168,6,1.6103744506835938
PeMS04,168,12,2.3834686279296875
PeMS04,169,1,-0.7104949951171875
PeMS04,169,6,0.945281982421875
PeMS04,169,12,2.3353500366210938
PeMS04,170,1,-0.09236907958984375
PeMS04,170,6,0.9720916748046875
PeMS04,170,12,2.0279998779296875
PeMS04,171,1,0.66876220703125
PeMS04,171,6,0.69610595703125
PeMS04,171,12,1.6628265380859375
PeMS04,172,1,0.7166595458984375
PeMS04,172,6,1.3427658081054688
PeMS04,172,12,1.8447952270507812
PeMS04,173,1,0.669189453125
PeMS04,173,6,1.6753768920898438
PeMS04,173,12,1.2476806640625
PeMS04,174,1,-0.2552032470703125
PeMS04,174,6,1.4124298095703125
PeMS04,174,12,1.26702880859375
PeMS04,175,1,-0.62188720703125
PeMS04,175,6,1.1788253784179688
PeMS04,175,12,1.6800003051757812
PeMS04,176,1,-0.33941650390625
PeMS04,176,6,0.79144287109375
PeMS04,176,12,0.7294158935546875
PeMS04,177,1,0.3696022033691406
PeMS04,177,6,0.46384429931640625
PeMS04,177,12,0.8677825927734375
PeMS04,178,1,0.5218582153320312
PeMS04,178,6,0.48828887939453125
PeMS04,178,12,1.2137451171875
PeMS04,179,1,1.05029296875
PeMS04,179,6,0.30876922607421875
PeMS04,179,12,1.1918487548828125
PeMS04,180,1,0.932281494140625
PeMS04,180,6,0.6595001220703125
PeMS04,180,12,1.1063995361328125
PeMS04,181,1,-0.0023956298828125
PeMS04,181,6,1.3572998046875
PeMS04,181,12,1.147125244140625
PeMS04,182,1,-0.82525634765625
PeMS04,182,6,0.26457977294921875
PeMS04,182,12,1.7648468017578125
PeMS04,183,1,-0.1091461181640625
PeMS04,183,6,0.84320068359375
PeMS04,183,12,2.1075286865234375
PeMS04,184,1,-0.31066131591796875
PeMS04,184,6,0.6878509521484375
PeMS04,184,12,1.7919769287109375
PeMS04,185,1,0.08026123046875
PeMS04,185,6,1.4228973388671875
PeMS04,185,12,2.39410400390625
PeMS04,186,1,0.48844146728515625
PeMS04,186,6,1.0442657470703125
PeMS04,186,12,2.473236083984375
PeMS04,187,1,-0.21015167236328125
PeMS04,187,6,0.7752914428710938
PeMS04,187,12,1.792510986328125
PeMS04,188,1,-0.006591796875
PeMS04,188,6,1.1015167236328125
PeMS04,188,12,2.3308563232421875
PeMS04,189,1,0.43603515625
PeMS04,189,6,1.5405349731445312
PeMS04,189,12,2.1660308837890625
PeMS04,190,1,0.7738037109375
PeMS04,190,6,1.5124053955078125
PeMS04,190,12,2.896392822265625
PeMS04,191,1,-0.25490570068359375
PeMS04,191,6,1.9491348266601562
PeMS04,191,12,1.9598846435546875
PeMS04,192,1,-0.3223114013671875
PeMS04,192,6,1.664794921875
PeMS04,192,12,2.5687332153320312
PeMS04,193,1,0.1252593994140625
PeMS04,193,6,1.1339950561523438
PeMS04,193,12,2.2295989990234375
PeMS04,194,1,0.28679656982421875
PeMS04,194,6,1.57366943359375
PeMS04,194,12,2.9092559814453125
PeMS04,195,1,-0.1004791259765625
PeMS04,195,6,1.691986083984375
PeMS04,195,12,3.6345672607421875
PeMS04,196,1,0.15767288208007812
PeMS04,196,6,1.491119384765625
PeMS04,196,12,2.2769012451171875
PeMS04,197,1,0.35298919677734375
PeMS04,197,6,1.1279144287109375
PeMS04,197,12,2.38153076171875
PeMS04,198,1,-0.6463851928710938
PeMS04,198,6,1.2195663452148438
PeMS04,198,12,2.3153533935546875
PeMS04,199,1,0.2082977294921875
PeMS04,199,6,1.3444976806640625
PeMS04,199,12,2.7874298095703125
PeMS04,200,1,0.0139923095703125
PeMS04,200,6,1.703643798828125
PeMS04,200,12,2.53021240234375
PeMS04,201,1,-0.5337982177734375
PeMS04,201,6,2.521453857421875
PeMS04,201,12,2.3123931884765625
PeMS04,202,1,-0.2646484375
PeMS04,202,6,1.2154388427734375
PeMS04,202,12,1.8550949096679688
PeMS04,203,1,0.158050537109375
PeMS04,203,6,2.1347808837890625
PeMS04,203,12,2.1107521057128906
PeMS04,204,1,-0.308990478515625
PeMS04,204,6,1.944580078125
PeMS04,204,12,2.0791015625
PeMS04,205,1,0.48735809326171875
PeMS04,205,6,1.7721710205078125
PeMS04,205,12,2.2526779174804688
PeMS04,206,1,1.2379302978515625
PeMS04,206,6,1.8767547607421875
PeMS04,206,12,3.7537155151367188
PeMS04,207,1,0.1381683349609375
PeMS04,207,6,1.5196609497070312
PeMS04,207,12,2.89788818359375
PeMS04,208,1,0.8167724609375
PeMS04,208,6,1.0480880737304688
PeMS04,208,12,3.0577850341796875
PeMS04,209,1,0.642303466796875
PeMS04,209,6,1.1931610107421875
PeMS04,209,12,2.554901123046875
PeMS04,210,1,0.7706451416015625
PeMS04,210,6,1.0948486328125
PeMS04,210,12,2.4641952514648438
PeMS04,211,1,0.4125518798828125
PeMS04,211,6,0.9454116821289062
PeMS04,211,12,1.7697601318359375
PeMS04,212,1,0.00905609130859375
PeMS04,212,6,2.3448410034179688
PeMS04,212,12,2.1241607666015625
PeMS04,213,1,-0.1385498046875
PeMS04,213,6,2.1956939697265625
PeMS04,213,12,2.03271484375
PeMS04,214,1,0.1122283935546875
PeMS04,214,6,2.0735321044921875
PeMS04,214,12,1.81488037109375
PeMS04,215,1,0.2110748291015625
PeMS04,215,6,1.6255912780761719
PeMS04,215,12,1.1734848022460938
PeMS04,216,1,0.08582305908203125
PeMS04,216,6,1.6870040893554688
PeMS04,216,12,1.9696273803710938
PeMS04,217,1,1.915435791015625
PeMS04,217,6,0.7542572021484375
PeMS04,217,12,1.5119552612304688
PeMS04,218,1,0.8232650756835938
PeMS04,218,6,1.7010955810546875
PeMS04,218,12,1.9934310913085938
PeMS04,219,1,0.7337112426757812
PeMS04,219,6,1.3441925048828125
PeMS04,219,12,1.7813568115234375
PeMS04,220,1,0.7334442138671875
PeMS04,220,6,1.51593017578125
PeMS04,220,12,3.6757583618164062
PeMS04,221,1,0.22505950927734375
PeMS04,221,6,0.14986419677734375
PeMS04,221,12,0.509185791015625
PeMS04,222,1,0.4763946533203125
PeMS04,222,6,1.1102142333984375
PeMS04,222,12,1.7585678100585938
PeMS04,223,1,1.046051025390625
PeMS04,223,6,0.6477813720703125
PeMS04,223,12,3.236114501953125
PeMS04,224,1,0.8040084838867188
PeMS04,224,6,1.6395416259765625
PeMS04,224,12,1.5216293334960938
PeMS04,225,1,0.1272125244140625
PeMS04,225,6,0.78662109375
PeMS04,225,12,1.7144775390625
PeMS04,226,1,-0.203155517578125
PeMS04,226,6,2.6861190795898438
PeMS04,226,12,2.4698944091796875
PeMS04,227,1,0.48236846923828125
PeMS04,227,6,0.1269378662109375
PeMS04,227,12,1.91943359375
PeMS04,228,1,-0.07503509521484375
PeMS04,228,6,1.0675582885742188
PeMS04,228,12,1.873687744140625
PeMS04,229,1,0.816192626953125
PeMS04,229,6,1.9320907592773438
PeMS04,229,12,1.0655975341796875
PeMS04,230,1,-0.5128631591796875
PeMS04,230,6,0.9161376953125
PeMS04,230,12,1.5420989990234375
PeMS04,231,1,1.464447021484375
PeMS04,231,6,1.02880859375
PeMS04,231,12,1.10687255859375
PeMS04,232,1,-1.2724342346191406
PeMS04,232,6,2.0250701904296875
PeMS04,232,12,4.532051086425781
PeMS04,233,1,0.7317047119140625
PeMS04,233,6,1.9940032958984375
PeMS04,233,12,4.6717987060546875
PeMS04,234,1,1.5985946655273438
PeMS04,234,6,3.696197509765625
PeMS04,234,12,4.695808410644531
PeMS04,235,1,0.45548248291015625
PeMS04,235,6,0.779266357421875
PeMS04,235,12,4.029693603515625
PeMS04,236,1,-0.292144775390625
PeMS04,236,6,0.0287628173828125
PeMS04,236,12,6.322357177734375
PeMS04,237,1,0.9899368286132812
PeMS04,237,6,-0.12065887451171875
PeMS04,237,12,2.643524169921875
PeMS04,238,1,0.28792572021484375
PeMS04,238,6,3.1639366149902344
PeMS04,238,12,4.2015533447265625
PeMS04,239,1,-1.299102783203125
PeMS04,239,6,0.8125152587890625
PeMS04,239,12,1.5452194213867188
PeMS04,240,1,-0.3380126953125
PeMS04,240,6,2.422943115234375
PeMS04,240,12,0.1408843994140625
PeMS04,241,1,-0.7573699951171875
PeMS04,241,6,3.4952850341796875
PeMS04,241,12,1.3366203308105469
PeMS04,242,1,-1.065093994140625
PeMS04,242,6,4.722282409667969
PeMS04,242,12,1.4545822143554688
PeMS04,243,1,2.3654098510742188
PeMS04,243,6,3.03765869140625
PeMS04,243,12,3.6884765625
PeMS04,244,1,0.291656494140625
PeMS04,244,6,3.050384521484375
PeMS04,244,12,5.384239196777344
PeMS04,245,1,-0.4908599853515625
PeMS04,245,6,1.3934860229492188
PeMS04,245,12,2.3746337890625
PeMS04,246,1,0.694488525390625
PeMS04,246,6,1.0715255737304688
PeMS04,246,12,2.6617584228515625
PeMS04,247,1,2.603069305419922
PeMS04,247,6,-0.283355712890625
PeMS04,247,12,7.1614990234375
PeMS04,248,1,-0.9130706787109375
PeMS04,248,6,-0.5682029724121094
PeMS04,248,12,1.27490234375
PeMS04,249,1,-0.82537841796875
PeMS04,249,6,-1.2394256591796875
PeMS04,249,12,2.1016082763671875
PeMS04,250,1,-2.1838912963867188
PeMS04,250,6,-0.6417694091796875
PeMS04,250,12,-0.548858642578125
PeMS04,251,1,-0.5047760009765625
PeMS04,251,6,-2.98681640625
PeMS04,251,12,2.5489273071289062
PeMS04,252,1,-3.6879348754882812
PeMS04,252,6,-2.5391082763671875
PeMS04,252,12,-2.5700416564941406
PeMS04,253,1,-0.8223648071289062
PeMS04,253,6,0.89178466796875
PeMS04,253,12,-1.1128082275390625
PeMS04,254,1,-0.2869110107421875
PeMS04,254,6,1.2585296630859375
PeMS04,254,12,-0.6617584228515625
PeMS04,255,1,-0.9112548828125
PeMS04,255,6,4.799354553222656
PeMS04,255,12,1.5782623291015625
PeMS04,256,1,-1.35675048828125
PeMS04,256,6,2.384246826171875
PeMS04,256,12,-1.6083450317382812
PeMS04,257,1,0.1085357666015625
PeMS04,257,6,7.2111968994140625
PeMS04,257,12,-3.56658935546875
PeMS04,258,1,1.020263671875
PeMS04,258,6,0.01197052001953125
PeMS04,258,12,1.4698333740234375
PeMS04,259,1,0.7737960815429688
PeMS04,259,6,-0.6488800048828125
PeMS04,259,12,-1.93701171875
PeMS04,260,1,-1.8567352294921875
PeMS04,260,6,-2.3752212524414062
PeMS04,260,12,-1.9860076904296875
PeMS04,261,1,0.718963623046875
PeMS04,261,6,0.14601898193359375
PeMS04,261,12,-1.8745574951171875
PeMS04,262,1,2.3650054931640625
PeMS04,262,6,-1.7535781860351562
PeMS04,262,12,-0.2942657470703125
PeMS04,263,1,-2.4070816040039062
PeMS04,263,6,-3.9675369262695312
PeMS04,263,12,1.256500244140625
PeMS04,264,1,-2.17596435546875
PeMS04,264,6,-0.22161865234375
PeMS04,264,12,-1.105560302734375
PeMS04,265,1,-2.80755615234375
PeMS04,265,6,-1.77667236328125
PeMS04,265,12,-2.4300308227539062
PeMS04,266,1,1.0570907592773438
PeMS04,266,6,-0.6120071411132812
PeMS04,266,12,-0.042675018310546875
PeMS04,267,1,-2.188434600830078
PeMS04,267,6,-1.471954345703125
PeMS04,267,12,-3.29351806640625
PeMS04,268,1,-2.246356964111328
PeMS04,268,6,1.006317138671875
PeMS04,268,12,1.5662841796875
PeMS04,269,1,0.5615081787109375
PeMS04,269,6,0.6726150512695312
PeMS04,269,12,1.3568878173828125
PeMS04,270,1,-1.96923828125
PeMS04,270,6,-0.9586563110351562
PeMS04,270,12,4.429168701171875
PeMS04,271,1,-2.3874359130859375
PeMS04,271,6,-3.7049217224121094
PeMS04,271,12,0.7779388427734375
PeMS04,272,1,-2.4328460693359375
PeMS04,272,6,1.6613922119140625
PeMS04,272,12,0.5794677734375
PeMS04,273,1,1.477386474609375
PeMS04,273,6,-1.24298095703125
PeMS04,273,12,1.041534423828125
PeMS04,274,1,2.1575851440429688
PeMS04,274,6,2.1369552612304688
PeMS04,274,12,4.98333740234375
PeMS04,275,1,0.102294921875
PeMS04,275,6,1.51702880859375
PeMS04,275,12,3.6002426147460938
PeMS04,276,1,-3.5851287841796875
PeMS04,276,6,2.2499160766601562
PeMS04,276,12,3.7299346923828125
PeMS04,277,1,0.199737548828125
PeMS04,277,6,0.137054443359375
PeMS04,277,12,4.08099365234375
PeMS04,278,1,-1.68194580078125
PeMS04,278,6,-0.6265869140625
PeMS04,278,12,7.7921905517578125
PeMS04,279,1,2.3350830078125
PeMS04,279,6,0.02020263671875
PeMS04,279,12,7.2418212890625
PeMS04,280,1,0.031402587890625
PeMS04,280,6,4.21075439453125
PeMS04,280,12,9.884140014648438
PeMS04,281,1,-0.950958251953125
PeMS04,281,6,1.7864990234375
PeMS04,281,12,9.95574951171875
PeMS04,282,1,-1.358917236328125
PeMS04,282,6,4.4771881103515625
PeMS04,282,12,7.62689208984375
PeMS04,283,1,0.3462982177734375
PeMS04,283,6,-0.0891876220703125
PeMS04,283,12,7.12646484375
PeMS04,284,1,2.718048095703125
PeMS04,284,6,7.009735107421875
PeMS04,284,12,12.237693786621094
PeMS04,285,1,2.06341552734375
PeMS04,285,6,-0.7551116943359375
PeMS04,285,12,6.320991516113281
PeMS04,286,1,-1.8385696411132812
PeMS04,286,6,-0.7205429077148438
PeMS04,286,12,9.23388671875
PeMS04,287,1,1.9605255126953125
PeMS04,287,6,2.206756591796875
PeMS04,287,12,7.045589447021484
PeMS04,288,1,-2.706024169921875
PeMS04,288,6,-1.570709228515625
PeMS04,288,12,10.307327270507812
PeMS04,289,1,-1.61383056640625
PeMS04,289,6,-0.740631103515625
PeMS04,289,12,4.379539489746094
PeMS04,290,1,0.324005126953125
PeMS04,290,6,0.9973297119140625
PeMS04,290,12,5.252906799316406
PeMS04,291,1,-0.0638427734375
PeMS04,291,6,-0.07871246337890625
PeMS04,291,12,3.254852294921875
PeMS04,292,1,-0.33331298828125
PeMS04,292,6,2.2771224975585938
PeMS04,292,12,3.320587158203125
PeMS04,293,1,-2.2325897216796875
PeMS04,293,6,1.7059402465820312
PeMS04,293,12,3.6157073974609375
PeMS04,294,1,-1.36810302734375
PeMS04,294,6,2.473876953125
PeMS04,294,12,3.3085708618164062
PeMS04,295,1,-1.9868927001953125
PeMS04,295,6,1.2330703735351562
PeMS04,295,12,4.972038269042969
PeMS04,296,1,-1.5125656127929688
PeMS04,296,6,-1.4055023193359375
PeMS04,296,12,2.9716796875
PeMS04,297,1,-1.5857658386230469
PeMS04,297,6,-0.7080535888671875
PeMS04,297,12,4.7183837890625
PeMS04,298,1,-0.5352249145507812
PeMS04,298,6,-0.45672607421875
PeMS04,298,12,3.7375946044921875
PeMS04,299,1,-0.6368637084960938
PeMS04,299,6,-1.77154541015625
PeMS04,299,12,0.54571533203125
PeMS04,300,1,-2.7306365966796875
PeMS04,300,6,-1.7734832763671875
PeMS04,300,12,-0.36415863037109375
PeMS04,301,1,-4.036651611328125
PeMS04,301,6,-0.4906005859375
PeMS04,301,12,0.30206298828125
PeMS04,302,1,-1.07733154296875
PeMS04,302,6,-0.802154541015625
PeMS04,302,12,1.139495849609375
PeMS04,303,1,-0.578216552734375
PeMS04,303,6,-1.267822265625
PeMS04,303,12,-1.509124755859375
PeMS04,304,1,-0.47711181640625
PeMS04,304,6,0.4268798828125
PeMS04,304,12,-2.37847900390625
PeMS04,305,1,-1.1898269653320312
PeMS04,305,6,-0.987945556640625
PeMS04,305,12,-0.9055252075195312
PeMS04,306,1,-1.2238616943359375
PeMS04,306,6,-3.4583892822265625
PeMS04,306,12,0.064910888671875
PeMS04,307,1,-2.922698974609375
PeMS04,307,6,-2.735443115234375
PeMS04,307,12,-2.657867431640625
PeMS04,308,1,-0.89404296875
PeMS04,308,6,-1.1808013916015625
PeMS04,308,12,-3.208526611328125
PeMS04,309,1,-3.2733306884765625
PeMS04,309,6,-3.137298583984375
PeMS04,309,12,-0.9314117431640625
PeMS04,310,1,-1.624664306640625
PeMS04,310,6,-1.193115234375
PeMS04,310,12,2.1956329345703125
PeMS04,311,1,-2.6058349609375
PeMS04,311,6,0.3245849609375
PeMS04,311,12,2.958251953125
PeMS04,312,1,-0.612548828125
PeMS04,312,6,0.517730712890625
PeMS04,312,12,4.463470458984375
PeMS04,313,1,0.979522705078125
PeMS04,313,6,1.1969833374023438
PeMS04,313,12,5.62066650390625
PeMS04,314,1,0.206695556640625
PeMS04,314,6,-1.65533447265625
PeMS04,314,12,6.4965667724609375
PeMS04,315,1,2.29901123046875
PeMS04,315,6,2.6329345703125
PeMS04,315,12,8.8929443359375
PeMS04,316,1,0.43328094482421875
PeMS04,316,6,3.4267578125
PeMS04,316,12,7.2122039794921875
PeMS04,317,1,0.441680908203125
PeMS04,317,6,3.920196533203125
PeMS04,317,12,7.63885498046875
PeMS04,318,1,0.0712432861328125
PeMS04,318,6,2.7312774658203125
PeMS04,318,12,4.85797119140625
PeMS04,319,1,-2.73431396484375
PeMS04,319,6,2.1605224609375
PeMS04,319,12,0.2924346923828125
PeMS04,320,1,2.1483154296875
PeMS04,320,6,3.32647705078125
PeMS04,320,12,3.6807937622070312
PeMS04,321,1,0.83221435546875
PeMS04,321,6,2.67132568359375
PeMS04,321,12,1.5164794921875
PeMS04,322,1,0.499847412109375
PeMS04,322,6,2.519287109375
PeMS04,322,12,-0.90570068359375
PeMS04,323,1,1.2823333740234375
PeMS04,323,6,1.4558334350585938
PeMS04,323,12,3.691558837890625
PeMS04,324,1,-0.8373870849609375
PeMS04,324,6,-3.4079971313476562
PeMS04,324,12,0.8125457763671875
PeMS04,325,1,-1.2979583740234375
PeMS04,325,6,-2.8801116943359375
PeMS04,325,12,-1.162567138671875
PeMS04,326,1,-1.2323989868164062
PeMS04,326,6,-1.7325897216796875
PeMS04,326,12,-2.1229248046875
PeMS04,327,1,0.339691162109375
PeMS04,327,6,-1.0969161987304688
PeMS04,327,12,1.74322509765625
PeMS04,328,1,-0.954498291015625
PeMS04,328,6,-3.7236557006835938
PeMS04,328,12,2.4636688232421875
PeMS04,329,1,-3.6052474975585938
PeMS04,329,6,1.2392578125
PeMS04,329,12,1.8662872314453125
PeMS04,330,1,-2.0052261352539062
PeMS04,330,6,0.32012939453125
PeMS04,330,12,-2.2781295776367188
PeMS04,331,1,-1.0592803955078125
PeMS04,331,6,-0.98773193359375
PeMS04,331,12,1.4066162109375
PeMS04,332,1,0.35326385498046875
PeMS04,332,6,-1.1259002685546875
PeMS04,332,12,0.8066177368164062
PeMS04,333,1,-1.96881103515625
PeMS04,333,6,1.211273193359375
PeMS04,333,12,0.8311614990234375
PeMS04,334,1,1.451141357421875
PeMS04,334,6,1.394500732421875
PeMS04,334,12,4.25250244140625
PeMS04,335,1,0.068878173828125
PeMS04,335,6,-1.363037109375
PeMS04,335,12,2.106719970703125
PeMS04,336,1,-3.6846923828125
PeMS04,336,6,-2.61029052734375
PeMS04,336,12,-0.369842529296875
PeMS04,337,1,-2.58935546875
PeMS04,337,6,0.4302825927734375
PeMS04,337,12,1.309051513671875
PeMS04,338,1,-0.64227294921875
PeMS04,338,6,-1.53045654296875
PeMS04,338,12,2.4231414794921875
PeMS04,339,1,0.210540771484375
PeMS04,339,6,-2.934326171875
PeMS04,339,12,0.65924072265625
PeMS04,340,1,-3.14569091796875
PeMS04,340,6,-1.07080078125
PeMS04,340,12,-8.0211181640625
PeMS04,341,1,-3.5605621337890625
PeMS04,341,6,-1.07965087890625
PeMS04,341,12,-1.602569580078125
PeMS04,342,1,0.0061187744140625
PeMS04,342,6,-0.947265625
PeMS04,342,12,-1.6110992431640625
PeMS04,343,1,-0.2196807861328125
PeMS04,343,6,0.5284423828125
PeMS04,343,12,0.2513427734375
PeMS04,344,1,-1.4527587890625
PeMS04,344,6,-1.046142578125
PeMS04,344,12,0.550994873046875
PeMS04,345,1,-0.77105712890625
PeMS04,345,6,-1.2865142822265625
PeMS04,345,12,-1.7938232421875
PeMS04,346,1,0.195465087890625
PeMS04,346,6,-6.8050537109375
PeMS04,346,12,-3.1953125
PeMS04,347,1,-3.0615921020507812
PeMS04,347,6,-3.62274169921875
PeMS04,347,12,-0.41623687744140625
PeMS04,348,1,0.6834716796875
PeMS04,348,6,-1.053558349609375
PeMS04,348,12,1.468719482421875
PeMS04,349,1,-1.1709747314453125
PeMS04,349,6,-0.162200927734375
PeMS04,349,12,-2.3350906372070312
PeMS04,350,1,-2.902862548828125
PeMS04,350,6,1.8484649658203125
PeMS04,350,12,2.4840621948242188
PeMS04,351,1,-6.083984375
PeMS04,351,6,0.40460205078125
PeMS04,351,12,2.58551025390625
PeMS04,352,1,2.7093505859375
PeMS04,352,6,0.299346923828125
PeMS04,352,12,5.1772918701171875
PeMS04,353,1,-0.66339111328125
PeMS04,353,6,1.9405670166015625
PeMS04,353,12,2.943206787109375
PeMS04,354,1,0.808349609375
PeMS04,354,6,1.85638427734375
PeMS04,354,12,6.921295166015625
PeMS04,355,1,1.9532470703125
PeMS04,355,6,-1.0852203369140625
PeMS04,355,12,6.594024658203125
PeMS04,356,1,-3.5479736328125
PeMS04,356,6,3.2809906005859375
PeMS04,356,12,9.499771118164062
PeMS04,357,1,-2.9201736450195312
PeMS04,357,6,1.1423797607421875
PeMS04,357,12,9.599075317382812
PeMS04,358,1,-0.1605377197265625
PeMS04,358,6,5.3547210693359375
PeMS04,358,12,11.555549621582031
PeMS04,359,1,2.414337158203125
PeMS04,359,6,2.5639801025390625
PeMS04,359,12,8.916568756103516
PeMS04,360,1,-5.38238525390625
PeMS04,360,6,5.504188537597656
PeMS04,360,12,6.1581878662109375
PeMS04,361,1,-0.4976921081542969
PeMS04,361,6,6.144134521484375
PeMS04,361,12,7.944000244140625
PeMS04,362,1,-0.4690093994140625
PeMS04,362,6,4.8081512451171875
PeMS04,362,12,2.2564468383789062
PeMS04,363,1,1.0652618408203125
PeMS04,363,6,4.2107391357421875
PeMS04,363,12,4.9219970703125
PeMS04,364,1,0.9751052856445312
PeMS04,364,6,2.95355224609375
PeMS04,364,12,-0.3085479736328125
PeMS04,365,1,4.3729248046875
PeMS04,365,6,0.5822410583496094
PeMS04,365,12,-1.898681640625
PeMS04,366,1,0.71026611328125
PeMS04,366,6,-1.0741424560546875
PeMS04,366,12,2.6248779296875
PeMS04,367,1,0.510101318359375
PeMS04,367,6,-0.21460723876953125
PeMS04,367,12,-2.136993408203125
PeMS04,368,1,-1.573089599609375
PeMS04,368,6,-1.3590278625488281
PeMS04,368,12,-0.899322509765625
PeMS04,369,1,0.26770782470703125
PeMS04,369,6,-0.3515472412109375
PeMS04,369,12,1.487152099609375
PeMS04,370,1,-4.2550811767578125
PeMS04,370,6,-3.108997344970703
PeMS04,370,12,-6.32562255859375
PeMS04,371,1,-3.1705169677734375
PeMS04,371,6,-6.8038177490234375
PeMS04,371,12,3.893798828125
PeMS04,372,1,0.64111328125
PeMS04,372,6,-0.2965087890625
PeMS04,372,12,3.588958740234375
PeMS04,373,1,0.21302032470703125
PeMS04,373,6,-0.8637008666992188
PeMS04,373,12,3.330810546875
PeMS04,374,1,0.894561767578125
PeMS04,374,6,1.760955810546875
PeMS04,374,12,4.7016448974609375
PeMS04,375,1,-2.1718673706054688
PeMS04,375,6,-0.4210662841796875
PeMS04,375,12,4.3551788330078125
PeMS04,376,1,-2.9825286865234375
PeMS04,376,6,-1.7176055908203125
PeMS04,376,12,4.16790771484375
PeMS04,377,1,2.3979339599609375
PeMS04,377,6,4.063873291015625
PeMS04,377,12,8.86334228515625
PeMS04,378,1,-1.829833984375
PeMS04,378,6,3.762176513671875
PeMS04,378,12,5.485504150390625
PeMS04,379,1,2.25567626953125
PeMS04,379,6,4.74761962890625
PeMS04,379,12,4.38873291015625
PeMS04,380,1,0.0373687744140625
PeMS04,380,6,6.124847412109375
PeMS04,380,12,5.5682525634765625
PeMS04,381,1,-2.79107666015625
PeMS04,381,6,2.6359024047851562
PeMS04,381,12,6.082122802734375
PeMS04,382,1,4.001708984375
PeMS04,382,6,1.42584228515625
PeMS04,382,12,5.606941223144531
PeMS04,383,1,2.402313232421875
PeMS04,383,6,3.35418701171875
PeMS04,383,12,2.164306640625
PeMS04,384,1,-0.422607421875
PeMS04,384,6,2.36260986328125
PeMS04,384,12,8.70947265625
PeMS04,385,1,3.6441650390625
PeMS04,385,6,-0.5967864990234375
PeMS04,385,12,2.95111083984375
PeMS04,386,1,0.764495849609375
PeMS04,386,6,0.08721923828125
PeMS04,386,12,3.75732421875
PeMS04,387,1,-3.63568115234375
PeMS04,387,6,0.41982269287109375
PeMS04,387,12,3.8765869140625
PeMS04,388,1,2.5965118408203125
PeMS04,388,6,1.0472564697265625
PeMS04,388,12,4.541748046875
PeMS04,389,1,0.6980133056640625
PeMS04,389,6,0.709381103515625
PeMS04,389,12,4.5814361572265625
PeMS04,390,1,-1.285186767578125
PeMS04,390,6,5.646026611328125
PeMS04,390,12,5.9627685546875
PeMS04,391,1,2.0631103515625
PeMS04,391,6,-0.97265625
PeMS04,391,12,3.7978515625
PeMS04,392,1,-0.60919189453125
PeMS04,392,6,2.42041015625
PeMS04,392,12,6.6954345703125
PeMS04,393,1,0.59765625
PeMS04,393,6,0.82183837890625
PeMS04,393,12,6.670501708984375
PeMS04,394,1,1.0584869384765625
PeMS04,394,6,3.0711669921875
PeMS04,394,12,7.297393798828125
PeMS04,395,1,5.97772216796875
PeMS04,395,6,-0.400665283203125
PeMS04,395,12,4.1207275390625
PeMS04,396,1,-3.3474884033203125
PeMS04,396,6,3.53167724609375
PeMS04,396,12,4.71087646484375
PeMS04,397,1,1.25482177734375
PeMS04,397,6,1.339202880859375
PeMS04,397,12,6.162078857421875
PeMS04,398,1,-0.653167724609375
PeMS04,398,6,-1.35040283203125
PeMS04,398,12,3.86712646484375
PeMS04,399,1,0.9140472412109375
PeMS04,399,6,0.833648681640625
PeMS04,399,12,1.626861572265625
PeMS04,400,1,-0.3841705322265625
PeMS04,400,6,0.22149658203125
PeMS04,400,12,0.3729248046875
PeMS04,401,1,1.4256820678710938
PeMS04,401,6,0.3768310546875
PeMS04,401,12,1.3765029907226562
PeMS04,402,1,0.3642120361328125
PeMS04,402,6,-0.1425933837890625
PeMS04,402,12,5.4445953369140625
PeMS04,403,1,-2.6450958251953125
PeMS04,403,6,-0.9715042114257812
PeMS04,403,12,1.347747802734375
PeMS04,404,1,-0.180908203125
PeMS04,404,6,1.785614013671875
PeMS04,404,12,2.66064453125
PeMS04,405,1,-0.7293548583984375
PeMS04,405,6,1.0510406494140625
PeMS04,405,12,0.7405853271484375
PeMS04,406,1,-1.295928955078125
PeMS04,406,6,-0.23248291015625
PeMS04,406,12,2.8087158203125
PeMS04,407,1,0.99700927734375
PeMS04,407,6,0.6054458618164062
PeMS04,407,12,5.448699951171875
PeMS04,408,1,0.792327880859375
PeMS04,408,6,3.3293914794921875
PeMS04,408,12,4.0507354736328125
PeMS04,409,1,-0.0577392578125
PeMS04,409,6,1.852294921875
PeMS04,409,12,3.4707183837890625
PeMS04,410,1,1.357269287109375
PeMS04,410,6,1.081817626953125
PeMS04,410,12,3.35833740234375
PeMS04,411,1,0.3738250732421875
PeMS04,411,6,0.24932861328125
PeMS04,411,12,2.6748504638671875
PeMS04,412,1,-0.10479736328125
PeMS04,412,6,-0.6605606079101562
PeMS04,412,12,1.7931747436523438
PeMS04,413,1,1.0343093872070312
PeMS04,413,6,1.9501266479492188
PeMS04,413,12,3.9682998657226562
PeMS04,414,1,1.08392333984375
PeMS04,414,6,0.6614990234375
PeMS04,414,12,2.6035079956054688
PeMS04,415,1,-0.3547515869140625
PeMS04,415,6,-0.1079254150390625
PeMS04,415,12,-0.17180252075195312
PeMS04,416,1,-1.2292633056640625
PeMS04,416,6,1.9188232421875
PeMS04,416,12,1.9350967407226562
PeMS04,417,1,-1.2347412109375
PeMS04,417,6,-0.673126220703125
PeMS04,417,12,1.756561279296875
PeMS04,418,1,1.6458282470703125
PeMS04,418,6,-0.518341064453125
PeMS04,418,12,1.54278564453125
PeMS04,419,1,0.3726806640625
PeMS04,419,6,1.7125701904296875
PeMS04,419,12,1.3825836181640625
PeMS04,420,1,-0.42694091796875
PeMS04,420,6,0.9184646606445312
PeMS04,420,12,-0.509063720703125
PeMS04,421,1,0.2460784912109375
PeMS04,421,6,-1.1103286743164062
PeMS04,421,12,-0.22894287109375
PeMS04,422,1,-2.10833740234375
PeMS04,422,6,-0.9871406555175781
PeMS04,422,12,-0.1214599609375
PeMS04,423,1,-2.0394363403320312
PeMS04,423,6,-0.5299072265625
PeMS04,423,12,1.9113922119140625
PeMS04,424,1,1.115386962890625
PeMS04,424,6,1.27081298828125
PeMS04,424,12,4.025550842285156
PeMS04,425,1,-0.5587081909179688
PeMS04,425,6,-0.0248870849609375
PeMS04,425,12,1.6336517333984375
PeMS04,426,1,-0.801025390625
PeMS04,426,6,-0.8088150024414062
PeMS04,426,12,2.3578948974609375
PeMS04,427,1,-0.2360076904296875
PeMS04,427,6,1.4998321533203125
PeMS04,427,12,4.5995025634765625
PeMS04,428,1,-0.15386962890625
PeMS04,428,6,1.9534454345703125
PeMS04,428,12,1.841949462890625
PeMS04,429,1,0.0012054443359375
PeMS04,429,6,1.910888671875
PeMS04,429,12,2.8702392578125
PeMS04,430,1,0.86572265625
PeMS04,430,6,2.569122314453125
PeMS04,430,12,4.453330993652344
PeMS04,431,1,-0.23908233642578125
PeMS04,431,6,2.31842041015625
PeMS04,431,12,1.88812255859375
PeMS04,432,1,1.5730438232421875
PeMS04,432,6,1.3620338439941406
PeMS04,432,12,2.711761474609375
PeMS04,433,1,0.916839599609375
PeMS04,433,6,2.30633544921875
PeMS04,433,12,3.48236083984375
PeMS04,434,1,-0.37104034423828125
PeMS04,434,6,0.6816635131835938
PeMS04,434,12,3.3226394653320312
PeMS04,435,1,0.63421630859375
PeMS04,435,6,0.942413330078125
PeMS04,435,12,3.942901611328125
PeMS04,436,1,0.892486572265625
PeMS04,436,6,1.5323562622070312
PeMS04,436,12,3.6636505126953125
PeMS04,437,1,0.0044097900390625
PeMS04,437,6,1.416229248046875
PeMS04,437,12,2.323528289794922
PeMS04,438,1,0.550048828125
PeMS04,438,6,2.041229248046875
PeMS04,438,12,3.4602813720703125
PeMS04,439,1,0.9332809448242188
PeMS04,439,6,1.33013916015625
PeMS04,439,12,2.79864501953125
PeMS04,440,1,0.13915252685546875
PeMS04,440,6,1.4196243286132812
PeMS04,440,12,3.5515289306640625
PeMS04,441,1,1.0390396118164062
PeMS04,441,6,1.5765953063964844
PeMS04,441,12,3.2800140380859375
PeMS04,442,1,1.4510421752929688
PeMS04,442,6,1.8879241943359375
PeMS04,442,12,2.2677764892578125
PeMS04,443,1,0.98724365234375
PeMS04,443,6,0.6148605346679688
PeMS04,443,12,2.1639022827148438
PeMS04,444,1,0.27301025390625
PeMS04,444,6,1.4924163818359375
PeMS04,444,12,2.2757110595703125
PeMS04,445,1,1.6651611328125
PeMS04,445,6,1.76593017578125
PeMS04,445,12,2.5017242431640625
PeMS04,446,1,2.1957664489746094
PeMS04,446,6,1.4910125732421875
PeMS04,446,12,2.6284332275390625
PeMS04,447,1,0.33770751953125
PeMS04,447,6,2.489013671875
PeMS04,447,12,3.9315948486328125
PeMS04,448,1,1.3251571655273438
PeMS04,448,6,2.4014434814453125
PeMS04,448,12,2.951629638671875
PeMS04,449,1,2.0951919555664062
PeMS04,449,6,1.7757186889648438
PeMS04,449,12,3.6646347045898438
PeMS04,450,1,0.9136428833007812
PeMS04,450,6,1.9473609924316406
PeMS04,450,12,2.9897613525390625
PeMS04,451,1,1.0024871826171875
PeMS04,451,6,1.357269287109375
PeMS04,451,12,2.8993453979492188
PeMS04,452,1,1.03790283203125
PeMS04,452,6,0.8656463623046875
PeMS04,452,12,2.3865966796875
PeMS04,453,1,1.6532135009765625
PeMS04,453,6,3.1409912109375
PeMS04,453,12,2.98809814453125
PeMS04,454,1,1.0120429992675781
PeMS04,454,6,1.68829345703125
PeMS04,454,12,1.8000869750976562
PeMS04,455,1,-0.4305381774902344
PeMS04,455,6,1.3956527709960938
PeMS04,455,12,2.8046875
PeMS04,456,1,-0.25762939453125
PeMS04,456,6,1.0437660217285156
PeMS04,456,12,1.3570938110351562
PeMS04,457,1,0.0564117431640625
PeMS04,457,6,1.5775909423828125
PeMS04,457,12,1.85614013671875
PeMS04,458,1,1.6624374389648438
PeMS04,458,6,1.1545867919921875
PeMS04,458,12,2.0120086669921875
PeMS04,459,1,0.6535263061523438
PeMS04,459,6,1.4340782165527344
PeMS04,459,12,1.372528076171875
PeMS04,460,1,0.463531494140625
PeMS04,460,6,0.8715171813964844
PeMS04,460,12,1.721771240234375
PeMS04,461,1,0.085662841796875
PeMS04,461,6,2.443634033203125
PeMS04,461,12,1.867523193359375
PeMS04,462,1,0.47826385498046875
PeMS04,462,6,0.192138671875
PeMS04,462,12,1.4407806396484375
PeMS04,463,1,-0.0731353759765625
PeMS04,463,6,0.47100830078125
PeMS04,463,12,1.3503570556640625
PeMS04,464,1,0.077789306640625
PeMS04,464,6,0.4097747802734375
PeMS04,464,12,0.9760284423828125
PeMS04,465,1,0.047607421875
PeMS04,465,6,0.3212738037109375
PeMS04,465,12,0.5776443481445312
PeMS04,466,1,0.806976318359375
PeMS04,466,6,0.30632781982421875
PeMS04,466,12,0.7418975830078125
PeMS04,467,1,0.435394287109375
PeMS04,467,6,0.73565673828125
PeMS04,467,12,0.4830169677734375
PeMS04,468,1,0.4346771240234375
PeMS04,468,6,0.94720458984375
PeMS04,468,12,1.21490478515625
PeMS04,469,1,-0.2583770751953125
PeMS04,469,6,1.3091888427734375
PeMS04,469,12,1.0581512451171875
PeMS04,470,1,-0.4919624328613281
PeMS04,470,6,0.6399383544921875
PeMS04,470,12,1.1980743408203125
PeMS04,471,1,0.5248641967773438
PeMS04,471,6,0.8086700439453125
PeMS04,471,12,2.2092819213867188
PeMS04,472,1,0.6045379638671875
PeMS04,472,6,0.5109710693359375
PeMS04,472,12,1.307159423828125
PeMS04,473,1,0.78314208984375
PeMS04,473,6,0.6702423095703125
PeMS04,473,12,1.5879364013671875
PeMS04,474,1,0.232330322265625
PeMS04,474,6,1.1655120849609375
PeMS04,474,12,1.9366455078125
PeMS04,475,1,-0.4052886962890625
PeMS04,475,6,1.1528549194335938
PeMS04,475,12,0.6200103759765625
PeMS04,476,1,-0.20388031005859375
PeMS04,476,6,0.571197509765625
PeMS04,476,12,1.706878662109375
PeMS04,477,1,-0.2385101318359375
PeMS04,477,6,2.111968994140625
PeMS04,477,12,1.36834716796875
PeMS04,478,1,0.2195892333984375
PeMS04,478,6,1.3821563720703125
PeMS04,478,12,1.79302978515625
PeMS04,479,1,0.6047515869140625
PeMS04,479,6,1.3390960693359375
PeMS04,479,12,1.6656341552734375
PeMS04,480,1,0.12772369384765625
PeMS04,480,6,1.90118408203125
PeMS04,480,12,2.1839599609375
PeMS04,481,1,-0.225433349609375
PeMS04,481,6,1.261962890625
PeMS04,481,12,1.910797119140625
PeMS04,482,1,1.2437973022460938
PeMS04,482,6,1.5647048950195312
PeMS04,482,12,2.51129150390625
PeMS04,483,1,0.37225341796875
PeMS04,483,6,1.2621307373046875
PeMS04,483,12,2.0785980224609375
PeMS04,484,1,0.449798583984375
PeMS04,484,6,0.9927215576171875
PeMS04,484,12,2.583099365234375
PeMS04,485,1,0.7318878173828125
PeMS04,485,6,1.0332489013671875
PeMS04,485,12,1.6222076416015625
PeMS04,486,1,-0.60198974609375
PeMS04,486,6,1.1547698974609375
PeMS04,486,12,1.7265777587890625
PeMS04,487,1,0.44510650634765625
PeMS04,487,6,0.9525909423828125
PeMS04,487,12,1.8698272705078125
PeMS04,488,1,0.526763916015625
PeMS04,488,6,1.4777908325195312
PeMS04,488,12,1.543060302734375
PeMS04,489,1,-0.216461181640625
PeMS04,489,6,1.2662811279296875
PeMS04,489,12,1.9761428833007812
PeMS04,490,1,-0.65472412109375
PeMS04,490,6,1.9161834716796875
PeMS04,490,12,2.0383644104003906
PeMS04,491,1,0.0268402099609375
PeMS04,491,6,1.340301513671875
PeMS04,491,12,1.2423858642578125
PeMS04,492,1,-0.373199462890625
PeMS04,492,6,1.96673583984375
PeMS04,492,12,1.7473602294921875
PeMS04,493,1,0.40052032470703125
PeMS04,493,6,1.6850051879882812
PeMS04,493,12,2.244140625
PeMS04,494,1,0.14617919921875
PeMS04,494,6,1.4006500244140625
PeMS04,494,12,1.2441558837890625
PeMS04,495,1,0.9213409423828125
PeMS04,495,6,1.3050003051757812
PeMS04,495,12,1.213714599609375
PeMS04,496,1,0.6080703735351562
PeMS04,496,6,1.4306106567382812
PeMS04,496,12,2.428924560546875
PeMS04,497,1,0.9394454956054688
PeMS04,497,6,1.1168365478515625
PeMS04,497,12,0.9284133911132812
PeMS04,498,1,0.11244964599609375
PeMS04,498,6,1.3537139892578125
PeMS04,498,12,1.2744522094726562
PeMS04,499,1,0.0589752197265625
PeMS04,499,6,0.8856964111328125
PeMS04,499,12,1.0009307861328125
PeMS04,500,1,-0.224273681640625
PeMS04,500,6,0.5058135986328125
PeMS04,500,12,1.3615570068359375
PeMS04,501,1,-0.1456451416015625
PeMS04,501,6,0.7397918701171875
PeMS04,501,12,1.589874267578125
PeMS04,502,1,-0.176971435546875
PeMS04,502,6,1.81439208984375
PeMS04,502,12,1.1182479858398438
PeMS04,503,1,0.12461090087890625
PeMS04,503,6,0.9195709228515625
PeMS04,503,12,1.0980377197265625
PeMS04,504,1,0.42255401611328125
PeMS04,504,6,1.15960693359375
PeMS04,504,12,1.6384963989257812
PeMS04,505,1,-0.143646240234375
PeMS04,505,6,1.2545013427734375
PeMS04,505,12,3.1043243408203125
PeMS04,506,1,0.06153106689453125
PeMS04,506,6,1.4326629638671875
PeMS04,506,12,2.8653411865234375
PeMS04,507,1,0.8143463134765625
PeMS04,507,6,0.830963134765625
PeMS04,507,12,2.212432861328125
PeMS04,508,1,-0.196868896484375
PeMS04,508,6,0.6369171142578125
PeMS04,508,12,2.1567726135253906
PeMS04,509,1,-0.10282135009765625
PeMS04,509,6,0.39426422119140625
PeMS04,509,12,2.08856201171875
PeMS04,510,1,0.2677764892578125
PeMS04,510,6,0.2935943603515625
PeMS04,510,12,1.08074951171875
PeMS04,511,1,1.0569610595703125
PeMS04,511,6,2.2966079711914062
PeMS04,511,12,1.697723388671875
PeMS04,512,1,0.7286376953125
PeMS04,512,6,1.1722030639648438
PeMS04,512,12,0.4943084716796875
PeMS04,513,1,0.0051116943359375
PeMS04,513,6,1.2416839599609375
PeMS04,513,12,0.3731536865234375
PeMS04,514,1,-0.7047500610351562
PeMS04,514,6,1.154815673828125
PeMS04,514,12,1.148956298828125
PeMS04,515,1,-1.0697097778320312
PeMS04,515,6,2.5753173828125
PeMS04,515,12,1.5717926025390625
PeMS04,516,1,1.1677169799804688
PeMS04,516,6,0.8881072998046875
PeMS04,516,12,3.34149169921875
PeMS04,517,1,1.0835647583007812
PeMS04,517,6,1.2694854736328125
PeMS04,517,12,0.336151123046875
PeMS04,518,1,0.6267318725585938
PeMS04,518,6,1.0923614501953125
PeMS04,518,12,0.3035430908203125
PeMS04,519,1,0.12493133544921875
PeMS04,519,6,1.0923614501953125
PeMS04,519,12,2.6423606872558594
PeMS04,520,1,1.6762313842773438
PeMS04,520,6,1.469818115234375
PeMS04,520,12,3.38494873046875
PeMS04,521,1,0.642578125
PeMS04,521,6,1.53997802734375
PeMS04,521,12,1.952911376953125
PeMS04,522,1,0.553924560546875
PeMS04,522,6,1.871612548828125
PeMS04,522,12,4.9287567138671875
PeMS04,523,1,0.97760009765625
PeMS04,523,6,0.4996795654296875
PeMS04,523,12,0.9423828125
PeMS04,524,1,0.49750518798828125
PeMS04,524,6,0.0202789306640625
PeMS04,524,12,1.255889892578125
PeMS04,525,1,0.6183395385742188
PeMS04,525,6,2.153533935546875
PeMS04,525,12,4.188568115234375
PeMS04,526,1,1.6045379638671875
PeMS04,526,6,2.526123046875
PeMS04,526,12,4.354667663574219
PeMS04,527,1,0.5739288330078125
PeMS04,527,6,1.861724853515625
PeMS04,527,12,4.911693572998047
PeMS04,528,1,0.389495849609375
PeMS04,528,6,3.3785171508789062
PeMS04,528,12,2.1166152954101562
PeMS04,529,1,0.1548004150390625
PeMS04,529,6,0.4814453125
PeMS04,529,12,2.995441436767578
PeMS04,530,1,1.3772506713867188
PeMS04,530,6,1.1986846923828125
PeMS04,530,12,0.823699951171875
PeMS04,531,1,2.2000274658203125
PeMS04,531,6,4.19744873046875
PeMS04,531,12,4.477874755859375
PeMS04,532,1,-0.06996917724609375
PeMS04,532,6,2.498870849609375
PeMS04,532,12,0.892120361328125
PeMS04,533,1,1.3855438232421875
PeMS04,533,6,2.5060272216796875
PeMS04,533,12,3.9811553955078125
PeMS04,534,1,-0.35495758056640625
PeMS04,534,6,2.7429580688476562
PeMS04,534,12,5.30426025390625
PeMS04,535,1,-0.530059814453125
PeMS04,535,6,0.4008331298828125
PeMS04,535,12,7.15325927734375
PeMS04,536,1,2.005828857421875
PeMS04,536,6,-0.87200927734375
PeMS04,536,12,2.7956161499023438
PeMS04,537,1,0.23858642578125
PeMS04,537,6,-1.8487396240234375
PeMS04,537,12,4.591011047363281
PeMS04,538,1,1.5329666137695312
PeMS04,538,6,-0.62200927734375
PeMS04,538,12,3.8622665405273438
PeMS04,539,1,0.882293701171875
PeMS04,539,6,1.0390625
PeMS04,539,12,3.678680419921875
PeMS04,540,1,-0.14962005615234375
PeMS04,540,6,-0.0933380126953125
PeMS04,540,12,1.4918212890625
PeMS04,541,1,-1.1390380859375
PeMS04,541,6,1.6439971923828125
PeMS04,541,12,3.07305908203125
PeMS04,542,1,-1.109619140625
PeMS04,542,6,3.762481689453125
PeMS04,542,12,5.2904815673828125
PeMS04,543,1,0.2703857421875
PeMS04,543,6,6.872161865234375
PeMS04,543,12,1.6605606079101562
PeMS04,544,1,1.08624267578125
PeMS04,544,6,3.4633331298828125
PeMS04,544,12,2.5223312377929688
PeMS04,545,1,0.804962158203125
PeMS04,545,6,4.9991607666015625
PeMS04,545,12,1.686676025390625
PeMS04,546,1,1.85235595703125
PeMS04,546,6,2.268524169921875
PeMS04,546,12,-0.0073699951171875
PeMS04,547,1,1.635528564453125
PeMS04,547,6,2.6039657592773438
PeMS04,547,12,-1.051300048828125
PeMS04,548,1,3.2034454345703125
PeMS04,548,6,1.5729827880859375
PeMS04,548,12,-2.6753616333007812
PeMS04,549,1,0.537353515625
PeMS04,549,6,-1.4384231567382812
PeMS04,549,12,-1.0908050537109375
PeMS04,550,1,1.167022705078125
PeMS04,550,6,-0.782470703125
PeMS04,550,12,-1.93975830078125
PeMS04,551,1,2.5287017822265625
PeMS04,551,6,-0.131011962890625
PeMS04,551,12,-2.1348876953125
PeMS04,552,1,0.97979736328125
PeMS04,552,6,-1.4012451171875
PeMS04,552,12,-3.3546142578125
PeMS04,553,1,-1.084991455078125
PeMS04,553,6,-1.784820556640625
PeMS04,553,12,-1.4542999267578125
PeMS04,554,1,-2.0794219970703125
PeMS04,554,6,-3.4287261962890625
PeMS04,554,12,-2.7950439453125
PeMS04,555,1,-0.8475875854492188
PeMS04,555,6,-1.759918212890625
PeMS04,555,12,-5.7743682861328125
PeMS04,556,1,-0.9602508544921875
PeMS04,556,6,-2.457275390625
PeMS04,556,12,0.3690643310546875
PeMS04,557,1,-2.0255126953125
PeMS04,557,6,-3.60272216796875
PeMS04,557,12,-2.02978515625
PeMS04,558,1,-0.965179443359375
PeMS04,558,6,-1.95050048828125
PeMS04,558,12,-2.3409423828125
PeMS04,559,1,-5.8156890869140625
PeMS04,559,6,-1.63519287109375
PeMS04,559,12,-1.79437255859375
PeMS04,560,1,-0.233154296875
PeMS04,560,6,-0.545166015625
PeMS04,560,12,2.117950439453125
PeMS04,561,1,-0.186248779296875
PeMS04,561,6,-2.28167724609375
PeMS04,561,12,-0.4166412353515625
PeMS04,562,1,0.6425933837890625
PeMS04,562,6,2.699066162109375
PeMS04,562,12,-2.9665985107421875
PeMS04,563,1,1.0752182006835938
PeMS04,563,6,-0.2720794677734375
PeMS04,563,12,0.70556640625
PeMS04,564,1,1.0071563720703125
PeMS04,564,6,0.28458404541015625
PeMS04,564,12,-1.728607177734375
PeMS04,565,1,-1.0321044921875
PeMS04,565,6,0.18304443359375
PeMS04,565,12,-2.3032760620117188
PeMS04,566,1,-1.8439178466796875
PeMS04,566,6,2.45672607421875
PeMS04,566,12,-3.8371124267578125
PeMS04,567,1,1.1513519287109375
PeMS04,567,6,-0.027069091796875
PeMS04,567,12,0.15240478515625
PeMS04,568,1,-0.4153594970703125
PeMS04,568,6,-3.04632568359375
PeMS04,568,12,1.40069580078125
PeMS04,569,1,-0.67279052734375
PeMS04,569,6,0.5991058349609375
PeMS04,569,12,-1.2279052734375
PeMS04,570,1,-0.3903656005859375
PeMS04,570,6,-2.24542236328125
PeMS04,570,12,1.54315185546875
PeMS04,571,1,2.4727020263671875
PeMS04,571,6,-1.652984619140625
PeMS04,571,12,0.882415771484375
PeMS04,572,1,0.1030120849609375
PeMS04,572,6,-3.22930908203125
PeMS04,572,12,1.1473388671875
PeMS04,573,1,-2.790863037109375
PeMS04,573,6,-3.0164794921875
PeMS04,573,12,1.30615234375
PeMS04,574,1,-0.0620880126953125
PeMS04,574,6,2.0670166015625
PeMS04,574,12,1.73858642578125
PeMS04,575,1,-1.3803558349609375
PeMS04,575,6,-2.846221923828125
PeMS04,575,12,-0.689117431640625
PeMS04,576,1,-0.11496734619140625
PeMS04,576,6,1.05633544921875
PeMS04,576,12,2.7043914794921875
PeMS04,577,1,-0.9837646484375
PeMS04,577,6,1.84747314453125
PeMS04,577,12,1.133636474609375
PeMS04,578,1,-1.3600616455078125
PeMS04,578,6,0.4505615234375
PeMS04,578,12,1.0948944091796875
PeMS04,579,1,1.6757354736328125
PeMS04,579,6,0.6583251953125
PeMS04,579,12,2.71136474609375
PeMS04,580,1,-2.0859527587890625
PeMS04,580,6,1.01708984375
PeMS04,580,12,0.069976806640625
PeMS04,581,1,-0.223297119140625
PeMS04,581,6,-0.67034912109375
PeMS04,581,12,-1.023345947265625
PeMS04,582,1,2.2424163818359375
PeMS04,582,6,0.3131103515625
PeMS04,582,12,-1.9359130859375
PeMS04,583,1,0.8917312622070312
PeMS04,583,6,-6.103515625e-05
PeMS04,583,12,-2.47674560546875
PeMS04,584,1,-1.205108642578125
PeMS04,584,6,-0.8753662109375
PeMS04,584,12,-1.821563720703125
PeMS04,585,1,0.535064697265625
PeMS04,585,6,0.069091796875
PeMS04,585,12,0.8751678466796875
PeMS04,586,1,-2.98541259765625
PeMS04,586,6,-3.82098388671875
PeMS04,586,12,-2.197906494140625
PeMS04,587,1,-0.92095947265625
PeMS04,587,6,-1.540557861328125
PeMS04,587,12,-0.59674072265625
PeMS04,588,1,0.2745361328125
PeMS04,588,6,-1.2678985595703125
PeMS04,588,12,-0.653961181640625
PeMS04,589,1,0.1636199951171875
PeMS04,589,6,-2.855682373046875
PeMS04,589,12,0.0396728515625
PeMS04,590,1,-0.6031341552734375
PeMS04,590,6,-1.7899932861328125
PeMS04,590,12,-0.541473388671875
PeMS04,591,1,-2.971954345703125
PeMS04,591,6,-2.899200439453125
PeMS04,591,12,1.23974609375
PeMS04,592,1,-0.441436767578125
PeMS04,592,6,-2.140350341796875
PeMS04,592,12,1.895477294921875
PeMS04,593,1,-1.53997802734375
PeMS04,593,6,-0.8721923828125
PeMS04,593,12,0.701171875
PeMS04,594,1,-2.5417633056640625
PeMS04,594,6,-1.380889892578125
PeMS04,594,12,-0.7202949523925781
PeMS04,595,1,-0.89312744140625
PeMS04,595,6,-0.931884765625
PeMS04,595,12,-1.5392303466796875
PeMS04,596,1,-1.5791168212890625
PeMS04,596,6,-2.533538818359375
PeMS04,596,12,-0.193603515625
PeMS04,597,1,-4.5299835205078125
PeMS04,597,6,-0.41973876953125
PeMS04,597,12,-0.505859375
PeMS04,598,1,-3.0125274658203125
PeMS04,598,6,-1.159942626953125
PeMS04,598,12,0.771026611328125
PeMS04,599,1,-1.71014404296875
PeMS04,599,6,-0.1927642822265625
PeMS04,599,12,0.7122116088867188
PeMS04,600,1,-0.2122650146484375
PeMS04,600,6,-0.0497589111328125
PeMS04,600,12,1.07489013671875
PeMS04,601,1,-1.440887451171875
PeMS04,601,6,-2.440521240234375
PeMS04,601,12,1.578521728515625
PeMS04,602,1,0.8819427490234375
PeMS04,602,6,1.22406005859375
PeMS04,602,12,2.0553817749023438
PeMS04,603,1,0.795654296875
PeMS04,603,6,-0.56689453125
PeMS04,603,12,2.5737457275390625
PeMS04,604,1,-0.3217926025390625
PeMS04,604,6,0.409637451171875
PeMS04,604,12,-1.83538818359375
PeMS04,605,1,1.0443191528320312
PeMS04,605,6,0.90655517578125
PeMS04,605,12,-0.424468994140625
PeMS04,606,1,-1.765167236328125
PeMS04,606,6,0.1173095703125
PeMS04,606,12,3.70806884765625
PeMS04,607,1,0.739471435546875
PeMS04,607,6,1.79473876953125
PeMS04,607,12,2.01336669921875
PeMS04,608,1,0.299163818359375
PeMS04,608,6,-0.450439453125
PeMS04,608,12,1.8768157958984375
PeMS04,609,1,1.4829864501953125
PeMS04,609,6,2.1804656982421875
PeMS04,609,12,1.21588134765625
PeMS04,610,1,-0.138916015625
PeMS04,610,6,-0.7146453857421875
PeMS04,610,12,2.14337158203125
PeMS04,611,1,-1.2032318115234375
PeMS04,611,6,-2.5225830078125
PeMS04,611,12,0.58740234375
PeMS04,612,1,0.3062744140625
PeMS04,612,6,-0.3325653076171875
PeMS04,612,12,2.2638092041015625
PeMS04,613,1,-2.513519287109375
PeMS04,613,6,-0.24468994140625
PeMS04,613,12,0.9734954833984375
PeMS04,614,1,1.40875244140625
PeMS04,614,6,-1.228118896484375
PeMS04,614,12,3.476703643798828
PeMS04,615,1,-1.489776611328125
PeMS04,615,6,-1.2516937255859375
PeMS04,615,12,1.0725326538085938
PeMS04,616,1,-3.4063262939453125
PeMS04,616,6,-0.168975830078125
PeMS04,616,12,0.124847412109375
PeMS04,617,1,0.5555267333984375
PeMS04,617,6,0.5651397705078125
PeMS04,617,12,3.020465850830078
PeMS04,618,1,0.5174407958984375
PeMS04,618,6,1.7316818237304688
PeMS04,618,12,-1.7968978881835938
PeMS04,619,1,-0.7870635986328125
PeMS04,619,6,-0.2360382080078125
PeMS04,619,12,3.632080078125
PeMS04,620,1,-0.144378662109375
PeMS04,620,6,1.794586181640625
PeMS04,620,12,0.40289306640625
PeMS04,621,1,0.2613983154296875
PeMS04,621,6,0.00778961181640625
PeMS04,621,12,2.78192138671875
PeMS04,622,1,0.39276123046875
PeMS04,622,6,-0.9964752197265625
PeMS04,622,12,2.161285400390625
PeMS04,623,1,1.8490753173828125
PeMS04,623,6,0.24510955810546875
PeMS04,623,12,1.755401611328125
PeMS04,624,1,-0.92169189453125
PeMS04,624,6,-0.8281707763671875
PeMS04,624,12,-0.142913818359375
PeMS04,625,1,2.1413497924804688
PeMS04,625,6,0.6524429321289062
PeMS04,625,12,-2.1026153564453125
PeMS04,626,1,-1.54400634765625
PeMS04,626,6,-2.034454345703125
PeMS04,626,12,-0.3340911865234375
PeMS04,627,1,-1.6965255737304688
PeMS04,627,6,0.1562652587890625
PeMS04,627,12,0.9908447265625
PeMS04,628,1,0.6199188232421875
PeMS04,628,6,-1.000274658203125
PeMS04,628,12,-0.106842041015625
PeMS04,629,1,-0.7462387084960938
PeMS04,629,6,0.676513671875
PeMS04,629,12,0.9012908935546875
PeMS04,630,1,1.03009033203125
PeMS04,630,6,0.5806427001953125
PeMS04,630,12,-4.5164337158203125
PeMS04,631,1,1.037750244140625
PeMS04,631,6,-0.093719482421875
PeMS04,631,12,0.884918212890625
PeMS04,632,1,2.0468597412109375
PeMS04,632,6,-0.962158203125
PeMS04,632,12,-3.8911285400390625
PeMS04,633,1,0.02386474609375
PeMS04,633,6,-1.193511962890625
PeMS04,633,12,-1.93487548828125
PeMS04,634,1,0.535125732421875
PeMS04,634,6,-2.184234619140625
PeMS04,634,12,-0.98907470703125
PeMS04,635,1,-0.027557373046875
PeMS04,635,6,-2.32659912109375
PeMS04,635,12,-4.05877685546875
PeMS04,636,1,-0.6058349609375
PeMS04,636,6,-7.76446533203125
PeMS04,636,12,-10.75750732421875
PeMS04,637,1,-2.535888671875
PeMS04,637,6,-1.86651611328125
PeMS04,637,12,-10.100006103515625
PeMS04,638,1,-2.7197723388671875
PeMS04,638,6,-5.561798095703125
PeMS04,638,12,-5.7542572021484375
PeMS04,639,1,-2.3236083984375
PeMS04,639,6,-2.1651611328125
PeMS04,639,12,-5.36566162109375
PeMS04,640,1,0.30322265625
PeMS04,640,6,-2.367156982421875
PeMS04,640,12,-0.8360595703125
PeMS04,641,1,-2.873291015625
PeMS04,641,6,2.060455322265625
PeMS04,641,12,-1.0526580810546875
PeMS04,642,1,0.570892333984375
PeMS04,642,6,-4.1309967041015625
PeMS04,642,12,0.3311767578125
PeMS04,643,1,-2.207275390625
PeMS04,643,6,-2.49151611328125
PeMS04,643,12,-3.3900604248046875
PeMS04,644,1,0.6837005615234375
PeMS04,644,6,1.58062744140625
PeMS04,644,12,1.367431640625
PeMS04,645,1,0.3814697265625
PeMS04,645,6,-1.7277984619140625
PeMS04,645,12,0.67108154296875
PeMS04,646,1,6.1049041748046875
PeMS04,646,6,0.54730224609375
PeMS04,646,12,-1.220428466796875
PeMS04,647,1,-4.95660400390625
PeMS04,647,6,-2.528106689453125
PeMS04,647,12,-3.11090087890625
PeMS04,648,1,-3.9906158447265625
PeMS04,648,6,1.521392822265625
PeMS04,648,12,1.1849365234375
PeMS04,649,1,2.3973236083984375
PeMS04,649,6,-3.014923095703125
PeMS04,649,12,0.706756591796875
PeMS04,650,1,-2.54986572265625
PeMS04,650,6,0.81268310546875
PeMS04,650,12,0.6795654296875
PeMS04,651,1,2.4080810546875
PeMS04,651,6,-0.87103271484375
PeMS04,651,12,0.136688232421875
PeMS04,652,1,0.589263916015625
PeMS04,652,6,-1.89898681640625
PeMS04,652,12,2.50128173828125
PeMS04,653,1,-0.9216461181640625
PeMS04,653,6,-1.890777587890625
PeMS04,653,12,-2.85333251953125
PeMS04,654,1,-3.35345458984375
PeMS04,654,6,-0.3994293212890625
PeMS04,654,12,1.78814697265625
PeMS04,655,1,1.141571044921875
PeMS04,655,6,-0.5206298828125
PeMS04,655,12,8.68221664428711
PeMS04,656,1,-2.5035400390625
PeMS04,656,6,0.0601806640625
PeMS04,656,12,1.1186676025390625
PeMS04,657,1,-1.5417327880859375
PeMS04,657,6,-1.08258056640625
PeMS04,657,12,1.7480010986328125
PeMS04,658,1,-0.20782470703125
PeMS04,658,6,0.29058837890625
PeMS04,658,12,4.961906433105469
PeMS04,659,1,0.6540374755859375
PeMS04,659,6,0.27264404296875
PeMS04,659,12,3.320159912109375
PeMS04,660,1,0.37933349609375
PeMS04,660,6,1.22137451171875
PeMS04,660,12,6.297660827636719
PeMS04,661,1,0.04095458984375
PeMS04,661,6,6.431255340576172
PeMS04,661,12,3.7770767211914062
PeMS04,662,1,0.4229278564453125
PeMS04,662,6,1.9888916015625
PeMS04,662,12,3.5496444702148438
PeMS04,663,1,0.00250244140625
PeMS04,663,6,-0.629150390625
PeMS04,663,12,5.1367034912109375
PeMS04,664,1,0.497161865234375
PeMS04,664,6,5.5072784423828125
PeMS04,664,12,6.379386901855469
PeMS04,665,1,-0.1893310546875
PeMS04,665,6,-1.21044921875
PeMS04,665,12,5.143585205078125
PeMS04,666,1,4.695503234863281
PeMS04,666,6,4.673759460449219
PeMS04,666,12,1.7440452575683594
PeMS04,667,1,-1.3115730285644531
PeMS04,667,6,0.58148193359375
PeMS04,667,12,1.3482666015625
PeMS04,668,1,-2.32391357421875
PeMS04,668,6,1.0812835693359375
PeMS04,668,12,1.0139694213867188
PeMS04,669,1,2.4636383056640625
PeMS04,669,6,5.181526184082031
PeMS04,669,12,5.500030517578125
PeMS04,670,1,-0.3057708740234375
PeMS04,670,6,0.44033050537109375
PeMS04,670,12,-0.48575592041015625
PeMS04,671,1,6.542236328125
PeMS04,671,6,2.8772201538085938
PeMS04,671,12,4.242012023925781
PeMS04,672,1,1.6497955322265625
PeMS04,672,6,1.7240829467773438
PeMS04,672,12,2.30126953125
PeMS04,673,1,-0.117431640625
PeMS04,673,6,-3.2770614624023438
PeMS04,673,12,2.4528961181640625
PeMS04,674,1,3.349456787109375
PeMS04,674,6,-3.0312576293945312
PeMS04,674,12,-4.634895324707031
PeMS04,675,1,-0.1410369873046875
PeMS04,675,6,0.1911163330078125
PeMS04,675,12,0.3875732421875
PeMS04,676,1,-0.1942901611328125
PeMS04,676,6,-2.9363861083984375
PeMS04,676,12,2.3827133178710938
PeMS04,677,1,0.9846038818359375
PeMS04,677,6,-0.5103225708007812
PeMS04,677,12,1.8498573303222656
PeMS04,678,1,-3.5214996337890625
PeMS04,678,6,-3.02001953125
PeMS04,678,12,0.5063514709472656
PeMS04,679,1,-1.4950790405273438
PeMS04,679,6,3.7359619140625
PeMS04,679,12,2.031139373779297
PeMS04,680,1,2.9736404418945312
PeMS04,680,6,-4.00537109375
PeMS04,680,12,1.5518646240234375
PeMS04,681,1,-0.198699951171875
PeMS04,681,6,-0.5637359619140625
PeMS04,681,12,1.8465805053710938
PeMS04,682,1,3.8264427185058594
PeMS04,682,6,1.1600799560546875
PeMS04,682,12,3.1383514404296875
PeMS04,683,1,-2.3268280029296875
PeMS04,683,6,2.1324462890625
PeMS04,683,12,-0.6898727416992188
PeMS04,684,1,3.1553001403808594
PeMS04,684,6,-1.4511566162109375
PeMS04,684,12,-1.3588027954101562
PeMS04,685,1,-4.7577972412109375
PeMS04,685,6,0.4741973876953125
PeMS04,685,12,-2.3940353393554688
PeMS04,686,1,0.595184326171875
PeMS04,686,6,-0.609527587890625
PeMS04,686,12,-2.8155136108398438
PeMS04,687,1,0.4731597900390625
PeMS04,687,6,-0.6035690307617188
PeMS04,687,12,-2.5296897888183594
PeMS04,688,1,3.664154052734375
PeMS04,688,6,-0.2771453857421875
PeMS04,688,12,-2.20623779296875
PeMS04,689,1,-2.3939285278320312
PeMS04,689,6,-0.8818206787109375
PeMS04,689,12,-3.6751937866210938
PeMS04,690,1,2.240692138671875
PeMS04,690,6,-3.0454063415527344
PeMS04,690,12,-1.8770523071289062
PeMS04,691,1,1.2955245971679688
PeMS04,691,6,-1.9940948486328125
PeMS04,691,12,-0.6867904663085938
PeMS04,692,1,-1.0456809997558594
PeMS04,692,6,-3.1019363403320312
PeMS04,692,12,-0.16836166381835938
PeMS04,693,1,-0.5541763305664062
PeMS04,693,6,-1.0086212158203125
PeMS04,693,12,0.6735687255859375
PeMS04,694,1,0.348358154296875
PeMS04,694,6,-0.9523735046386719
PeMS04,694,12,2.56103515625
PeMS04,695,1,-2.8834991455078125
PeMS04,695,6,-1.0771522521972656
PeMS04,695,12,3.0851058959960938
PeMS04,696,1,1.0379562377929688
PeMS04,696,6,0.18237686157226562
PeMS04,696,12,5.0119171142578125
PeMS04,697,1,-0.07288360595703125
PeMS04,697,6,-0.8569259643554688
PeMS04,697,12,6.99188232421875
PeMS04,698,1,0.1092681884765625
PeMS04,698,6,1.3004150390625
PeMS04,698,12,3.003032684326172
PeMS04,699,1,-0.00926971435546875
PeMS04,699,6,0.611175537109375
PeMS04,699,12,4.6933746337890625
PeMS04,700,1,1.0300140380859375
PeMS04,700,6,1.8157119750976562
PeMS04,700,12,4.142204284667969
PeMS04,701,1,-2.0549774169921875
PeMS04,701,6,1.2669754028320312
PeMS04,701,12,3.5437583923339844
PeMS04,702,1,-0.9976577758789062
PeMS04,702,6,1.6265182495117188
PeMS04,702,12,4.2371368408203125
PeMS04,703,1,-0.511199951171875
PeMS04,703,6,3.497802734375
PeMS04,703,12,3.6635894775390625
PeMS04,704,1,0.21909332275390625
PeMS04,704,6,1.5931777954101562
PeMS04,704,12,3.282470703125
PeMS04,705,1,1.1228790283203125
PeMS04,705,6,3.6112060546875
PeMS04,705,12,2.330120086669922
PeMS04,706,1,1.4110221862792969
PeMS04,706,6,-0.274078369140625
PeMS04,706,12,3.33001708984375
PeMS04,707,1,0.42690277099609375
PeMS04,707,6,0.46892547607421875
PeMS04,707,12,2.29193115234375
PeMS04,708,1,0.7776565551757812
PeMS04,708,6,1.424041748046875
PeMS04,708,12,2.9793853759765625
PeMS04,709,1,-1.2994728088378906
PeMS04,709,6,0.517425537109375
PeMS04,709,12,0.18628311157226562
PeMS04,710,1,-1.0239639282226562
PeMS04,710,6,-0.369537353515625
PeMS04,710,12,0.8491363525390625
PeMS04,711,1,-2.3895950317382812
PeMS04,711,6,-1.3042449951171875
PeMS04,711,12,-0.16184616088867188
PeMS04,712,1,-1.066986083984375
PeMS04,712,6,1.4786224365234375
PeMS04,712,12,1.215423583984375
PeMS04,713,1,1.4674873352050781
PeMS04,713,6,-0.35272216796875
PeMS04,713,12,-1.80072021484375
PeMS04,714,1,-0.16291046142578125
PeMS04,714,6,2.588897705078125
PeMS04,714,12,-0.1630401611328125
PeMS04,715,1,-0.6312713623046875
PeMS04,715,6,0.5615653991699219
PeMS04,715,12,-0.95904541015625
PeMS04,716,1,-0.9431076049804688
PeMS04,716,6,0.6161308288574219
PeMS04,716,12,1.0082244873046875
PeMS04,717,1,1.77716064453125
PeMS04,717,6,-0.9368019104003906
PeMS04,717,12,-0.06912994384765625
PeMS04,718,1,-0.143798828125
PeMS04,718,6,0.6856689453125
PeMS04,718,12,-0.3065147399902344
PeMS04,719,1,1.0180511474609375
PeMS04,719,6,0.2763214111328125
PeMS04,719,12,-0.17901992797851562
PeMS04,720,1,-2.5060577392578125
PeMS04,720,6,-0.7483062744140625
PeMS04,720,12,-1.0143661499023438
PeMS04,721,1,0.22137069702148438
PeMS04,721,6,-1.8459625244140625
PeMS04,721,12,-0.2492828369140625
PeMS04,722,1,-0.4536476135253906
PeMS04,722,6,0.942291259765625
PeMS04,722,12,-0.6453781127929688
PeMS04,723,1,0.8271484375
PeMS04,723,6,-0.5540618896484375
PeMS04,723,12,-1.0048828125
PeMS04,724,1,-0.7299041748046875
PeMS04,724,6,-0.8050460815429688
PeMS04,724,12,-1.545654296875
PeMS04,725,1,-0.363739013671875
PeMS04,725,6,-0.9293174743652344
PeMS04,725,12,-1.865936279296875
PeMS04,726,1,-2.6624755859375
PeMS04,726,6,-1.2499923706054688
PeMS04,726,12,-0.6393203735351562
PeMS04,727,1,0.520294189453125
PeMS04,727,6,-0.13570404052734375
PeMS04,727,12,0.60089111328125
PeMS04,728,1,-0.716278076171875
PeMS04,728,6,-0.6792144775390625
PeMS04,728,12,0.212188720703125
PeMS04,729,1,-1.9150352478027344
PeMS04,729,6,-1.189117431640625
PeMS04,729,12,-0.83746337890625
PeMS04,730,1,-0.9130859375
PeMS04,730,6,-0.212554931640625
PeMS04,730,12,-0.8437652587890625
PeMS04,731,1,-1.6070327758789062
PeMS04,731,6,-1.646270751953125
PeMS04,731,12,0.233856201171875
PeMS04,732,1,0.944305419921875
PeMS04,732,6,-0.00635528564453125
PeMS04,732,12,0.37689971923828125
PeMS04,733,1,-0.3292236328125
PeMS04,733,6,0.570953369140625
PeMS04,733,12,0.3656005859375
PeMS04,734,1,-0.3262481689453125
PeMS04,734,6,-0.166839599609375
PeMS04,734,12,1.5125579833984375
PeMS04,735,1,-0.522216796875
PeMS04,735,6,-1.2720413208007812
PeMS04,735,12,1.93505859375
PeMS04,736,1,-0.230621337890625
PeMS04,736,6,0.100341796875
PeMS04,736,12,2.0650787353515625
PeMS04,737,1,0.5460128784179688
PeMS04,737,6,0.1601715087890625
PeMS04,737,12,2.6299896240234375
PeMS04,738,1,-0.240264892578125
PeMS04,738,6,-0.0396728515625
PeMS04,738,12,2.1001739501953125
PeMS04,739,1,-0.2847900390625
PeMS04,739,6,-0.48128509521484375
PeMS04,739,12,0.6439056396484375
PeMS04,740,1,-1.5944595336914062
PeMS04,740,6,0.721710205078125
PeMS04,740,12,0.5525360107421875
PeMS04,741,1,-0.458740234375
PeMS04,741,6,1.25079345703125
PeMS04,741,12,0.249114990234375
PeMS04,742,1,0.444366455078125
PeMS04,742,6,1.74761962890625
PeMS04,742,12,2.1501541137695312
PeMS04,743,1,-0.581085205078125
PeMS04,743,6,2.092742919921875
PeMS04,743,12,2.3719329833984375
PeMS04,744,1,-0.290985107421875
PeMS04,744,6,0.8039093017578125
PeMS04,744,12,2.14727783203125
PeMS04,745,1,-0.2856292724609375
PeMS04,745,6,0.603973388671875
PeMS04,745,12,2.5882568359375
PeMS04,746,1,0.5732879638671875
PeMS04,746,6,0.84033203125
PeMS04,746,12,2.6592254638671875
PeMS04,747,1,1.478668212890625
PeMS04,747,6,-0.317901611328125
PeMS04,747,12,2.5072021484375
PeMS04,748,1,-0.0116119384765625
PeMS04,748,6,0.17947769165039062
PeMS04,748,12,1.33856201171875
PeMS04,749,1,-0.5195465087890625
PeMS04,749,6,0.913848876953125
PeMS04,749,12,2.6625823974609375
PeMS04,750,1,-1.2595901489257812
PeMS04,750,6,1.1573333740234375
PeMS04,750,12,2.1849899291992188
PeMS04,751,1,-1.3463897705078125
PeMS04,751,6,0.9522705078125
PeMS04,751,12,2.43634033203125
PeMS04,752,1,-1.2906646728515625
PeMS04,752,6,0.695709228515625
PeMS04,752,12,1.3216934204101562
PeMS04,753,1,-1.1723403930664062
PeMS04,753,6,1.446929931640625
PeMS04,753,12,1.42242431640625
PeMS04,754,1,-0.333587646484375
PeMS04,754,6,0.8667068481445312
PeMS04,754,12,1.3017120361328125
PeMS04,755,1,0.798431396484375
PeMS04,755,6,1.819366455078125
PeMS04,755,12,1.2114334106445312
PeMS04,756,1,-0.37108612060546875
PeMS04,756,6,0.919769287109375
PeMS04,756,12,0.5517120361328125
PeMS04,757,1,-0.8638916015625
PeMS04,757,6,1.528289794921875
PeMS04,757,12,1.2689437866210938
PeMS04,758,1,-0.54412841796875
PeMS04,758,6,0.7541275024414062
PeMS04,758,12,1.4628143310546875
PeMS04,759,1,0.15113067626953125
PeMS04,759,6,0.9525604248046875
PeMS04,759,12,2.4897613525390625
PeMS04,760,1,1.430328369140625
PeMS04,760,6,0.7137832641601562
PeMS04,760,12,1.8332366943359375
PeMS04,761,1,0.5375518798828125
PeMS04,761,6,0.5260543823242188
PeMS04,761,12,0.7501144409179688
PeMS04,762,1,-0.00115966796875
PeMS04,762,6,0.22833251953125
PeMS04,762,12,0.8600006103515625
PeMS04,763,1,-0.41185760498046875
PeMS04,763,6,0.97296142578125
PeMS04,763,12,1.63763427734375
PeMS04,764,1,-0.23543548583984375
PeMS04,764,6,0.91448974609375
PeMS04,764,12,2.025634765625
PeMS04,765,1,0.2551116943359375
PeMS04,765,6,1.8799057006835938
PeMS04,765,12,2.6261978149414062
PeMS04,766,1,-0.21753692626953125
PeMS04,766,6,1.5221939086914062
PeMS04,766,12,1.9752197265625
PeMS04,767,1,-0.5515518188476562
PeMS04,767,6,0.82977294921875
PeMS04,767,12,1.5788955688476562
PeMS04,768,1,-0.1771240234375
PeMS04,768,6,0.0787506103515625
PeMS04,768,12,0.7873382568359375
PeMS04,769,1,-0.41229248046875
PeMS04,769,6,1.271728515625
PeMS04,769,12,2.0118865966796875
PeMS04,770,1,0.380157470703125
PeMS04,770,6,1.6383514404296875
PeMS04,770,12,2.5022735595703125
PeMS04,771,1,-0.2682952880859375
PeMS04,771,6,2.0108489990234375
PeMS04,771,12,1.6885757446289062
PeMS04,772,1,-0.5324249267578125
PeMS04,772,6,1.1377410888671875
PeMS04,772,12,2.1154632568359375
PeMS04,773,1,-1.342742919921875
PeMS04,773,6,0.7907638549804688
PeMS04,773,12,1.8643951416015625
PeMS04,774,1,-0.22857666015625
PeMS04,774,6,0.38053131103515625
PeMS04,774,12,2.4226150512695312
PeMS04,775,1,0.1445465087890625
PeMS04,775,6,1.636871337890625
PeMS04,775,12,1.4059295654296875
PeMS04,776,1,0.46814727783203125
PeMS04,776,6,1.571044921875
PeMS04,776,12,1.0722885131835938
PeMS04,777,1,-0.454345703125
PeMS04,777,6,0.8489761352539062
PeMS04,777,12,2.3839378356933594
PeMS04,778,1,-0.7583236694335938
PeMS04,778,6,1.14910888671875
PeMS04,778,12,2.008544921875
PeMS04,779,1,-1.1157073974609375
PeMS04,779,6,1.3067169189453125
PeMS04,779,12,2.3381881713867188
PeMS04,780,1,-0.6155242919921875
PeMS04,780,6,1.1644744873046875
PeMS04,780,12,2.0861968994140625
PeMS04,781,1,0.1184539794921875
PeMS04,781,6,0.5821990966796875
PeMS04,781,12,2.208038330078125
PeMS04,782,1,-0.9618377685546875
PeMS04,782,6,0.6270599365234375
PeMS04,782,12,1.7146453857421875
PeMS04,783,1,-0.49444580078125
PeMS04,783,6,1.1497573852539062
PeMS04,783,12,1.4061660766601562
PeMS04,784,1,-0.278839111328125
PeMS04,784,6,0.97747802734375
PeMS04,784,12,2.2591552734375
PeMS04,785,1,-0.22179412841796875
PeMS04,785,6,1.44610595703125
PeMS04,785,12,2.6466293334960938
PeMS04,786,1,-0.7835693359375
PeMS04,786,6,1.3656158447265625
PeMS04,786,12,3.2547836303710938
PeMS04,787,1,-0.520172119140625
PeMS04,787,6,1.5279541015625
PeMS04,787,12,2.8272552490234375
PeMS04,788,1,-0.25417327880859375
PeMS04,788,6,1.0556564331054688
PeMS04,788,12,2.3420867919921875
PeMS04,789,1,-0.4594879150390625
PeMS04,789,6,1.3743057250976562
PeMS04,789,12,2.6466827392578125
PeMS04,790,1,0.3207855224609375
PeMS04,790,6,1.4528732299804688
PeMS04,790,12,1.737152099609375
PeMS04,791,1,0.1494140625
PeMS04,791,6,1.9368667602539062
PeMS04,791,12,2.8531494140625
PeMS04,792,1,0.48285675048828125
PeMS04,792,6,2.2933731079101562
PeMS04,792,12,2.1466903686523438
PeMS04,793,1,0.3083839416503906
PeMS04,793,6,1.79522705078125
PeMS04,793,12,2.6874237060546875
PeMS04,794,1,-0.43280029296875
PeMS04,794,6,1.7741851806640625
PeMS04,794,12,1.3205032348632812
PeMS04,795,1,-0.3844757080078125
PeMS04,795,6,0.785003662109375
PeMS04,795,12,2.3458328247070312
PeMS04,796,1,-0.24605560302734375
PeMS04,796,6,1.140472412109375
PeMS04,796,12,0.7599334716796875
PeMS04,797,1,0.323333740234375
PeMS04,797,6,1.290283203125
PeMS04,797,12,-0.7859725952148438
PeMS04,798,1,0.1095123291015625
PeMS04,798,6,0.5213088989257812
PeMS04,798,12,-0.2679595947265625
PeMS04,799,1,1.0952911376953125
PeMS04,799,6,1.607086181640625
PeMS04,799,12,2.4026641845703125
PeMS04,800,1,-0.3696441650390625
PeMS04,800,6,0.666748046875
PeMS04,800,12,0.6021881103515625
PeMS04,801,1,-0.3133392333984375
PeMS04,801,6,2.1094436645507812
PeMS04,801,12,1.6423110961914062
PeMS04,802,1,0.6104736328125
PeMS04,802,6,0.8936614990234375
PeMS04,802,12,1.8541488647460938
PeMS04,803,1,0.303558349609375
PeMS04,803,6,0.677276611328125
PeMS04,803,12,2.492431640625
PeMS04,804,1,0.666778564453125
PeMS04,804,6,2.2499847412109375
PeMS04,804,12,5.048683166503906
PeMS04,805,1,-0.5710296630859375
PeMS04,805,6,2.986480712890625
PeMS04,805,12,2.8195953369140625
PeMS04,806,1,1.2181625366210938
PeMS04,806,6,2.2801055908203125
PeMS04,806,12,4.508384704589844
PeMS04,807,1,-0.40113067626953125
PeMS04,807,6,1.1051712036132812
PeMS04,807,12,3.1054534912109375
PeMS04,808,1,0.02948760986328125
PeMS04,808,6,2.3041839599609375
PeMS04,808,12,4.180671691894531
PeMS04,809,1,0.211883544921875
PeMS04,809,6,1.5209503173828125
PeMS04,809,12,3.1414260864257812
PeMS04,810,1,1.7305450439453125
PeMS04,810,6,2.4458465576171875
PeMS04,810,12,4.155426025390625
PeMS04,811,1,1.5055389404296875
PeMS04,811,6,2.283966064453125
PeMS04,811,12,5.3352508544921875
PeMS04,812,1,0.8812255859375
PeMS04,812,6,2.8873634338378906
PeMS04,812,12,1.760772705078125
PeMS04,813,1,1.684478759765625
PeMS04,813,6,2.7156219482421875
PeMS04,813,12,3.7464218139648438
PeMS04,814,1,0.626190185546875
PeMS04,814,6,1.98785400390625
PeMS04,814,12,2.41839599609375
PeMS04,815,1,-0.5324630737304688
PeMS04,815,6,1.1466293334960938
PeMS04,815,12,2.700408935546875
PeMS04,816,1,1.0489501953125
PeMS04,816,6,0.9676666259765625
PeMS04,816,12,-2.7703399658203125
PeMS04,817,1,2.484466552734375
PeMS04,817,6,1.2537307739257812
PeMS04,817,12,-3.3058929443359375
PeMS04,818,1,-0.7976226806640625
PeMS04,818,6,1.556396484375
PeMS04,818,12,-5.297607421875
PeMS04,819,1,0.244720458984375
PeMS04,819,6,-0.58740234375
PeMS04,819,12,-3.7520751953125
PeMS04,820,1,0.17635345458984375
PeMS04,820,6,-0.060760498046875
PeMS04,820,12,-4.152610778808594
PeMS04,821,1,0.9898605346679688
PeMS04,821,6,0.5698318481445312
PeMS04,821,12,-9.43304443359375
PeMS04,822,1,0.68798828125
PeMS04,822,6,-5.3484954833984375
PeMS04,822,12,-5.193424224853516
PeMS04,823,1,0.432403564453125
PeMS04,823,6,-5.429008483886719
PeMS04,823,12,-6.516094207763672
PeMS04,824,1,-0.5789871215820312
PeMS04,824,6,-6.376708984375
PeMS04,824,12,-4.801410675048828
PeMS04,825,1,-0.6850128173828125
PeMS04,825,6,-7.034912109375
PeMS04,825,12,-4.091075897216797
PeMS04,826,1,0.03171539306640625
PeMS04,826,6,-6.743133544921875
PeMS04,826,12,-3.2179107666015625
PeMS04,827,1,-6.03045654296875
PeMS04,827,6,-9.7353515625
PeMS04,827,12,-1.5067901611328125
PeMS04,828,1,-3.0733489990234375
PeMS04,828,6,-2.0057296752929688
PeMS04,828,12,-1.87139892578125
PeMS04,829,1,-2.36724853515625
PeMS04,829,6,-0.4996986389160156
PeMS04,829,12,0.01308441162109375
PeMS04,830,1,-3.0661468505859375
PeMS04,830,6,1.4508476257324219
PeMS04,830,12,1.05096435546875
PeMS04,831,1,-0.15842437744140625
PeMS04,831,6,0.8985404968261719
PeMS04,831,12,0.5443878173828125
PeMS04,832,1,-2.25396728515625
PeMS04,832,6,1.1916961669921875
PeMS04,832,12,-0.9596328735351562
PeMS04,833,1,-2.2194595336914062
PeMS04,833,6,3.7828521728515625
PeMS04,833,12,-4.271270751953125
PeMS04,834,1,4.485786437988281
PeMS04,834,6,-0.6116485595703125
PeMS04,834,12,-2.228363037109375
PeMS04,835,1,1.0115509033203125
PeMS04,835,6,-0.089080810546875
PeMS04,835,12,-6.29730224609375
PeMS04,836,1,-0.49663543701171875
PeMS04,836,6,-3.5516433715820312
PeMS04,836,12,-6.4922943115234375
PeMS04,837,1,2.337188720703125
PeMS04,837,6,-4.154502868652344
PeMS04,837,12,-3.7292022705078125
PeMS04,838,1,2.329864501953125
PeMS04,838,6,-3.6443023681640625
PeMS04,838,12,-4.7711181640625
PeMS04,839,1,-2.1148605346679688
PeMS04,839,6,-8.406936645507812
PeMS04,839,12,-10.9788818359375
PeMS04,840,1,-2.2725067138671875
PeMS04,840,6,-10.870269775390625
PeMS04,840,12,-6.42950439453125
PeMS04,841,1,-4.266384124755859
PeMS04,841,6,-10.374786376953125
PeMS04,841,12,-8.017959594726562
PeMS04,842,1,-1.2466812133789062
PeMS04,842,6,-5.75982666015625
PeMS04,842,12,-8.581390380859375
PeMS04,843,1,0.16390228271484375
PeMS04,843,6,-1.4756011962890625
PeMS04,843,12,-7.081085205078125
PeMS04,844,1,-3.695526123046875
PeMS04,844,6,-1.2772674560546875
PeMS04,844,12,-6.980400085449219
PeMS04,845,1,-3.3681488037109375
PeMS04,845,6,-5.581794738769531
PeMS04,845,12,-6.892578125
PeMS04,846,1,-8.645904541015625
PeMS04,846,6,-3.7112808227539062
PeMS04,846,12,-1.3975067138671875
PeMS04,847,1,1.6343307495117188
PeMS04,847,6,-1.491668701171875
PeMS04,847,12,-1.79510498046875
PeMS04,848,1,1.6016998291015625
PeMS04,848,6,-5.1315765380859375
PeMS04,848,12,-2.9856948852539062
PeMS04,849,1,-0.94671630859375
PeMS04,849,6,-1.7473678588867188
PeMS04,849,12,7.1971893310546875
PeMS04,850,1,-2.9762725830078125
PeMS04,850,6,-6.3027801513671875
PeMS04,850,12,9.197975158691406
PeMS04,851,1,-2.9518814086914062
PeMS04,851,6,-7.628662109375
PeMS04,851,12,8.953903198242188
PeMS04,852,1,0.2830047607421875
PeMS04,852,6,-1.7017822265625
PeMS04,852,12,10.203369140625
PeMS04,853,1,-4.0720977783203125
PeMS04,853,6,-0.9891357421875
PeMS04,853,12,7.730796813964844
PeMS04,854,1,1.489990234375
PeMS04,854,6,-1.7225875854492188
PeMS04,854,12,7.089820861816406
PeMS04,855,1,-1.226043701171875
PeMS04,855,6,10.000129699707031
PeMS04,855,12,9.399063110351562
PeMS04,856,1,-3.83380126953125
PeMS04,856,6,13.580833435058594
PeMS04,856,12,8.698944091796875
PeMS04,857,1,-0.9866561889648438
PeMS04,857,6,11.490104675292969
PeMS04,857,12,9.381999969482422
PeMS04,858,1,1.1582565307617188
PeMS04,858,6,10.187301635742188
PeMS04,858,12,9.486530303955078
PeMS04,859,1,-1.350067138671875
PeMS04,859,6,7.422119140625
PeMS04,859,12,6.7823486328125
PeMS04,860,1,13.09814453125
PeMS04,860,6,3.07733154296875
PeMS04,860,12,8.907470703125
PeMS04,861,1,8.53985595703125
PeMS04,861,6,4.461414337158203
PeMS04,861,12,2.486297607421875
PeMS04,862,1,2.0504837036132812
PeMS04,862,6,1.3550186157226562
PeMS04,862,12,4.760162353515625
PeMS04,863,1,1.3119964599609375
PeMS04,863,6,1.7126731872558594
PeMS04,863,12,2.416259765625
PeMS04,864,1,-2.3094253540039062
PeMS04,864,6,-2.0379486083984375
PeMS04,864,12,-0.74224853515625
PeMS04,865,1,-0.7920150756835938
PeMS04,865,6,-0.2888641357421875
PeMS04,865,12,-1.7613525390625
PeMS04,866,1,2.9105606079101562
PeMS04,866,6,0.42523193359375
PeMS04,866,12,-2.0084228515625
PeMS04,867,1,0.11248779296875
PeMS04,867,6,-2.239837646484375
PeMS04,867,12,-1.2149200439453125
PeMS04,868,1,1.4224090576171875
PeMS04,868,6,0.8139801025390625
PeMS04,868,12,1.16876220703125
PeMS04,869,1,-1.1105766296386719
PeMS04,869,6,-0.1402587890625
PeMS04,869,12,0.586273193359375
PeMS04,870,1,1.10064697265625
PeMS04,870,6,0.8886795043945312
PeMS04,870,12,0.3337860107421875
PeMS04,871,1,1.1068878173828125
PeMS04,871,6,-1.4315032958984375
PeMS04,871,12,1.54644775390625
PeMS04,872,1,0.797149658203125
PeMS04,872,6,-2.8054351806640625
PeMS04,872,12,-2.23248291015625
PeMS04,873,1,1.8570556640625
PeMS04,873,6,0.2372894287109375
PeMS04,873,12,1.2841033935546875
PeMS04,874,1,1.1307373046875
PeMS04,874,6,0.19586181640625
PeMS04,874,12,-0.18017578125
PeMS04,875,1,0.903472900390625
PeMS04,875,6,-2.81878662109375
PeMS04,875,12,-1.73406982421875
PeMS04,876,1,-1.078125
PeMS04,876,6,-1.510345458984375
PeMS04,876,12,-4.0738067626953125
PeMS04,877,1,-1.2864990234375
PeMS04,877,6,-0.05950927734375
PeMS04,877,12,-0.3642425537109375
PeMS04,878,1,0.276519775390625
PeMS04,878,6,-0.751983642578125
PeMS04,878,12,0.2132110595703125
PeMS04,879,1,-0.60498046875
PeMS04,879,6,0.249237060546875
PeMS04,879,12,-0.05295562744140625
PeMS04,880,1,-2.2657012939453125
PeMS04,880,6,-0.1458282470703125
PeMS04,880,12,-1.46697998046875
PeMS04,881,1,-1.3187255859375
PeMS04,881,6,-1.6092987060546875
PeMS04,881,12,-0.8199920654296875
PeMS04,882,1,0.53314208984375
PeMS04,882,6,-1.841583251953125
PeMS04,882,12,1.798675537109375
PeMS04,883,1,-0.48907470703125
PeMS04,883,6,0.99932861328125
PeMS04,883,12,1.82879638671875
PeMS04,884,1,1.1268768310546875
PeMS04,884,6,-0.32025146484375
PeMS04,884,12,2.334716796875
PeMS04,885,1,-0.40826416015625
PeMS04,885,6,-0.8531494140625
PeMS04,885,12,-0.5964508056640625
PeMS04,886,1,-0.16927337646484375
PeMS04,886,6,-2.399505615234375
PeMS04,886,12,-0.2060394287109375
PeMS04,887,1,-2.5440673828125
PeMS04,887,6,-0.9595489501953125
PeMS04,887,12,-1.493804931640625
PeMS04,888,1,2.503692626953125
PeMS04,888,6,0.8571014404296875
PeMS04,888,12,0.58331298828125
PeMS04,889,1,-0.898681640625
PeMS04,889,6,-0.57220458984375
PeMS04,889,12,2.9382171630859375
PeMS04,890,1,-1.32525634765625
PeMS04,890,6,1.815673828125
PeMS04,890,12,-0.5118408203125
PeMS04,891,1,-0.627838134765625
PeMS04,891,6,0.9400253295898438
PeMS04,891,12,1.503143310546875
PeMS04,892,1,-0.589019775390625
PeMS04,892,6,-0.9483489990234375
PeMS04,892,12,-0.285247802734375
PeMS04,893,1,0.001129150390625
PeMS04,893,6,-1.5649261474609375
PeMS04,893,12,0.7730712890625
PeMS04,894,1,0.29650115966796875
PeMS04,894,6,0.24072265625
PeMS04,894,12,3.1816864013671875
PeMS04,895,1,0.214263916015625
PeMS04,895,6,0.619384765625
PeMS04,895,12,1.6839599609375
PeMS04,896,1,0.6794281005859375
PeMS04,896,6,0.0482177734375
PeMS04,896,12,0.6916961669921875
PeMS04,897,1,-0.34808349609375
PeMS04,897,6,1.7535552978515625
PeMS04,897,12,3.850982666015625
PeMS04,898,1,-0.0507965087890625
PeMS04,898,6,-0.871337890625
PeMS04,898,12,-0.1966400146484375
PeMS04,899,1,0.936676025390625
PeMS04,899,6,0.1177978515625
PeMS04,899,12,4.1798858642578125
PeMS04,900,1,-0.09844970703125
PeMS04,900,6,0.68865966796875
PeMS04,900,12,-1.115203857421875
PeMS04,901,1,-0.606719970703125
PeMS04,901,6,-0.252899169921875
PeMS04,901,12,1.4283523559570312
PeMS04,902,1,0.355743408203125
PeMS04,902,6,-0.499969482421875
PeMS04,902,12,0.01564788818359375
PeMS04,903,1,-1.138824462890625
PeMS04,903,6,1.96337890625
PeMS04,903,12,-0.26041412353515625
PeMS04,904,1,-0.1432647705078125
PeMS04,904,6,-0.1920013427734375
PeMS04,904,12,-0.266510009765625
PeMS04,905,1,2.7076416015625
PeMS04,905,6,1.434417724609375
PeMS04,905,12,1.63763427734375
PeMS04,906,1,-0.3627471923828125
PeMS04,906,6,-0.72119140625
PeMS04,906,12,-1.550872802734375
PeMS04,907,1,-0.3123931884765625
PeMS04,907,6,0.339935302734375
PeMS04,907,12,0.45459747314453125
PeMS04,908,1,1.7001953125
PeMS04,908,6,-0.7571868896484375
PeMS04,908,12,-0.11589813232421875
PeMS04,909,1,-0.78057861328125
PeMS04,909,6,-0.7882614135742188
PeMS04,909,12,0.036529541015625
PeMS04,910,1,-0.35113525390625
PeMS04,910,6,-1.4382095336914062
PeMS04,910,12,3.0742263793945312
PeMS04,911,1,-2.01141357421875
PeMS04,911,6,1.3050765991210938
PeMS04,911,12,0.00498199462890625
PeMS04,912,1,-0.7872314453125
PeMS04,912,6,0.0852813720703125
PeMS04,912,12,1.4127197265625
PeMS04,913,1,0.21025848388671875
PeMS04,913,6,0.10819244384765625
PeMS04,913,12,-0.8748779296875
PeMS04,914,1,-0.680999755859375
PeMS04,914,6,-0.000244140625
PeMS04,914,12,0.8874893188476562
PeMS04,915,1,0.423583984375
PeMS04,915,6,-0.49695587158203125
PeMS04,915,12,-0.56976318359375
PeMS04,916,1,1.5052337646484375
PeMS04,916,6,2.3012428283691406
PeMS04,916,12,-1.5824966430664062
PeMS04,917,1,-0.03376007080078125
PeMS04,917,6,-0.39623260498046875
PeMS04,917,12,-1.3525848388671875
PeMS04,918,1,-1.154144287109375
PeMS04,918,6,0.7687530517578125
PeMS04,918,12,-0.33051300048828125
PeMS04,919,1,0.3909149169921875
PeMS04,919,6,-0.9368133544921875
PeMS04,919,12,-3.2089614868164062
PeMS04,920,1,0.29656982421875
PeMS04,920,6,-0.19775390625
PeMS04,920,12,-0.6627731323242188
PeMS04,921,1,0.2588043212890625
PeMS04,921,6,-2.25421142578125
PeMS04,921,12,-2.0261993408203125
PeMS04,922,1,-0.1056671142578125
PeMS04,922,6,-1.977264404296875
PeMS04,922,12,1.2732162475585938
PeMS04,923,1,0.1334991455078125
PeMS04,923,6,-3.063018798828125
PeMS04,923,12,-4.795204162597656
PeMS04,924,1,-0.183013916015625
PeMS04,924,6,-1.1285934448242188
PeMS04,924,12,-3.305328369140625
PeMS04,925,1,0.8700790405273438
PeMS04,925,6,-5.107704162597656
PeMS04,925,12,-4.203224182128906
PeMS04,926,1,-2.3470458984375
PeMS04,926,6,-1.1800384521484375
PeMS04,926,12,-2.8550796508789062
PeMS04,927,1,-0.2126312255859375
PeMS04,927,6,-4.1451416015625
PeMS04,927,12,1.0326576232910156
PeMS04,928,1,0.141571044921875
PeMS04,928,6,3.12457275390625
PeMS04,928,12,-0.11212158203125
PeMS04,929,1,2.1484222412109375
PeMS04,929,6,-2.643848419189453
PeMS04,929,12,2.226348876953125
PeMS04,930,1,-2.92401123046875
PeMS04,930,6,-1.790252685546875
PeMS04,930,12,-2.970245361328125
PeMS04,931,1,-1.4971694946289062
PeMS04,931,6,-5.7646331787109375
PeMS04,931,12,3.38739013671875
PeMS04,932,1,-2.4190521240234375
PeMS04,932,6,-4.402626037597656
PeMS04,932,12,-3.772918701171875
PeMS04,933,1,2.053882598876953
PeMS04,933,6,0.8048782348632812
PeMS04,933,12,4.0315093994140625
PeMS04,934,1,-2.1203689575195312
PeMS04,934,6,-1.2836761474609375
PeMS04,934,12,1.4127655029296875
PeMS04,935,1,-3.4857635498046875
PeMS04,935,6,0.8537445068359375
PeMS04,935,12,3.147247314453125
PeMS04,936,1,-5.6566619873046875
PeMS04,936,6,-1.376953125
PeMS04,936,12,-2.28704833984375
PeMS04,937,1,-2.6856536865234375
PeMS04,937,6,1.82952880859375
PeMS04,937,12,1.756378173828125
PeMS04,938,1,2.2017364501953125
PeMS04,938,6,-1.5527191162109375
PeMS04,938,12,0.2208251953125
PeMS04,939,1,0.03462982177734375
PeMS04,939,6,3.790069580078125
PeMS04,939,12,-3.0116729736328125
PeMS04,940,1,1.2360038757324219
PeMS04,940,6,-2.387054443359375
PeMS04,940,12,2.129974365234375
PeMS04,941,1,-2.26336669921875
PeMS04,941,6,0.3526611328125
PeMS04,941,12,-3.34222412109375
PeMS04,942,1,1.3631439208984375
PeMS04,942,6,-3.6658935546875
PeMS04,942,12,-0.705108642578125
PeMS04,943,1,-1.2272186279296875
PeMS04,943,6,1.397705078125
PeMS04,943,12,-3.356658935546875
PeMS04,944,1,2.85955810546875
PeMS04,944,6,-0.29681396484375
PeMS04,944,12,-2.862152099609375
PeMS04,945,1,-1.6248779296875
PeMS04,945,6,-2.52569580078125
PeMS04,945,12,-0.8227310180664062
PeMS04,946,1,-0.4424285888671875
PeMS04,946,6,-2.232696533203125
PeMS04,946,12,-4.292205810546875
PeMS04,947,1,-3.63604736328125
PeMS04,947,6,-5.811737060546875
PeMS04,947,12,0.0615081787109375
PeMS04,948,1,1.7454376220703125
PeMS04,948,6,-2.543426513671875
PeMS04,948,12,-0.2028656005859375
PeMS04,949,1,-3.1449432373046875
PeMS04,949,6,-6.608726501464844
PeMS04,949,12,2.0250396728515625
PeMS04,950,1,-2.58056640625
PeMS04,950,6,-1.42681884765625
PeMS04,950,12,4.821250915527344
PeMS04,951,1,2.14495849609375
PeMS04,951,6,0.33013916015625
PeMS04,951,12,2.880889892578125
PeMS04,952,1,-3.185211181640625
PeMS04,952,6,-1.7110595703125
PeMS04,952,12,6.748435974121094
PeMS04,953,1,1.815155029296875
PeMS04,953,6,-0.14002227783203125
PeMS04,953,12,9.78692626953125
PeMS04,954,1,-4.367317199707031
PeMS04,954,6,-1.8773078918457031
PeMS04,954,12,-1.9466094970703125
PeMS04,955,1,-0.3904876708984375
PeMS04,955,6,2.2065658569335938
PeMS04,955,12,9.711669921875
PeMS04,956,1,2.4534912109375
PeMS04,956,6,6.8715362548828125
PeMS04,956,12,4.39776611328125
PeMS04,957,1,-0.307830810546875
PeMS04,957,6,1.6593017578125
PeMS04,957,12,6.7297515869140625
PeMS04,958,1,1.6559600830078125
PeMS04,958,6,4.282012939453125
PeMS04,958,12,3.3548049926757812
PeMS04,959,1,-2.6611480712890625
PeMS04,959,6,4.3912200927734375
PeMS04,959,12,-4.263214111328125
PeMS04,960,1,3.5122833251953125
PeMS04,960,6,-3.783843994140625
PeMS04,960,12,0.9398422241210938
PeMS04,961,1,3.73162841796875
PeMS04,961,6,5.816261291503906
PeMS04,961,12,1.6350555419921875
PeMS04,962,1,1.1820068359375
PeMS04,962,6,-3.1687774658203125
PeMS04,962,12,0.719512939453125
PeMS04,963,1,1.7430572509765625
PeMS04,963,6,2.0636520385742188
PeMS04,963,12,-1.6394119262695312
PeMS04,964,1,3.4966583251953125
PeMS04,964,6,1.1791839599609375
PeMS04,964,12,0.11714935302734375
PeMS04,965,1,-2.720489501953125
PeMS04,965,6,-6.8453521728515625
PeMS04,965,12,1.5392913818359375
PeMS04,966,1,3.731201171875
PeMS04,966,6,-4.8449554443359375
PeMS04,966,12,0.4203605651855469
PeMS04,967,1,-3.2442092895507812
PeMS04,967,6,-0.22086334228515625
PeMS04,967,12,-1.7533950805664062
PeMS04,968,1,0.45745086669921875
PeMS04,968,6,0.2992706298828125
PeMS04,968,12,-2.5310745239257812
PeMS04,969,1,0.3300323486328125
PeMS04,969,6,-3.78961181640625
PeMS04,969,12,0.73065185546875
PeMS04,970,1,-4.7464141845703125
PeMS04,970,6,-1.9564437866210938
PeMS04,970,12,-2.6001358032226562
PeMS04,971,1,-2.04046630859375
PeMS04,971,6,1.7596511840820312
PeMS04,971,12,-1.1934280395507812
PeMS04,972,1,-1.452880859375
PeMS04,972,6,2.0273056030273438
PeMS04,972,12,0.7693939208984375
PeMS04,973,1,2.7039642333984375
PeMS04,973,6,1.442474365234375
PeMS04,973,12,1.4206085205078125
PeMS04,974,1,-1.9641647338867188
PeMS04,974,6,-0.7591781616210938
PeMS04,974,12,2.6716461181640625
PeMS04,975,1,2.637481689453125
PeMS04,975,6,0.43416595458984375
PeMS04,975,12,1.5633316040039062
PeMS04,976,1,2.7684249877929688
PeMS04,976,6,-0.67840576171875
PeMS04,976,12,0.31745147705078125
PeMS04,977,1,2.94549560546875
PeMS04,977,6,-1.153289794921875
PeMS04,977,12,-1.0827484130859375
PeMS04,978,1,2.1823577880859375
PeMS04,978,6,-2.0493698120117188
PeMS04,978,12,-1.6091232299804688
PeMS04,979,1,-1.310791015625
PeMS04,979,6,-1.3129806518554688
PeMS04,979,12,-1.9687042236328125
PeMS04,980,1,0.6375198364257812
PeMS04,980,6,-1.14190673828125
PeMS04,980,12,-0.0740966796875
PeMS04,981,1,-3.264892578125
PeMS04,981,6,-0.45404052734375
PeMS04,981,12,-2.280242919921875
PeMS04,982,1,-1.3457489013671875
PeMS04,982,6,-0.4158172607421875
PeMS04,982,12,1.2101974487304688
PeMS04,983,1,-0.5116043090820312
PeMS04,983,6,-0.9119033813476562
PeMS04,983,12,0.6858062744140625
PeMS04,984,1,-0.6965179443359375
PeMS04,984,6,-0.5833320617675781
PeMS04,984,12,6.753913879394531
PeMS04,985,1,0.546478271484375
PeMS04,985,6,-0.02392578125
PeMS04,985,12,2.8804588317871094
PeMS04,986,1,0.502685546875
PeMS04,986,6,-1.1941070556640625
PeMS04,986,12,0.8644256591796875
PeMS04,987,1,0.12143707275390625
PeMS04,987,6,-0.23003768920898438
PeMS04,987,12,0.8150444030761719
PeMS04,988,1,-1.8573684692382812
PeMS04,988,6,-0.7288322448730469
PeMS04,988,12,0.08620452880859375
PeMS04,989,1,-0.8974838256835938
PeMS04,989,6,-0.3708076477050781
PeMS04,989,12,0.2398681640625
PeMS04,990,1,-0.15106201171875
PeMS04,990,6,2.6580276489257812
PeMS04,990,12,2.2345504760742188
PeMS04,991,1,-1.1449203491210938
PeMS04,991,6,0.47959136962890625
PeMS04,991,12,2.7407264709472656
PeMS04,992,1,-0.2759361267089844
PeMS04,992,6,1.207550048828125
PeMS04,992,12,1.9709548950195312
PeMS04,993,1,0.4285888671875
PeMS04,993,6,1.7036361694335938
PeMS04,993,12,3.0934677124023438
PeMS04,994,1,-0.07790756225585938
PeMS04,994,6,-0.22880935668945312
PeMS04,994,12,4.039936065673828
PeMS04,995,1,3.2747573852539062
PeMS04,995,6,-0.8346099853515625
PeMS04,995,12,2.9925079345703125
PeMS04,996,1,-0.205780029296875
PeMS04,996,6,0.8197975158691406
PeMS04,996,12,1.761322021484375
PeMS04,997,1,-0.08355712890625
PeMS04,997,6,2.513011932373047
PeMS04,997,12,3.7429046630859375
PeMS04,998,1,-0.6925621032714844
PeMS04,998,6,-1.1652069091796875
PeMS04,998,12,2.729034423828125
PeMS04,999,1,-1.7737045288085938
PeMS04,999,6,-0.6853179931640625
PeMS04,999,12,4.237728118896484
PeMS04,1000,1,-2.6417312622070312
PeMS04,1000,6,1.10845947265625
PeMS04,1000,12,2.20703125
PeMS04,1001,1,0.83258056640625
PeMS04,1001,6,0.09037017822265625
PeMS04,1001,12,-0.25907135009765625
PeMS04,1002,1,1.3010940551757812
PeMS04,1002,6,-0.2503929138183594
PeMS04,1002,12,1.0658035278320312
PeMS04,1003,1,-1.212493896484375
PeMS04,1003,6,1.259613037109375
PeMS04,1003,12,3.012939453125
PeMS04,1004,1,-1.1413536071777344
PeMS04,1004,6,2.483673095703125
PeMS04,1004,12,1.0779876708984375
PeMS04,1005,1,2.1020355224609375
PeMS04,1005,6,1.35888671875
PeMS04,1005,12,0.02227020263671875
PeMS04,1006,1,0.290252685546875
PeMS04,1006,6,1.22564697265625
PeMS04,1006,12,4.167144775390625
PeMS04,1007,1,-0.38726043701171875
PeMS04,1007,6,0.37824249267578125
PeMS04,1007,12,1.2197265625
PeMS04,1008,1,0.09886932373046875
PeMS04,1008,6,0.9072418212890625
PeMS04,1008,12,2.4914474487304688
PeMS04,1009,1,0.3014373779296875
PeMS04,1009,6,1.35211181640625
PeMS04,1009,12,1.8041534423828125
PeMS04,1010,1,0.513336181640625
PeMS04,1010,6,0.3036346435546875
PeMS04,1010,12,2.0768051147460938
PeMS04,1011,1,0.6544342041015625
PeMS04,1011,6,-0.9624404907226562
PeMS04,1011,12,1.3765869140625
PeMS04,1012,1,-0.6136703491210938
PeMS04,1012,6,2.2048797607421875
PeMS04,1012,12,2.686370849609375
PeMS04,1013,1,0.8497810363769531
PeMS04,1013,6,0.5112152099609375
PeMS04,1013,12,0.925689697265625
PeMS04,1014,1,-1.099273681640625
PeMS04,1014,6,0.19069671630859375
PeMS04,1014,12,2.8477783203125
PeMS04,1015,1,-0.8937835693359375
PeMS04,1015,6,-1.2570648193359375
PeMS04,1015,12,0.9783401489257812
PeMS04,1016,1,-1.4518585205078125
PeMS04,1016,6,0.3078422546386719
PeMS04,1016,12,3.485992431640625
PeMS04,1017,1,-0.931640625
PeMS04,1017,6,0.496673583984375
PeMS04,1017,12,2.877105712890625
PeMS04,1018,1,0.2001953125
PeMS04,1018,6,2.1274032592773438
PeMS04,1018,12,2.55841064453125
PeMS04,1019,1,-1.0624465942382812
PeMS04,1019,6,0.4438934326171875
PeMS04,1019,12,3.3357391357421875
PeMS04,1020,1,-0.5322723388671875
PeMS04,1020,6,3.153594970703125
PeMS04,1020,12,3.2064666748046875
PeMS04,1021,1,1.377899169921875
PeMS04,1021,6,2.0016937255859375
PeMS04,1021,12,3.3233566284179688
PeMS04,1022,1,0.27972412109375
PeMS04,1022,6,3.707183837890625
PeMS04,1022,12,2.7917022705078125
PeMS04,1023,1,1.5353546142578125
PeMS04,1023,6,1.5053329467773438
PeMS04,1023,12,1.6785888671875
PeMS04,1024,1,0.4115142822265625
PeMS04,1024,6,1.7977142333984375
PeMS04,1024,12,1.1716156005859375
PeMS04,1025,1,1.5777053833007812
PeMS04,1025,6,0.64178466796875
PeMS04,1025,12,0.050567626953125
PeMS04,1026,1,-0.43853759765625
PeMS04,1026,6,0.863433837890625
PeMS04,1026,12,2.130970001220703
PeMS04,1027,1,-0.1033782958984375
PeMS04,1027,6,0.16913604736328125
PeMS04,1027,12,0.8924560546875
PeMS04,1028,1,-0.5323486328125
PeMS04,1028,6,0.08050537109375
PeMS04,1028,12,0.011627197265625
PeMS04,1029,1,-0.3557891845703125
PeMS04,1029,6,-0.000457763671875
PeMS04,1029,12,0.981658935546875
PeMS04,1030,1,-0.0289306640625
PeMS04,1030,6,-0.7081451416015625
PeMS04,1030,12,0.7587051391601562
PeMS04,1031,1,-0.7159881591796875
PeMS04,1031,6,-1.6190681457519531
PeMS04,1031,12,0.5353546142578125
PeMS04,1032,1,-0.4720001220703125
PeMS04,1032,6,0.7239036560058594
PeMS04,1032,12,0.5145111083984375
PeMS04,1033,1,-1.2102775573730469
PeMS04,1033,6,0.6620025634765625
PeMS04,1033,12,-0.452117919921875
PeMS04,1034,1,0.008880615234375
PeMS04,1034,6,0.1787109375
PeMS04,1034,12,0.5646743774414062
PeMS04,1035,1,-0.38719940185546875
PeMS04,1035,6,1.4998931884765625
PeMS04,1035,12,1.0797882080078125
PeMS04,1036,1,-1.9155960083007812
PeMS04,1036,6,1.0096359252929688
PeMS04,1036,12,-0.026641845703125
PeMS04,1037,1,-0.12125778198242188
PeMS04,1037,6,0.37158203125
PeMS04,1037,12,0.3203887939453125
PeMS04,1038,1,0.00127410888671875
PeMS04,1038,6,0.00919342041015625
PeMS04,1038,12,0.7310638427734375
PeMS04,1039,1,-1.454376220703125
PeMS04,1039,6,-0.8676376342773438
PeMS04,1039,12,0.511749267578125
PeMS04,1040,1,0.4378814697265625
PeMS04,1040,6,0.5037384033203125
PeMS04,1040,12,0.7403564453125
PeMS04,1041,1,0.377227783203125
PeMS04,1041,6,0.913482666015625
PeMS04,1041,12,1.266143798828125
PeMS04,1042,1,-0.18202972412109375
PeMS04,1042,6,0.260650634765625
PeMS04,1042,12,0.7087249755859375
PeMS04,1043,1,0.522003173828125
PeMS04,1043,6,0.7466278076171875
PeMS04,1043,12,1.1439132690429688
PeMS04,1044,1,-0.5006103515625
PeMS04,1044,6,0.9447479248046875
PeMS04,1044,12,1.5096588134765625
PeMS04,1045,1,0.125
PeMS04,1045,6,1.2401390075683594
PeMS04,1045,12,1.718475341796875
PeMS04,1046,1,0.6954193115234375
PeMS04,1046,6,1.7293167114257812
PeMS04,1046,12,2.5866241455078125
PeMS04,1047,1,0.0317840576171875
PeMS04,1047,6,1.3639984130859375
PeMS04,1047,12,2.4540863037109375
PeMS04,1048,1,0.1004486083984375
PeMS04,1048,6,0.6934356689453125
PeMS04,1048,12,1.6870956420898438
PeMS04,1049,1,-0.270782470703125
PeMS04,1049,6,0.58746337890625
PeMS04,1049,12,1.3338775634765625
PeMS04,1050,1,-0.8475723266601562
PeMS04,1050,6,0.7535858154296875
PeMS04,1050,12,0.9680099487304688
PeMS04,1051,1,0.00481414794921875
PeMS04,1051,6,0.423919677734375
PeMS04,1051,12,1.3474273681640625
PeMS04,1052,1,-0.193572998046875
PeMS04,1052,6,1.5254364013671875
PeMS04,1052,12,1.8513259887695312
PeMS04,1053,1,0.05047607421875
PeMS04,1053,6,1.4917373657226562
PeMS04,1053,12,2.2624969482421875
PeMS04,1054,1,0.16008758544921875
PeMS04,1054,6,1.3205184936523438
PeMS04,1054,12,2.4711151123046875
PeMS04,1055,1,0.3105010986328125
PeMS04,1055,6,1.2535247802734375
PeMS04,1055,12,1.4376907348632812
PeMS04,1056,1,-0.084442138671875
PeMS04,1056,6,1.0076217651367188
PeMS04,1056,12,1.873626708984375
PeMS04,1057,1,0.6913604736328125
PeMS04,1057,6,1.061676025390625
PeMS04,1057,12,2.7208633422851562
PeMS04,1058,1,0.35758209228515625
PeMS04,1058,6,1.198089599609375
PeMS04,1058,12,2.488616943359375
PeMS04,1059,1,0.38018035888671875
PeMS04,1059,6,1.6318511962890625
PeMS04,1059,12,2.134429931640625
PeMS04,1060,1,-0.26922607421875
PeMS04,1060,6,1.5591583251953125
PeMS04,1060,12,1.9155044555664062
PeMS04,1061,1,-0.3401947021484375
PeMS04,1061,6,1.1963996887207031
PeMS04,1061,12,2.092254638671875
PeMS04,1062,1,-0.3895416259765625
PeMS04,1062,6,1.5828857421875
PeMS04,1062,12,2.2122268676757812
PeMS04,1063,1,0.2230224609375
PeMS04,1063,6,1.8230705261230469
PeMS04,1063,12,2.2640533447265625
PeMS04,1064,1,0.3236541748046875
PeMS04,1064,6,1.638580322265625
PeMS04,1064,12,2.1338424682617188
PeMS04,1065,1,0.04620361328125
PeMS04,1065,6,1.7086181640625
PeMS04,1065,12,1.7559967041015625
PeMS04,1066,1,-0.6460418701171875
PeMS04,1066,6,1.460052490234375
PeMS04,1066,12,2.5051727294921875
PeMS04,1067,1,-0.30010986328125
PeMS04,1067,6,1.2032012939453125
PeMS04,1067,12,2.0944671630859375
PeMS04,1068,1,-0.4530029296875
PeMS04,1068,6,1.2820053100585938
PeMS04,1068,12,1.8646011352539062
PeMS04,1069,1,0.0007781982421875
PeMS04,1069,6,1.4908256530761719
PeMS04,1069,12,2.526763916015625
PeMS04,1070,1,0.125
PeMS04,1070,6,1.1620635986328125
PeMS04,1070,12,1.973663330078125
PeMS04,1071,1,-0.1501007080078125
PeMS04,1071,6,0.6646881103515625
PeMS04,1071,12,2.0983810424804688
PeMS04,1072,1,-0.0009002685546875
PeMS04,1072,6,1.8486175537109375
PeMS04,1072,12,3.094146728515625
PeMS04,1073,1,0.28093719482421875
PeMS04,1073,6,1.1175918579101562
PeMS04,1073,12,2.6774520874023438
PeMS04,1074,1,0.4420166015625
PeMS04,1074,6,0.8789138793945312
PeMS04,1074,12,2.6356964111328125
PeMS04,1075,1,-0.300323486328125
PeMS04,1075,6,1.3152084350585938
PeMS04,1075,12,1.7914810180664062
PeMS04,1076,1,-0.23760986328125
PeMS04,1076,6,0.9139556884765625
PeMS04,1076,12,2.9834518432617188
PeMS04,1077,1,0.5590362548828125
PeMS04,1077,6,2.180633544921875
PeMS04,1077,12,2.3853759765625
PeMS04,1078,1,0.1842193603515625
PeMS04,1078,6,2.099334716796875
PeMS04,1078,12,2.43115234375
PeMS04,1079,1,-0.846893310546875
PeMS04,1079,6,1.7646102905273438
PeMS04,1079,12,1.47833251953125
PeMS04,1080,1,0.3436317443847656
PeMS04,1080,6,1.833221435546875
PeMS04,1080,12,1.8613128662109375
PeMS04,1081,1,-0.4467620849609375
PeMS04,1081,6,1.5276565551757812
PeMS04,1081,12,1.3262176513671875
PeMS04,1082,1,0.317108154296875
PeMS04,1082,6,1.796905517578125
PeMS04,1082,12,0.9452972412109375
PeMS04,1083,1,0.6823577880859375
PeMS04,1083,6,0.91436767578125
PeMS04,1083,12,0.291107177734375
PeMS04,1084,1,0.171417236328125
PeMS04,1084,6,0.44245147705078125
PeMS04,1084,12,0.449981689453125
PeMS04,1085,1,-0.302764892578125
PeMS04,1085,6,0.5420761108398438
PeMS04,1085,12,0.7493896484375
PeMS04,1086,1,-0.575164794921875
PeMS04,1086,6,0.780975341796875
PeMS04,1086,12,0.2541656494140625
PeMS04,1087,1,0.2888946533203125
PeMS04,1087,6,0.720245361328125
PeMS04,1087,12,1.094024658203125
PeMS04,1088,1,-0.074859619140625
PeMS04,1088,6,-0.2025299072265625
PeMS04,1088,12,0.47005462646484375
PeMS04,1089,1,-1.1604385375976562
PeMS04,1089,6,0.0830841064453125
PeMS04,1089,12,1.3171310424804688
PeMS04,1090,1,-1.2628097534179688
PeMS04,1090,6,0.7589263916015625
PeMS04,1090,12,2.3759002685546875
PeMS04,1091,1,-0.3617401123046875
PeMS04,1091,6,1.2963714599609375
PeMS04,1091,12,3.0730133056640625
PeMS04,1092,1,-0.9510574340820312
PeMS04,1092,6,0.449371337890625
PeMS04,1092,12,2.55224609375
PeMS04,1093,1,-1.9273757934570312
PeMS04,1093,6,0.491546630859375
PeMS04,1093,12,2.071807861328125
PeMS04,1094,1,-0.733489990234375
PeMS04,1094,6,-0.09063339233398438
PeMS04,1094,12,2.9178009033203125
PeMS04,1095,1,-0.42020416259765625
PeMS04,1095,6,0.8926467895507812
PeMS04,1095,12,3.4381790161132812
PeMS04,1096,1,0.2586822509765625
PeMS04,1096,6,0.65570068359375
PeMS04,1096,12,0.20318984985351562
PeMS04,1097,1,-0.2672119140625
PeMS04,1097,6,1.0756988525390625
PeMS04,1097,12,1.7263031005859375
PeMS04,1098,1,-0.446990966796875
PeMS04,1098,6,1.562286376953125
PeMS04,1098,12,2.0617294311523438
PeMS04,1099,1,-0.9140548706054688
PeMS04,1099,6,1.5161209106445312
PeMS04,1099,12,4.4610443115234375
PeMS04,1100,1,-0.071624755859375
PeMS04,1100,6,1.5067214965820312
PeMS04,1100,12,3.301788330078125
PeMS04,1101,1,0.302032470703125
PeMS04,1101,6,2.1516685485839844
PeMS04,1101,12,4.005836486816406
PeMS04,1102,1,0.63970947265625
PeMS04,1102,6,-0.1068878173828125
PeMS04,1102,12,2.8939132690429688
PeMS04,1103,1,-0.9821319580078125
PeMS04,1103,6,1.181640625
PeMS04,1103,12,3.66448974609375
PeMS04,1104,1,0.4132728576660156
PeMS04,1104,6,1.915557861328125
PeMS04,1104,12,3.075775146484375
PeMS04,1105,1,-0.321685791015625
PeMS04,1105,6,2.7759170532226562
PeMS04,1105,12,2.3351593017578125
PeMS04,1106,1,0.30225372314453125
PeMS04,1106,6,4.412353515625
PeMS04,1106,12,2.2568359375
PeMS04,1107,1,-2.7543106079101562
PeMS04,1107,6,2.2557830810546875
PeMS04,1107,12,1.4857635498046875
PeMS04,1108,1,0.6512908935546875
PeMS04,1108,6,1.7630653381347656
PeMS04,1108,12,2.1948089599609375
PeMS04,1109,1,0.6693038940429688
PeMS04,1109,6,1.3413848876953125
PeMS04,1109,12,3.4076690673828125
PeMS04,1110,1,0.21949005126953125
PeMS04,1110,6,0.764556884765625
PeMS04,1110,12,6.09210205078125
PeMS04,1111,1,0.541656494140625
PeMS04,1111,6,-0.53961181640625
PeMS04,1111,12,5.697944641113281
PeMS04,1112,1,-0.8664741516113281
PeMS04,1112,6,-0.33596038818359375
PeMS04,1112,12,2.4412384033203125
PeMS04,1113,1,-0.9931640625
PeMS04,1113,6,-0.73583984375
PeMS04,1113,12,0.50445556640625
PeMS04,1114,1,-1.347198486328125
PeMS04,1114,6,-1.2265548706054688
PeMS04,1114,12,4.9490966796875
PeMS04,1115,1,-1.93548583984375
PeMS04,1115,6,1.21209716796875
PeMS04,1115,12,5.29937744140625
PeMS04,1116,1,-3.103515625
PeMS04,1116,6,1.662109375
PeMS04,1116,12,1.47998046875
PeMS04,1117,1,-1.4394378662109375
PeMS04,1117,6,1.9376983642578125
PeMS04,1117,12,2.0321044921875
PeMS04,1118,1,-2.5800552368164062
PeMS04,1118,6,2.3515625
PeMS04,1118,12,3.53582763671875
PeMS04,1119,1,-2.7265701293945312
PeMS04,1119,6,1.26434326171875
PeMS04,1119,12,-1.5252685546875
PeMS04,1120,1,2.5156402587890625
PeMS04,1120,6,8.016311645507812
PeMS04,1120,12,4.17669677734375
PeMS04,1121,1,0.9341278076171875
PeMS04,1121,6,6.08074951171875
PeMS04,1121,12,-0.34527587890625
PeMS04,1122,1,-0.44028472900390625
PeMS04,1122,6,0.8320465087890625
PeMS04,1122,12,1.9417877197265625
PeMS04,1123,1,0.5777587890625
PeMS04,1123,6,-0.18975830078125
PeMS04,1123,12,1.30340576171875
PeMS04,1124,1,-0.36785888671875
PeMS04,1124,6,1.1244659423828125
PeMS04,1124,12,2.1680145263671875
PeMS04,1125,1,5.1553955078125
PeMS04,1125,6,-2.253265380859375
PeMS04,1125,12,1.29595947265625
PeMS04,1126,1,0.22515869140625
PeMS04,1126,6,1.653900146484375
PeMS04,1126,12,-0.636871337890625
PeMS04,1127,1,-0.6002197265625
PeMS04,1127,6,-1.7789306640625
PeMS04,1127,12,1.28955078125
PeMS04,1128,1,-1.3101959228515625
PeMS04,1128,6,-0.2271270751953125
PeMS04,1128,12,2.04345703125
PeMS04,1129,1,-0.59307861328125
PeMS04,1129,6,-1.2648773193359375
PeMS04,1129,12,-0.83807373046875
PeMS04,1130,1,-2.80377197265625
PeMS04,1130,6,-0.6783447265625
PeMS04,1130,12,-0.947845458984375
PeMS04,1131,1,3.0188446044921875
PeMS04,1131,6,-0.1780242919921875
PeMS04,1131,12,-4.099334716796875
PeMS04,1132,1,-1.9030914306640625
PeMS04,1132,6,-1.35302734375
PeMS04,1132,12,-1.449462890625
PeMS04,1133,1,0.27191162109375
PeMS04,1133,6,1.59637451171875
PeMS04,1133,12,0.7250518798828125
PeMS04,1134,1,-1.909149169921875
PeMS04,1134,6,0.418212890625
PeMS04,1134,12,1.10662841796875
PeMS04,1135,1,1.9766082763671875
PeMS04,1135,6,1.22802734375
PeMS04,1135,12,-2.8322601318359375
PeMS04,1136,1,-1.30877685546875
PeMS04,1136,6,0.708343505859375
PeMS04,1136,12,-3.258575439453125
PeMS04,1137,1,-0.823333740234375
PeMS04,1137,6,-2.8205718994140625
PeMS04,1137,12,-1.848541259765625
PeMS04,1138,1,-0.485015869140625
PeMS04,1138,6,-3.182647705078125
PeMS04,1138,12,-0.989837646484375
PeMS04,1139,1,0.309173583984375
PeMS04,1139,6,-0.7069244384765625
PeMS04,1139,12,-1.7178955078125
PeMS04,1140,1,0.301513671875
PeMS04,1140,6,2.1598052978515625
PeMS04,1140,12,-0.9587860107421875
PeMS04,1141,1,-1.75653076171875
PeMS04,1141,6,-1.3122406005859375
PeMS04,1141,12,-1.0257568359375
PeMS04,1142,1,-2.1979217529296875
PeMS04,1142,6,-2.670135498046875
PeMS04,1142,12,-2.600555419921875
PeMS04,1143,1,-3.6630477905273438
PeMS04,1143,6,-0.658111572265625
PeMS04,1143,12,-1.28839111328125
PeMS04,1144,1,-0.5277099609375
PeMS04,1144,6,-0.4478912353515625
PeMS04,1144,12,0.641754150390625
PeMS04,1145,1,0.446044921875
PeMS04,1145,6,-2.532806396484375
PeMS04,1145,12,-1.9846343994140625
PeMS04,1146,1,0.17706298828125
PeMS04,1146,6,-1.93389892578125
PeMS04,1146,12,-1.5671234130859375
PeMS04,1147,1,-0.430450439453125
PeMS04,1147,6,-0.8734130859375
PeMS04,1147,12,-0.43939208984375
PeMS04,1148,1,-1.27618408203125
PeMS04,1148,6,-1.415008544921875
PeMS04,1148,12,1.721893310546875
PeMS04,1149,1,-0.8681716918945312
PeMS04,1149,6,-2.6332550048828125
PeMS04,1149,12,5.45953369140625
PeMS04,1150,1,-3.10369873046875
PeMS04,1150,6,0.191680908203125
PeMS04,1150,12,0.2717132568359375
PeMS04,1151,1,-1.717376708984375
PeMS04,1151,6,-0.855743408203125
PeMS04,1151,12,3.6251983642578125
PeMS04,1152,1,0.7581787109375
PeMS04,1152,6,-1.74969482421875
PeMS04,1152,12,5.1689453125
PeMS04,1153,1,-2.414398193359375
PeMS04,1153,6,-0.347137451171875
PeMS04,1153,12,4.054313659667969
PeMS04,1154,1,-1.95074462890625
PeMS04,1154,6,-0.5008087158203125
PeMS04,1154,12,4.937980651855469
PeMS04,1155,1,-0.6202392578125
PeMS04,1155,6,2.0771484375
PeMS04,1155,12,5.218818664550781
PeMS04,1156,1,-0.0138397216796875
PeMS04,1156,6,-0.01544189453125
PeMS04,1156,12,5.0811309814453125
PeMS04,1157,1,-2.188323974609375
PeMS04,1157,6,2.9203720092773438
PeMS04,1157,12,3.2766036987304688
PeMS04,1158,1,1.63067626953125
PeMS04,1158,6,2.2920799255371094
PeMS04,1158,12,4.7744140625
PeMS04,1159,1,-0.06146240234375
PeMS04,1159,6,3.1157760620117188
PeMS04,1159,12,1.261322021484375
PeMS04,1160,1,3.7517547607421875
PeMS04,1160,6,2.79168701171875
PeMS04,1160,12,0.3532257080078125
PeMS04,1161,1,0.2879638671875
PeMS04,1161,6,2.4465866088867188
PeMS04,1161,12,5.625679016113281
PeMS04,1162,1,1.3026504516601562
PeMS04,1162,6,2.535675048828125
PeMS04,1162,12,4.7933502197265625
PeMS04,1163,1,-1.188323974609375
PeMS04,1163,6,0.5757904052734375
PeMS04,1163,12,3.1056976318359375
PeMS04,1164,1,-0.280364990234375
PeMS04,1164,6,-0.7989501953125
PeMS04,1164,12,1.9601593017578125
PeMS04,1165,1,0.8631591796875
PeMS04,1165,6,-0.35950469970703125
PeMS04,1165,12,1.0601959228515625
PeMS04,1166,1,0.5532073974609375
PeMS04,1166,6,-1.697174072265625
PeMS04,1166,12,2.2039947509765625
PeMS04,1167,1,0.938812255859375
PeMS04,1167,6,-0.3912544250488281
PeMS04,1167,12,-1.694915771484375
PeMS04,1168,1,0.0355987548828125
PeMS04,1168,6,-1.334014892578125
PeMS04,1168,12,0.45861053466796875
PeMS04,1169,1,-2.385711669921875
PeMS04,1169,6,0.9689483642578125
PeMS04,1169,12,-3.4058837890625
PeMS04,1170,1,-1.908843994140625
PeMS04,1170,6,-0.8706207275390625
PeMS04,1170,12,-1.2131195068359375
PeMS04,1171,1,0.47454071044921875
PeMS04,1171,6,-0.7461471557617188
PeMS04,1171,12,3.297607421875
PeMS04,1172,1,1.0621871948242188
PeMS04,1172,6,1.5434494018554688
PeMS04,1172,12,-0.18064117431640625
PeMS04,1173,1,-0.5699310302734375
PeMS04,1173,6,-1.7760543823242188
PeMS04,1173,12,-1.3084564208984375
PeMS04,1174,1,3.3584747314453125
PeMS04,1174,6,0.6938018798828125
PeMS04,1174,12,0.7510604858398438
PeMS04,1175,1,-0.13718414306640625
PeMS04,1175,6,-2.1809616088867188
PeMS04,1175,12,2.6923446655273438
PeMS04,1176,1,-1.1020278930664062
PeMS04,1176,6,-0.7526702880859375
PeMS04,1176,12,-0.0445404052734375
PeMS04,1177,1,-1.1245574951171875
PeMS04,1177,6,2.8673553466796875
PeMS04,1177,12,-0.0192413330078125
PeMS04,1178,1,-2.4335289001464844
PeMS04,1178,6,0.5051956176757812
PeMS04,1178,12,3.2454605102539062
PeMS04,1179,1,-0.4745330810546875
PeMS04,1179,6,-0.5751724243164062
PeMS04,1179,12,2.0337753295898438
PeMS04,1180,1,-2.9577484130859375
PeMS04,1180,6,0.7371978759765625
PeMS04,1180,12,2.7696762084960938
PeMS04,1181,1,0.59039306640625
PeMS04,1181,6,2.3068389892578125
PeMS04,1181,12,3.8888778686523438
PeMS04,1182,1,3.3917388916015625
PeMS04,1182,6,0.4202880859375
PeMS04,1182,12,2.0729141235351562
PeMS04,1183,1,0.1874542236328125
PeMS04,1183,6,-1.8177642822265625
PeMS04,1183,12,2.599212646484375
PeMS04,1184,1,0.1090087890625
PeMS04,1184,6,2.645721435546875
PeMS04,1184,12,3.9967803955078125
PeMS04,1185,1,2.6046295166015625
PeMS04,1185,6,1.427276611328125
PeMS04,1185,12,2.069713592529297
PeMS04,1186,1,3.5117568969726562
PeMS04,1186,6,2.7490310668945312
PeMS04,1186,12,-1.1199951171875
PeMS04,1187,1,0.2193603515625
PeMS04,1187,6,2.2458648681640625
PeMS04,1187,12,0.5908203125
PeMS04,1188,1,-2.7953414916992188
PeMS04,1188,6,-0.7494049072265625
PeMS04,1188,12,0.09527587890625
PeMS04,1189,1,0.03536224365234375
PeMS04,1189,6,-0.1063385009765625
PeMS04,1189,12,2.73223876953125
PeMS04,1190,1,-0.8590011596679688
PeMS04,1190,6,1.44232177734375
PeMS04,1190,12,2.8582763671875
PeMS04,1191,1,0.8631439208984375
PeMS04,1191,6,0.26818084716796875
PeMS04,1191,12,-2.188446044921875
PeMS04,1192,1,-0.4942626953125
PeMS04,1192,6,-2.220428466796875
PeMS04,1192,12,1.568572998046875
PeMS04,1193,1,-0.7963943481445312
PeMS04,1193,6,1.6856689453125
PeMS04,1193,12,2.30230712890625
PeMS04,1194,1,-0.5515518188476562
PeMS04,1194,6,-0.763214111328125
PeMS04,1194,12,-0.503753662109375
PeMS04,1195,1,0.68359375
PeMS04,1195,6,1.1465606689453125
PeMS04,1195,12,1.61260986328125
PeMS04,1196,1,0.32744598388671875
PeMS04,1196,6,1.400238037109375
PeMS04,1196,12,2.327972412109375
PeMS04,1197,1,-1.6858978271484375
PeMS04,1197,6,-1.9335174560546875
PeMS04,1197,12,0.99365234375
PeMS04,1198,1,-0.0039215087890625
PeMS04,1198,6,-1.4393844604492188
PeMS04,1198,12,4.1286163330078125
PeMS04,1199,1,-1.657867431640625
PeMS04,1199,6,2.896942138671875
PeMS04,1199,12,-0.912261962890625
PeMS04,1200,1,-0.9964599609375
PeMS04,1200,6,-2.1806793212890625
PeMS04,1200,12,-1.776153564453125
PeMS04,1201,1,-0.447906494140625
PeMS04,1201,6,1.07861328125
PeMS04,1201,12,1.104217529296875
PeMS04,1202,1,-2.1734619140625
PeMS04,1202,6,2.4399871826171875
PeMS04,1202,12,-1.271575927734375
PeMS04,1203,1,0.2759552001953125
PeMS04,1203,6,0.0308074951171875
PeMS04,1203,12,2.26129150390625
PeMS04,1204,1,-1.76849365234375
PeMS04,1204,6,4.7799530029296875
PeMS04,1204,12,-2.886077880859375
PeMS04,1205,1,-0.960662841796875
PeMS04,1205,6,0.64251708984375
PeMS04,1205,12,0.321533203125
PeMS04,1206,1,0.0798492431640625
PeMS04,1206,6,-0.0932769775390625
PeMS04,1206,12,-0.621185302734375
PeMS04,1207,1,1.99530029296875
PeMS04,1207,6,2.1690292358398438
PeMS04,1207,12,-1.4990234375
PeMS04,1208,1,-1.87384033203125
PeMS04,1208,6,-0.31668853759765625
PeMS04,1208,12,2.5594482421875
PeMS04,1209,1,0.9698028564453125
PeMS04,1209,6,1.4256134033203125
PeMS04,1209,12,-2.047027587890625
PeMS04,1210,1,-3.379302978515625
PeMS04,1210,6,-1.63177490234375
PeMS04,1210,12,-2.9873504638671875
PeMS04,1211,1,0.048065185546875
PeMS04,1211,6,-0.45159912109375
PeMS04,1211,12,-5.71929931640625
PeMS04,1212,1,0.1420745849609375
PeMS04,1212,6,0.12542724609375
PeMS04,1212,12,-0.6875
PeMS04,1213,1,-2.564971923828125
PeMS04,1213,6,-3.359039306640625
PeMS04,1213,12,-2.1575469970703125
PeMS04,1214,1,0.13941192626953125
PeMS04,1214,6,3.1472015380859375
PeMS04,1214,12,-1.556121826171875
PeMS04,1215,1,-2.0892333984375
PeMS04,1215,6,-1.7165679931640625
PeMS04,1215,12,0.106414794921875
PeMS04,1216,1,-2.1596527099609375
PeMS04,1216,6,-1.841949462890625
PeMS04,1216,12,-0.2527008056640625
PeMS04,1217,1,2.213623046875
PeMS04,1217,6,-1.3336639404296875
PeMS04,1217,12,2.1224822998046875
PeMS04,1218,1,-3.40576171875
PeMS04,1218,6,0.391845703125
PeMS04,1218,12,0.079620361328125
PeMS04,1219,1,0.436553955078125
PeMS04,1219,6,0.5998382568359375
PeMS04,1219,12,-4.4376220703125
PeMS04,1220,1,-1.018402099609375
PeMS04,1220,6,-0.7741241455078125
PeMS04,1220,12,-0.517333984375
PeMS04,1221,1,0.70623779296875
PeMS04,1221,6,0.509307861328125
PeMS04,1221,12,-1.4039154052734375
PeMS04,1222,1,-2.85015869140625
PeMS04,1222,6,-2.8067626953125
PeMS04,1222,12,0.1833953857421875
PeMS04,1223,1,-3.0813140869140625
PeMS04,1223,6,1.3538360595703125
PeMS04,1223,12,-0.528411865234375
PeMS04,1224,1,-1.5353546142578125
PeMS04,1224,6,-0.1767120361328125
PeMS04,1224,12,1.2635116577148438
PeMS04,1225,1,-0.517608642578125
PeMS04,1225,6,-5.121620178222656
PeMS04,1225,12,0.8737258911132812
PeMS04,1226,1,-0.0949859619140625
PeMS04,1226,6,0.19818115234375
PeMS04,1226,12,-1.3245315551757812
PeMS04,1227,1,-3.257904052734375
PeMS04,1227,6,-2.2872314453125
PeMS04,1227,12,-2.2245025634765625
PeMS04,1228,1,-1.003387451171875
PeMS04,1228,6,0.5850677490234375
PeMS04,1228,12,0.5096549987792969
PeMS04,1229,1,-3.476409912109375
PeMS04,1229,6,-1.202880859375
PeMS04,1229,12,0.5859756469726562
PeMS04,1230,1,-4.39569091796875
PeMS04,1230,6,0.49323272705078125
PeMS04,1230,12,3.0774688720703125
PeMS04,1231,1,0.06146240234375
PeMS04,1231,6,1.8320426940917969
PeMS04,1231,12,2.74505615234375
PeMS04,1232,1,-2.109954833984375
PeMS04,1232,6,-0.976104736328125
PeMS04,1232,12,0.2469635009765625
PeMS04,1233,1,-0.6728286743164062
PeMS04,1233,6,-0.60552978515625
PeMS04,1233,12,3.577056884765625
PeMS04,1234,1,0.31308746337890625
PeMS04,1234,6,2.0973587036132812
PeMS04,1234,12,1.62335205078125
PeMS04,1235,1,2.3958282470703125
PeMS04,1235,6,2.7054595947265625
PeMS04,1235,12,3.7212371826171875
PeMS04,1236,1,1.34149169921875
PeMS04,1236,6,3.5144805908203125
PeMS04,1236,12,4.92364501953125
PeMS04,1237,1,0.5760879516601562
PeMS04,1237,6,0.85211181640625
PeMS04,1237,12,0.4546661376953125
PeMS04,1238,1,-0.7737655639648438
PeMS04,1238,6,1.102081298828125
PeMS04,1238,12,0.944610595703125
PeMS04,1239,1,0.6736297607421875
PeMS04,1239,6,1.01690673828125
PeMS04,1239,12,-1.0992889404296875
PeMS04,1240,1,0.13600921630859375
PeMS04,1240,6,0.68798828125
PeMS04,1240,12,1.85626220703125
PeMS04,1241,1,0.17181396484375
PeMS04,1241,6,0.0120697021484375
PeMS04,1241,12,-1.654541015625
PeMS04,1242,1,-0.1062164306640625
PeMS04,1242,6,1.5049514770507812
PeMS04,1242,12,-1.50286865234375
PeMS04,1243,1,1.4739990234375
PeMS04,1243,6,0.40252685546875
PeMS04,1243,12,-1.347869873046875
PeMS04,1244,1,0.1209716796875
PeMS04,1244,6,0.7546463012695312
PeMS04,1244,12,3.219085693359375
PeMS04,1245,1,-0.69921875
PeMS04,1245,6,-0.9132843017578125
PeMS04,1245,12,-2.6717529296875
PeMS04,1246,1,-1.712188720703125
PeMS04,1246,6,1.5
PeMS04,1246,12,-4.1158447265625
PeMS04,1247,1,1.063934326171875
PeMS04,1247,6,-0.253082275390625
PeMS04,1247,12,-0.40643310546875
PeMS04,1248,1,-1.23602294921875
PeMS04,1248,6,0.90576171875
PeMS04,1248,12,-0.00787353515625
PeMS04,1249,1,0.1847991943359375
PeMS04,1249,6,-2.09503173828125
PeMS04,1249,12,-1.215576171875
PeMS04,1250,1,0.88568115234375
PeMS04,1250,6,2.3739242553710938
PeMS04,1250,12,-0.6420440673828125
PeMS04,1251,1,0.2584228515625
PeMS04,1251,6,-1.9657440185546875
PeMS04,1251,12,1.3912353515625
PeMS04,1252,1,-2.26129150390625
PeMS04,1252,6,-2.6137847900390625
PeMS04,1252,12,-2.3500213623046875
PeMS04,1253,1,-0.10614013671875
PeMS04,1253,6,-1.3316802978515625
PeMS04,1253,12,-0.7800216674804688
PeMS04,1254,1,-3.646453857421875
PeMS04,1254,6,-1.47406005859375
PeMS04,1254,12,-1.3597869873046875
PeMS04,1255,1,2.744274139404297
PeMS04,1255,6,0.1743316650390625
PeMS04,1255,12,0.7435302734375
PeMS04,1256,1,-3.635467529296875
PeMS04,1256,6,0.720245361328125
PeMS04,1256,12,5.174468994140625
PeMS04,1257,1,-3.0389404296875
PeMS04,1257,6,0.7588653564453125
PeMS04,1257,12,0.8824462890625
PeMS04,1258,1,-0.10687255859375
PeMS04,1258,6,-0.9088134765625
PeMS04,1258,12,1.88134765625
PeMS04,1259,1,0.656494140625
PeMS04,1259,6,-0.045745849609375
PeMS04,1259,12,-1.6043548583984375
PeMS04,1260,1,-1.5128173828125
PeMS04,1260,6,-2.3656463623046875
PeMS04,1260,12,4.697540283203125
PeMS04,1261,1,0.0763397216796875
PeMS04,1261,6,-1.3128433227539062
PeMS04,1261,12,7.4056243896484375
PeMS04,1262,1,1.82464599609375
PeMS04,1262,6,6.4152679443359375
PeMS04,1262,12,2.2187118530273438
PeMS04,1263,1,0.310699462890625
PeMS04,1263,6,2.1496734619140625
PeMS04,1263,12,3.942718505859375
PeMS04,1264,1,0.910614013671875
PeMS04,1264,6,1.8211822509765625
PeMS04,1264,12,1.7932968139648438
PeMS04,1265,1,-0.8156890869140625
PeMS04,1265,6,0.00968170166015625
PeMS04,1265,12,4.29425048828125
PeMS04,1266,1,-0.1739501953125
PeMS04,1266,6,7.260040283203125
PeMS04,1266,12,3.8311004638671875
PeMS04,1267,1,6.7111053466796875
PeMS04,1267,6,5.502532958984375
PeMS04,1267,12,1.7208404541015625
PeMS04,1268,1,0.7383880615234375
PeMS04,1268,6,0.6163864135742188
PeMS04,1268,12,1.00567626953125
PeMS04,1269,1,1.81427001953125
PeMS04,1269,6,0.225982666015625
PeMS04,1269,12,2.9768218994140625
PeMS04,1270,1,1.38671875
PeMS04,1270,6,-0.7061614990234375
PeMS04,1270,12,2.2322921752929688
PeMS04,1271,1,4.635955810546875
PeMS04,1271,6,0.8718414306640625
PeMS04,1271,12,4.10162353515625
PeMS04,1272,1,4.728179931640625
PeMS04,1272,6,0.06134033203125
PeMS04,1272,12,0.8929824829101562
PeMS04,1273,1,-2.468292236328125
PeMS04,1273,6,-0.753509521484375
PeMS04,1273,12,0.9604034423828125
PeMS04,1274,1,-0.659881591796875
PeMS04,1274,6,-0.90557861328125
PeMS04,1274,12,0.5981597900390625
PeMS04,1275,1,0.09803009033203125
PeMS04,1275,6,-0.645477294921875
PeMS04,1275,12,-0.392822265625
PeMS04,1276,1,0.65484619140625
PeMS04,1276,6,2.7934722900390625
PeMS04,1276,12,1.0635299682617188
PeMS04,1277,1,2.5990753173828125
PeMS04,1277,6,3.717315673828125
PeMS04,1277,12,1.8796882629394531
PeMS04,1278,1,2.852081298828125
PeMS04,1278,6,1.43310546875
PeMS04,1278,12,0.42657470703125
PeMS04,1279,1,2.5914306640625
PeMS04,1279,6,0.554962158203125
PeMS04,1279,12,2.176666259765625
PeMS04,1280,1,1.6228790283203125
PeMS04,1280,6,-0.34613037109375
PeMS04,1280,12,1.6369247436523438
PeMS04,1281,1,1.6378631591796875
PeMS04,1281,6,0.675689697265625
PeMS04,1281,12,1.293060302734375
PeMS04,1282,1,3.394775390625
PeMS04,1282,6,-2.155914306640625
PeMS04,1282,12,1.4923477172851562
PeMS04,1283,1,-0.39654541015625
PeMS04,1283,6,-0.5505561828613281
PeMS04,1283,12,-0.023468017578125
PeMS04,1284,1,0.0353851318359375
PeMS04,1284,6,-0.39112091064453125
PeMS04,1284,12,-0.2540550231933594
PeMS04,1285,1,0.735626220703125
PeMS04,1285,6,0.2014617919921875
PeMS04,1285,12,2.4547500610351562
PeMS04,1286,1,2.258209228515625
PeMS04,1286,6,0.673736572265625
PeMS04,1286,12,1.5342636108398438
PeMS04,1287,1,-1.670928955078125
PeMS04,1287,6,0.1834716796875
PeMS04,1287,12,0.9747314453125
PeMS04,1288,1,-2.5311126708984375
PeMS04,1288,6,1.0737495422363281
PeMS04,1288,12,3.4404296875
PeMS04,1289,1,-0.2973785400390625
PeMS04,1289,6,-0.3865966796875
PeMS04,1289,12,1.6897659301757812
PeMS04,1290,1,0.2291107177734375
PeMS04,1290,6,1.1844635009765625
PeMS04,1290,12,2.0622329711914062
PeMS04,1291,1,0.1302032470703125
PeMS04,1291,6,0.3516807556152344
PeMS04,1291,12,2.822154998779297
PeMS04,1292,1,-2.1549530029296875
PeMS04,1292,6,0.6070098876953125
PeMS04,1292,12,0.4539756774902344
PeMS04,1293,1,0.8556976318359375
PeMS04,1293,6,-0.2581939697265625
PeMS04,1293,12,2.0468826293945312
PeMS04,1294,1,-1.1412353515625
PeMS04,1294,6,1.6762847900390625
PeMS04,1294,12,1.0684356689453125
PeMS04,1295,1,-0.3055534362792969
PeMS04,1295,6,0.7158737182617188
PeMS04,1295,12,0.7734298706054688
PeMS04,1296,1,0.13782501220703125
PeMS04,1296,6,0.056793212890625
PeMS04,1296,12,1.3341064453125
PeMS04,1297,1,-1.1794357299804688
PeMS04,1297,6,0.06810760498046875
PeMS04,1297,12,1.2156829833984375
PeMS04,1298,1,-2.4811553955078125
PeMS04,1298,6,-0.30059051513671875
PeMS04,1298,12,1.397125244140625
PeMS04,1299,1,-0.232177734375
PeMS04,1299,6,0.13230133056640625
PeMS04,1299,12,1.0179901123046875
PeMS04,1300,1,-1.2373886108398438
PeMS04,1300,6,-0.363861083984375
PeMS04,1300,12,1.0998077392578125
PeMS04,1301,1,0.2006683349609375
PeMS04,1301,6,-0.4321327209472656
PeMS04,1301,12,-0.08322906494140625
PeMS04,1302,1,0.0332183837890625
PeMS04,1302,6,1.3314361572265625
PeMS04,1302,12,0.747772216796875
PeMS04,1303,1,-1.22113037109375
PeMS04,1303,6,0.3229827880859375
PeMS04,1303,12,1.4477386474609375
PeMS04,1304,1,-0.2402801513671875
PeMS04,1304,6,0.412353515625
PeMS04,1304,12,2.89703369140625
PeMS04,1305,1,-1.7018280029296875
PeMS04,1305,6,0.2502899169921875
PeMS04,1305,12,1.5138626098632812
PeMS04,1306,1,-0.8079071044921875
PeMS04,1306,6,0.06995391845703125
PeMS04,1306,12,2.6386871337890625
PeMS04,1307,1,-0.34723663330078125
PeMS04,1307,6,0.9564476013183594
PeMS04,1307,12,1.9106254577636719
PeMS04,1308,1,1.1004638671875
PeMS04,1308,6,1.5854873657226562
PeMS04,1308,12,0.17385101318359375
PeMS04,1309,1,1.2690887451171875
PeMS04,1309,6,2.432342529296875
PeMS04,1309,12,2.421142578125
PeMS04,1310,1,0.7564544677734375
PeMS04,1310,6,1.2863235473632812
PeMS04,1310,12,1.9042930603027344
PeMS04,1311,1,-0.193572998046875
PeMS04,1311,6,0.9446182250976562
PeMS04,1311,12,0.8514556884765625
PeMS04,1312,1,-0.9181671142578125
PeMS04,1312,6,0.2340545654296875
PeMS04,1312,12,-0.4014892578125
PeMS04,1313,1,0.7118377685546875
PeMS04,1313,6,1.2739067077636719
PeMS04,1313,12,-0.6285781860351562
PeMS04,1314,1,0.47833251953125
PeMS04,1314,6,-0.26958465576171875
PeMS04,1314,12,0.295654296875
PeMS04,1315,1,-0.24860763549804688
PeMS04,1315,6,0.18647003173828125
PeMS04,1315,12,0.562286376953125
PeMS04,1316,1,-0.56512451171875
PeMS04,1316,6,0.047027587890625
PeMS04,1316,12,0.1447906494140625
PeMS04,1317,1,-0.6361846923828125
PeMS04,1317,6,-1.304168701171875
PeMS04,1317,12,0.998779296875
PeMS04,1318,1,1.2896347045898438
PeMS04,1318,6,0.1337432861328125
PeMS04,1318,12,1.1630020141601562
PeMS04,1319,1,0.30324554443359375
PeMS04,1319,6,-0.8352508544921875
PeMS04,1319,12,0.36572265625
PeMS04,1320,1,0.6423568725585938
PeMS04,1320,6,0.0873260498046875
PeMS04,1320,12,0.9268264770507812
PeMS04,1321,1,-0.00580596923828125
PeMS04,1321,6,0.0883331298828125
PeMS04,1321,12,1.1002388000488281
PeMS04,1322,1,-0.8229827880859375
PeMS04,1322,6,0.3426055908203125
PeMS04,1322,12,1.5439605712890625
PeMS04,1323,1,0.15185546875
PeMS04,1323,6,1.9134445190429688
PeMS04,1323,12,2.1316452026367188
PeMS04,1324,1,-0.9668960571289062
PeMS04,1324,6,1.104949951171875
PeMS04,1324,12,2.1753005981445312
PeMS04,1325,1,-0.0890655517578125
PeMS04,1325,6,0.9229049682617188
PeMS04,1325,12,2.52764892578125
PeMS04,1326,1,1.4372406005859375
PeMS04,1326,6,0.8270187377929688
PeMS04,1326,12,3.6087493896484375
PeMS04,1327,1,0.055816650390625
PeMS04,1327,6,2.2641448974609375
PeMS04,1327,12,2.8181228637695312
PeMS04,1328,1,0.8947296142578125
PeMS04,1328,6,1.2169952392578125
PeMS04,1328,12,1.4169235229492188
PeMS04,1329,1,-0.6526031494140625
PeMS04,1329,6,1.2385635375976562
PeMS04,1329,12,0.767852783203125
PeMS04,1330,1,-0.5547103881835938
PeMS04,1330,6,1.0123825073242188
PeMS04,1330,12,0.47853851318359375
PeMS04,1331,1,0.25246429443359375
PeMS04,1331,6,0.9495849609375
PeMS04,1331,12,0.7691497802734375
PeMS04,1332,1,1.4506454467773438
PeMS04,1332,6,1.770538330078125
PeMS04,1332,12,1.359375
PeMS04,1333,1,0.3992156982421875
PeMS04,1333,6,1.1579666137695312
PeMS04,1333,12,0.9592666625976562
PeMS04,1334,1,-0.1369476318359375
PeMS04,1334,6,1.0747833251953125
PeMS04,1334,12,1.22705078125
PeMS04,1335,1,-0.30467987060546875
PeMS04,1335,6,1.4028778076171875
PeMS04,1335,12,1.5697784423828125
PeMS04,1336,1,0.1797943115234375
PeMS04,1336,6,0.7801666259765625
PeMS04,1336,12,1.7585906982421875
PeMS04,1337,1,0.49591064453125
PeMS04,1337,6,0.8410797119140625
PeMS04,1337,12,1.7694854736328125
PeMS04,1338,1,-0.39902496337890625
PeMS04,1338,6,0.45470428466796875
PeMS04,1338,12,1.1640853881835938
PeMS04,1339,1,-0.455169677734375
PeMS04,1339,6,0.8978195190429688
PeMS04,1339,12,2.132720947265625
PeMS04,1340,1,0.445037841796875
PeMS04,1340,6,0.9354705810546875
PeMS04,1340,12,2.8885498046875
PeMS04,1341,1,0.2657928466796875
PeMS04,1341,6,1.3206863403320312
PeMS04,1341,12,1.8459014892578125
PeMS04,1342,1,-0.147674560546875
PeMS04,1342,6,1.5501327514648438
PeMS04,1342,12,2.1707916259765625
PeMS04,1343,1,-0.5545196533203125
PeMS04,1343,6,1.8214263916015625
PeMS04,1343,12,2.0609283447265625
PeMS04,1344,1,-0.2804412841796875
PeMS04,1344,6,1.3467178344726562
PeMS04,1344,12,2.4117202758789062
PeMS04,1345,1,-0.32330322265625
PeMS04,1345,6,2.0260848999023438
PeMS04,1345,12,1.9523773193359375
PeMS04,1346,1,0.1029205322265625
PeMS04,1346,6,2.5500106811523438
PeMS04,1346,12,2.2113037109375
PeMS04,1347,1,0.5796127319335938
PeMS04,1347,6,2.076904296875
PeMS04,1347,12,2.3451080322265625
PeMS04,1348,1,1.104400634765625
PeMS04,1348,6,2.0029449462890625
PeMS04,1348,12,2.8817596435546875
PeMS04,1349,1,-0.0887298583984375
PeMS04,1349,6,2.4229583740234375
PeMS04,1349,12,1.8670578002929688
PeMS04,1350,1,0.02872467041015625
PeMS04,1350,6,1.4636688232421875
PeMS04,1350,12,1.3924407958984375
PeMS04,1351,1,1.5012893676757812
PeMS04,1351,6,0.9080810546875
PeMS04,1351,12,0.9847869873046875
PeMS04,1352,1,-0.0285797119140625
PeMS04,1352,6,1.3362655639648438
PeMS04,1352,12,1.6751861572265625
PeMS04,1353,1,1.288909912109375
PeMS04,1353,6,1.2735824584960938
PeMS04,1353,12,2.194671630859375
PeMS04,1354,1,0.4616546630859375
PeMS04,1354,6,1.7338409423828125
PeMS04,1354,12,0.5582962036132812
PeMS04,1355,1,0.2444610595703125
PeMS04,1355,6,0.4986724853515625
PeMS04,1355,12,0.5450897216796875
PeMS04,1356,1,-0.435394287109375
PeMS04,1356,6,1.3319549560546875
PeMS04,1356,12,2.10760498046875
PeMS04,1357,1,0.0799560546875
PeMS04,1357,6,1.1015167236328125
PeMS04,1357,12,2.0498580932617188
PeMS04,1358,1,-0.41989898681640625
PeMS04,1358,6,1.5018081665039062
PeMS04,1358,12,1.4744186401367188
PeMS04,1359,1,0.31256103515625
PeMS04,1359,6,1.266204833984375
PeMS04,1359,12,1.19427490234375
PeMS04,1360,1,-0.06937408447265625
PeMS04,1360,6,0.4027366638183594
PeMS04,1360,12,3.07110595703125
PeMS04,1361,1,0.74298095703125
PeMS04,1361,6,0.2270050048828125
PeMS04,1361,12,2.9132843017578125
PeMS04,1362,1,0.1681365966796875
PeMS04,1362,6,1.8710174560546875
PeMS04,1362,12,2.4102401733398438
PeMS04,1363,1,0.47415924072265625
PeMS04,1363,6,1.8601455688476562
PeMS04,1363,12,1.822784423828125
PeMS04,1364,1,0.3050994873046875
PeMS04,1364,6,1.826904296875
PeMS04,1364,12,2.647674560546875
PeMS04,1365,1,-0.46356201171875
PeMS04,1365,6,1.2543182373046875
PeMS04,1365,12,2.432586669921875
PeMS04,1366,1,-0.2889251708984375
PeMS04,1366,6,2.5841445922851562
PeMS04,1366,12,2.590789794921875
PeMS04,1367,1,0.4161376953125
PeMS04,1367,6,2.6795425415039062
PeMS04,1367,12,2.726409912109375
PeMS04,1368,1,0.10422515869140625
PeMS04,1368,6,1.6930999755859375
PeMS04,1368,12,2.1983642578125
PeMS04,1369,1,0.055877685546875
PeMS04,1369,6,0.8336181640625
PeMS04,1369,12,2.3632354736328125
PeMS04,1370,1,-0.0459747314453125
PeMS04,1370,6,1.6628570556640625
PeMS04,1370,12,2.6309127807617188
PeMS04,1371,1,1.0581817626953125
PeMS04,1371,6,1.338958740234375
PeMS04,1371,12,1.9973297119140625
PeMS04,1372,1,0.907958984375
PeMS04,1372,6,1.32403564453125
PeMS04,1372,12,2.0516357421875
PeMS04,1373,1,-0.06105804443359375
PeMS04,1373,6,1.8347549438476562
PeMS04,1373,12,1.616943359375
PeMS04,1374,1,-1.0158843994140625
PeMS04,1374,6,1.4865875244140625
PeMS04,1374,12,2.2007064819335938
PeMS04,1375,1,0.664276123046875
PeMS04,1375,6,1.4571151733398438
PeMS04,1375,12,1.6220550537109375
PeMS04,1376,1,0.223541259765625
PeMS04,1376,6,2.2108535766601562
PeMS04,1376,12,2.8749237060546875
PeMS04,1377,1,0.5829925537109375
PeMS04,1377,6,1.4462890625
PeMS04,1377,12,2.4260635375976562
PeMS04,1378,1,1.5184402465820312
PeMS04,1378,6,1.3960418701171875
PeMS04,1378,12,1.8924102783203125
PeMS04,1379,1,1.22607421875
PeMS04,1379,6,1.6165924072265625
PeMS04,1379,12,1.4233551025390625
PeMS04,1380,1,0.4520416259765625
PeMS04,1380,6,2.580982208251953
PeMS04,1380,12,3.10284423828125
PeMS04,1381,1,1.4384498596191406
PeMS04,1381,6,1.6755447387695312
PeMS04,1381,12,2.3209190368652344
PeMS04,1382,1,0.356903076171875
PeMS04,1382,6,2.0803070068359375
PeMS04,1382,12,3.2589569091796875
PeMS04,1383,1,0.2529144287109375
PeMS04,1383,6,1.9924850463867188
PeMS04,1383,12,2.1049880981445312
PeMS04,1384,1,0.976348876953125
PeMS04,1384,6,1.968902587890625
PeMS04,1384,12,3.9913711547851562
PeMS04,1385,1,0.9354324340820312
PeMS04,1385,6,1.3533172607421875
PeMS04,1385,12,3.2942657470703125
PeMS04,1386,1,-0.22037506103515625
PeMS04,1386,6,2.168487548828125
PeMS04,1386,12,4.606758117675781
PeMS04,1387,1,0.826812744140625
PeMS04,1387,6,0.6880569458007812
PeMS04,1387,12,2.9579315185546875
PeMS04,1388,1,0.01491546630859375
PeMS04,1388,6,2.2518463134765625
PeMS04,1388,12,4.379539489746094
PeMS04,1389,1,-0.24273681640625
PeMS04,1389,6,1.220550537109375
PeMS04,1389,12,3.2622909545898438
PeMS04,1390,1,0.192901611328125
PeMS04,1390,6,1.6990623474121094
PeMS04,1390,12,5.900154113769531
PeMS04,1391,1,1.2888641357421875
PeMS04,1391,6,2.9904098510742188
PeMS04,1391,12,6.537078857421875
PeMS04,1392,1,0.46997833251953125
PeMS04,1392,6,3.4115219116210938
PeMS04,1392,12,3.2686691284179688
PeMS04,1393,1,1.1113662719726562
PeMS04,1393,6,1.8042526245117188
PeMS04,1393,12,8.237476348876953
PeMS04,1394,1,-0.2831573486328125
PeMS04,1394,6,2.872467041015625
PeMS04,1394,12,3.862274169921875
PeMS04,1395,1,-0.4019813537597656
PeMS04,1395,6,2.4818572998046875
PeMS04,1395,12,4.150177001953125
PeMS04,1396,1,-0.5528373718261719
PeMS04,1396,6,3.3076133728027344
PeMS04,1396,12,3.3993911743164062
PeMS04,1397,1,2.5860443115234375
PeMS04,1397,6,3.234832763671875
PeMS04,1397,12,3.3795242309570312
PeMS04,1398,1,0.24428558349609375
PeMS04,1398,6,2.3055801391601562
PeMS04,1398,12,4.203395843505859
PeMS04,1399,1,0.011981964111328125
PeMS04,1399,6,6.14166259765625
PeMS04,1399,12,7.25341796875
PeMS04,1400,1,1.1960258483886719
PeMS04,1400,6,2.6234893798828125
PeMS04,1400,12,5.536285400390625
PeMS04,1401,1,1.6504936218261719
PeMS04,1401,6,2.8927383422851562
PeMS04,1401,12,6.5171051025390625
PeMS04,1402,1,2.2989349365234375
PeMS04,1402,6,5.722076416015625
PeMS04,1402,12,10.06252670288086
PeMS04,1403,1,-0.147705078125
PeMS04,1403,6,2.3661727905273438
PeMS04,1403,12,7.2051239013671875
PeMS04,1404,1,2.5759658813476562
PeMS04,1404,6,3.4397354125976562
PeMS04,1404,12,6.388763427734375
PeMS04,1405,1,0.7060546875
PeMS04,1405,6,2.8464202880859375
PeMS04,1405,12,5.077705383300781
PeMS04,1406,1,0.388641357421875
PeMS04,1406,6,4.221893310546875
PeMS04,1406,12,6.031707763671875
PeMS04,1407,1,0.24222946166992188
PeMS04,1407,6,4.451057434082031
PeMS04,1407,12,6.067176818847656
PeMS04,1408,1,0.95660400390625
PeMS04,1408,6,5.095111846923828
PeMS04,1408,12,7.21282958984375
PeMS04,1409,1,0.15858840942382812
PeMS04,1409,6,6.683189392089844
PeMS04,1409,12,2.3390350341796875
PeMS04,1410,1,-0.36322021484375
PeMS04,1410,6,2.9344329833984375
PeMS04,1410,12,0.1924591064453125
PeMS04,1411,1,1.9777374267578125
PeMS04,1411,6,2.0180511474609375
PeMS04,1411,12,6.6314697265625
PeMS04,1412,1,0.6112823486328125
PeMS04,1412,6,1.4902191162109375
PeMS04,1412,12,0.8832550048828125
PeMS04,1413,1,0.5092620849609375
PeMS04,1413,6,2.6897964477539062
PeMS04,1413,12,-0.378173828125
PeMS04,1414,1,0.5707550048828125
PeMS04,1414,6,1.565521240234375
PeMS04,1414,12,3.8325042724609375
PeMS04,1415,1,-0.17914581298828125
PeMS04,1415,6,0.750213623046875
PeMS04,1415,12,3.0378341674804688
PeMS04,1416,1,0.5835800170898438
PeMS04,1416,6,-2.71209716796875
PeMS04,1416,12,2.3610382080078125
PeMS04,1417,1,-0.8247909545898438
PeMS04,1417,6,2.3274688720703125
PeMS04,1417,12,1.525238037109375
PeMS04,1418,1,0.04412841796875
PeMS04,1418,6,0.16214752197265625
PeMS04,1418,12,1.291717529296875
PeMS04,1419,1,2.692108154296875
PeMS04,1419,6,0.027740478515625
PeMS04,1419,12,2.6180419921875
PeMS04,1420,1,-1.116119384765625
PeMS04,1420,6,1.425201416015625
PeMS04,1420,12,0.9908447265625
PeMS04,1421,1,-4.572509765625
PeMS04,1421,6,2.1797561645507812
PeMS04,1421,12,5.451759338378906
PeMS04,1422,1,3.4680023193359375
PeMS04,1422,6,2.4177703857421875
PeMS04,1422,12,2.986968994140625
PeMS04,1423,1,-0.1807403564453125
PeMS04,1423,6,4.1864013671875
PeMS04,1423,12,4.4426422119140625
PeMS04,1424,1,0.5064239501953125
PeMS04,1424,6,1.5440673828125
PeMS04,1424,12,1.35064697265625
PeMS04,1425,1,-1.56317138671875
PeMS04,1425,6,1.566925048828125
PeMS04,1425,12,-0.04433441162109375
PeMS04,1426,1,-1.8718338012695312
PeMS04,1426,6,0.02947998046875
PeMS04,1426,12,0.7159271240234375
PeMS04,1427,1,1.7274093627929688
PeMS04,1427,6,2.8084716796875
PeMS04,1427,12,-0.419525146484375
PeMS04,1428,1,0.8510589599609375
PeMS04,1428,6,-0.1976776123046875
PeMS04,1428,12,-2.3423995971679688
PeMS04,1429,1,-1.24786376953125
PeMS04,1429,6,0.87213134765625
PeMS04,1429,12,-1.419189453125
PeMS04,1430,1,1.5272369384765625
PeMS04,1430,6,-0.7259902954101562
PeMS04,1430,12,0.3773193359375
PeMS04,1431,1,-0.408721923828125
PeMS04,1431,6,1.249542236328125
PeMS04,1431,12,-1.75921630859375
PeMS04,1432,1,0.2923431396484375
PeMS04,1432,6,-0.21834564208984375
PeMS04,1432,12,0.670623779296875
PeMS04,1433,1,1.5470657348632812
PeMS04,1433,6,-1.1452102661132812
PeMS04,1433,12,-0.95538330078125
PeMS04,1434,1,0.03497314453125
PeMS04,1434,6,-1.9643478393554688
PeMS04,1434,12,-3.79705810546875
PeMS04,1435,1,-2.250701904296875
PeMS04,1435,6,-2.37689208984375
PeMS04,1435,12,-1.3882598876953125
PeMS04,1436,1,-2.1497039794921875
PeMS04,1436,6,-1.9741477966308594
PeMS04,1436,12,-0.8151931762695312
PeMS04,1437,1,-1.18658447265625
PeMS04,1437,6,-2.41339111328125
PeMS04,1437,12,-0.4622955322265625
PeMS04,1438,1,-1.5921478271484375
PeMS04,1438,6,-0.00370025634765625
PeMS04,1438,12,-1.92041015625
PeMS04,1439,1,-1.4394454956054688
PeMS04,1439,6,-0.8512802124023438
PeMS04,1439,12,2.3775405883789062
PeMS04,1440,1,-2.218292236328125
PeMS04,1440,6,-2.13812255859375
PeMS04,1440,12,-2.98492431640625
PeMS04,1441,1,-1.4046096801757812
PeMS04,1441,6,-1.1458740234375
PeMS04,1441,12,-0.6268844604492188
PeMS04,1442,1,-0.9104766845703125
PeMS04,1442,6,-0.24980545043945312
PeMS04,1442,12,1.47393798828125
PeMS04,1443,1,-0.6425628662109375
PeMS04,1443,6,-0.7461090087890625
PeMS04,1443,12,-0.01031494140625
PeMS04,1444,1,-0.285797119140625
PeMS04,1444,6,-2.2093505859375
PeMS04,1444,12,2.2499542236328125
PeMS04,1445,1,-1.2533187866210938
PeMS04,1445,6,0.46942138671875
PeMS04,1445,12,2.2835540771484375
PeMS04,1446,1,0.4055938720703125
PeMS04,1446,6,-2.974822998046875
PeMS04,1446,12,3.3539581298828125
PeMS04,1447,1,1.3705825805664062
PeMS04,1447,6,0.834564208984375
PeMS04,1447,12,0.37738037109375
PeMS04,1448,1,1.7833404541015625
PeMS04,1448,6,1.2863998413085938
PeMS04,1448,12,4.602874755859375
PeMS04,1449,1,-1.3017578125
PeMS04,1449,6,4.0930938720703125
PeMS04,1449,12,2.17181396484375
PeMS04,1450,1,1.0156478881835938
PeMS04,1450,6,3.576019287109375
PeMS04,1450,12,1.580078125
PeMS04,1451,1,-2.676055908203125
PeMS04,1451,6,1.3734207153320312
PeMS04,1451,12,3.89483642578125
PeMS04,1452,1,1.5341949462890625
PeMS04,1452,6,2.352466583251953
PeMS04,1452,12,3.28057861328125
PeMS04,1453,1,2.05438232421875
PeMS04,1453,6,-2.8398284912109375
PeMS04,1453,12,0.216827392578125
PeMS04,1454,1,-1.9649810791015625
PeMS04,1454,6,1.7528076171875
PeMS04,1454,12,-0.52032470703125
PeMS04,1455,1,0.8259124755859375
PeMS04,1455,6,0.3488616943359375
PeMS04,1455,12,1.0808944702148438
PeMS04,1456,1,0.8682174682617188
PeMS04,1456,6,-0.73358154296875
PeMS04,1456,12,0.9268341064453125
PeMS04,1457,1,2.0459976196289062
PeMS04,1457,6,1.4892578125
PeMS04,1457,12,1.0629806518554688
PeMS04,1458,1,-2.116302490234375
PeMS04,1458,6,1.7533416748046875
PeMS04,1458,12,2.1039352416992188
PeMS04,1459,1,4.0188751220703125
PeMS04,1459,6,-1.3473434448242188
PeMS04,1459,12,3.5487823486328125
PeMS04,1460,1,1.5381622314453125
PeMS04,1460,6,-1.3333740234375
PeMS04,1460,12,1.0338668823242188
PeMS04,1461,1,-1.06494140625
PeMS04,1461,6,-0.1225128173828125
PeMS04,1461,12,-2.443450927734375
PeMS04,1462,1,1.7785491943359375
PeMS04,1462,6,0.8443222045898438
PeMS04,1462,12,4.5284576416015625
PeMS04,1463,1,2.7352447509765625
PeMS04,1463,6,1.7877883911132812
PeMS04,1463,12,4.2460784912109375
PeMS04,1464,1,-0.5287246704101562
PeMS04,1464,6,2.6805572509765625
PeMS04,1464,12,6.487152099609375
PeMS04,1465,1,-1.8485336303710938
PeMS04,1465,6,2.066650390625
PeMS04,1465,12,3.49951171875
PeMS04,1466,1,0.35300445556640625
PeMS04,1466,6,1.0571517944335938
PeMS04,1466,12,3.499359130859375
PeMS04,1467,1,2.343475341796875
PeMS04,1467,6,-1.2956924438476562
PeMS04,1467,12,4.641845703125
PeMS04,1468,1,1.6175994873046875
PeMS04,1468,6,2.864410400390625
PeMS04,1468,12,3.544219970703125
PeMS04,1469,1,2.31744384765625
PeMS04,1469,6,3.685688018798828
PeMS04,1469,12,5.931121826171875
PeMS04,1470,1,-0.429290771484375
PeMS04,1470,6,6.3073272705078125
PeMS04,1470,12,4.65753173828125
PeMS04,1471,1,-0.9696502685546875
PeMS04,1471,6,0.72979736328125
PeMS04,1471,12,2.00518798828125
PeMS04,1472,1,-2.0046920776367188
PeMS04,1472,6,0.7697525024414062
PeMS04,1472,12,6.466148376464844
PeMS04,1473,1,2.4203338623046875
PeMS04,1473,6,1.8235626220703125
PeMS04,1473,12,1.279632568359375
PeMS04,1474,1,3.2345428466796875
PeMS04,1474,6,1.64874267578125
PeMS04,1474,12,1.9473114013671875
PeMS04,1475,1,4.010284423828125
PeMS04,1475,6,2.51287841796875
PeMS04,1475,12,-1.053192138671875
PeMS04,1476,1,-1.5801239013671875
PeMS04,1476,6,-1.641693115234375
PeMS04,1476,12,-2.138824462890625
PeMS04,1477,1,-0.45970916748046875
PeMS04,1477,6,-1.1658706665039062
PeMS04,1477,12,1.0778656005859375
PeMS04,1478,1,0.419219970703125
PeMS04,1478,6,3.829925537109375
PeMS04,1478,12,0.750457763671875
PeMS04,1479,1,-0.79522705078125
PeMS04,1479,6,-1.122589111328125
PeMS04,1479,12,-3.709747314453125
PeMS04,1480,1,0.32867431640625
PeMS04,1480,6,1.395294189453125
PeMS04,1480,12,-1.3359375
PeMS04,1481,1,-1.47332763671875
PeMS04,1481,6,-1.563385009765625
PeMS04,1481,12,-2.40008544921875
PeMS04,1482,1,-1.027130126953125
PeMS04,1482,6,-2.659332275390625
PeMS04,1482,12,-1.0919342041015625
PeMS04,1483,1,2.4437103271484375
PeMS04,1483,6,-0.98687744140625
PeMS04,1483,12,1.070831298828125
PeMS04,1484,1,-2.4037017822265625
PeMS04,1484,6,-1.05169677734375
PeMS04,1484,12,2.9689102172851562
PeMS04,1485,1,3.1924285888671875
PeMS04,1485,6,-2.3795623779296875
PeMS04,1485,12,2.0574951171875
PeMS04,1486,1,1.486419677734375
PeMS04,1486,6,-0.2480010986328125
PeMS04,1486,12,-0.45831298828125
PeMS04,1487,1,-0.2830352783203125
PeMS04,1487,6,0.5729522705078125
PeMS04,1487,12,0.40760040283203125
PeMS04,1488,1,1.2621612548828125
PeMS04,1488,6,-1.181396484375
PeMS04,1488,12,0.5177764892578125
PeMS04,1489,1,2.146514892578125
PeMS04,1489,6,0.98931884765625
PeMS04,1489,12,1.9935760498046875
PeMS04,1490,1,-1.6813201904296875
PeMS04,1490,6,3.2318115234375
PeMS04,1490,12,3.217815399169922
PeMS04,1491,1,2.4332275390625
PeMS04,1491,6,0.19422149658203125
PeMS04,1491,12,1.3894500732421875
PeMS04,1492,1,2.3966064453125
PeMS04,1492,6,-0.048980712890625
PeMS04,1492,12,-0.06142425537109375
PeMS04,1493,1,0.685028076171875
PeMS04,1493,6,-0.11711883544921875
PeMS04,1493,12,5.3542938232421875
PeMS04,1494,1,1.90057373046875
PeMS04,1494,6,2.0716171264648438
PeMS04,1494,12,3.13232421875
PeMS04,1495,1,5.03887939453125
PeMS04,1495,6,2.2581329345703125
PeMS04,1495,12,2.95513916015625
PeMS04,1496,1,1.1657257080078125
PeMS04,1496,6,0.930084228515625
PeMS04,1496,12,-1.117889404296875
PeMS04,1497,1,-0.5651092529296875
PeMS04,1497,6,-0.8141021728515625
PeMS04,1497,12,1.063751220703125
PeMS04,1498,1,1.435455322265625
PeMS04,1498,6,-0.799407958984375
PeMS04,1498,12,2.130218505859375
PeMS04,1499,1,1.1571044921875
PeMS04,1499,6,3.4533462524414062
PeMS04,1499,12,4.214263916015625
PeMS04,1500,1,0.5584182739257812
PeMS04,1500,6,1.9258041381835938
PeMS04,1500,12,2.1224365234375
PeMS04,1501,1,1.9331741333007812
PeMS04,1501,6,-0.43560028076171875
PeMS04,1501,12,-0.282867431640625
PeMS04,1502,1,-1.8149185180664062
PeMS04,1502,6,-0.0672607421875
PeMS04,1502,12,-1.8145751953125
PeMS04,1503,1,-1.7053070068359375
PeMS04,1503,6,0.724151611328125
PeMS04,1503,12,4.069610595703125
PeMS04,1504,1,2.4676361083984375
PeMS04,1504,6,1.5824432373046875
PeMS04,1504,12,3.1854705810546875
PeMS04,1505,1,1.9293060302734375
PeMS04,1505,6,5.837738037109375
PeMS04,1505,12,8.072402954101562
PeMS04,1506,1,-0.225189208984375
PeMS04,1506,6,3.4197921752929688
PeMS04,1506,12,4.932891845703125
PeMS04,1507,1,0.6731719970703125
PeMS04,1507,6,0.12109375
PeMS04,1507,12,3.28533935546875
PeMS04,1508,1,0.6342315673828125
PeMS04,1508,6,-2.6961669921875
PeMS04,1508,12,2.5774002075195312
PeMS04,1509,1,-0.246917724609375
PeMS04,1509,6,1.89056396484375
PeMS04,1509,12,2.44775390625
PeMS04,1510,1,1.0898895263671875
PeMS04,1510,6,-1.756072998046875
PeMS04,1510,12,1.128448486328125
PeMS04,1511,1,1.47747802734375
PeMS04,1511,6,4.17633056640625
PeMS04,1511,12,-1.78411865234375
PeMS04,1512,1,-3.0148162841796875
PeMS04,1512,6,-1.27960205078125
PeMS04,1512,12,0.66717529296875
PeMS04,1513,1,-5.3922119140625
PeMS04,1513,6,2.0581512451171875
PeMS04,1513,12,2.230224609375
PeMS04,1514,1,1.676025390625
PeMS04,1514,6,0.32757568359375
PeMS04,1514,12,6.23858642578125
PeMS04,1515,1,-0.308868408203125
PeMS04,1515,6,5.5010528564453125
PeMS04,1515,12,3.077117919921875
PeMS04,1516,1,8.774398803710938
PeMS04,1516,6,1.863616943359375
PeMS04,1516,12,3.74261474609375
PeMS04,1517,1,1.316162109375
PeMS04,1517,6,0.7341156005859375
PeMS04,1517,12,5.5256805419921875
PeMS04,1518,1,0.769073486328125
PeMS04,1518,6,1.7418212890625
PeMS04,1518,12,1.4368133544921875
PeMS04,1519,1,-1.333984375
PeMS04,1519,6,2.98486328125
PeMS04,1519,12,6.10919189453125
PeMS04,1520,1,1.375396728515625
PeMS04,1520,6,4.5492095947265625
PeMS04,1520,12,0.962890625
PeMS04,1521,1,-0.12811279296875
PeMS04,1521,6,0.635986328125
PeMS04,1521,12,1.380615234375
PeMS04,1522,1,-3.29302978515625
PeMS04,1522,6,1.8912353515625
PeMS04,1522,12,1.1663818359375
PeMS04,1523,1,2.2891845703125
PeMS04,1523,6,3.349456787109375
PeMS04,1523,12,5.119232177734375
PeMS04,1524,1,2.978363037109375
PeMS04,1524,6,-1.08294677734375
PeMS04,1524,12,-0.45037841796875
PeMS04,1525,1,3.718231201171875
PeMS04,1525,6,3.8102035522460938
PeMS04,1525,12,-2.04119873046875
PeMS04,1526,1,-0.0579681396484375
PeMS04,1526,6,2.0286865234375
PeMS04,1526,12,-2.6250152587890625
PeMS04,1527,1,1.8017578125
PeMS04,1527,6,-2.1707763671875
PeMS04,1527,12,5.577239990234375
PeMS04,1528,1,-0.3170166015625
PeMS04,1528,6,-1.437530517578125
PeMS04,1528,12,1.6848602294921875
PeMS04,1529,1,-2.65240478515625
PeMS04,1529,6,4.06805419921875
PeMS04,1529,12,7.480133056640625
PeMS04,1530,1,3.954925537109375
PeMS04,1530,6,1.31805419921875
PeMS04,1530,12,-2.14471435546875
PeMS04,1531,1,3.42828369140625
PeMS04,1531,6,1.1843414306640625
PeMS04,1531,12,-0.734954833984375
PeMS04,1532,1,0.295379638671875
PeMS04,1532,6,-2.497528076171875
PeMS04,1532,12,2.4925079345703125
PeMS04,1533,1,0.774566650390625
PeMS04,1533,6,3.386444091796875
PeMS04,1533,12,2.73907470703125
PeMS04,1534,1,5.2659912109375
PeMS04,1534,6,0.1512451171875
PeMS04,1534,12,1.5731201171875
PeMS04,1535,1,-1.571136474609375
PeMS04,1535,6,7.5826416015625
PeMS04,1535,12,3.1336517333984375
PeMS04,1536,1,-0.9473876953125
PeMS04,1536,6,0.0362548828125
PeMS04,1536,12,2.812835693359375
PeMS04,1537,1,-1.760162353515625
PeMS04,1537,6,4.0885009765625
PeMS04,1537,12,4.8975067138671875
PeMS04,1538,1,5.2604217529296875
PeMS04,1538,6,1.2318115234375
PeMS04,1538,12,2.846282958984375
PeMS04,1539,1,0.9352264404296875
PeMS04,1539,6,1.95416259765625
PeMS04,1539,12,4.869110107421875
PeMS04,1540,1,6.959197998046875
PeMS04,1540,6,2.1314239501953125
PeMS04,1540,12,4.806427001953125
PeMS04,1541,1,-0.6761474609375
PeMS04,1541,6,-2.8498687744140625
PeMS04,1541,12,1.8141937255859375
PeMS04,1542,1,-0.702484130859375
PeMS04,1542,6,1.694183349609375
PeMS04,1542,12,4.36590576171875
PeMS04,1543,1,-1.5760498046875
PeMS04,1543,6,1.34503173828125
PeMS04,1543,12,0.346710205078125
PeMS04,1544,1,-1.5040283203125
PeMS04,1544,6,3.197906494140625
PeMS04,1544,12,-0.682098388671875
PeMS04,1545,1,0.0324249267578125
PeMS04,1545,6,2.61138916015625
PeMS04,1545,12,3.170684814453125
PeMS04,1546,1,-1.7937698364257812
PeMS04,1546,6,0.9696197509765625
PeMS04,1546,12,2.4914093017578125
PeMS04,1547,1,3.6646728515625
PeMS04,1547,6,0.8162384033203125
PeMS04,1547,12,-0.7430572509765625
PeMS04,1548,1,1.6024398803710938
PeMS04,1548,6,3.885467529296875
PeMS04,1548,12,0.2141265869140625
PeMS04,1549,1,4.348541259765625
PeMS04,1549,6,0.252777099609375
PeMS04,1549,12,-1.4596099853515625
PeMS04,1550,1,-0.9472503662109375
PeMS04,1550,6,-0.55682373046875
PeMS04,1550,12,1.46685791015625
PeMS04,1551,1,1.3376312255859375
PeMS04,1551,6,1.13629150390625
PeMS04,1551,12,0.807586669921875
PeMS04,1552,1,-1.1656494140625
PeMS04,1552,6,2.694549560546875
PeMS04,1552,12,-1.861785888671875
PeMS04,1553,1,4.2943572998046875
PeMS04,1553,6,-0.308837890625
PeMS04,1553,12,-0.43353271484375
PeMS04,1554,1,2.97479248046875
PeMS04,1554,6,-2.376739501953125
PeMS04,1554,12,-1.4833526611328125
PeMS04,1555,1,1.951904296875
PeMS04,1555,6,-1.6784210205078125
PeMS04,1555,12,-0.71405029296875
PeMS04,1556,1,1.0880126953125
PeMS04,1556,6,-1.195281982421875
PeMS04,1556,12,-2.4886245727539062
PeMS04,1557,1,1.8003082275390625
PeMS04,1557,6,-0.515899658203125
PeMS04,1557,12,0.05889892578125
PeMS04,1558,1,1.2349700927734375
PeMS04,1558,6,-2.1858062744140625
PeMS04,1558,12,0.1996307373046875
PeMS04,1559,1,-0.9275970458984375
PeMS04,1559,6,0.66943359375
PeMS04,1559,12,1.4225006103515625
PeMS04,1560,1,-1.678955078125
PeMS04,1560,6,-0.9801177978515625
PeMS04,1560,12,-0.77862548828125
PeMS04,1561,1,0.4534912109375
PeMS04,1561,6,1.145233154296875
PeMS04,1561,12,3.0335540771484375
PeMS04,1562,1,-0.36065673828125
PeMS04,1562,6,-1.6864013671875
PeMS04,1562,12,-0.591217041015625
PeMS04,1563,1,0.123077392578125
PeMS04,1563,6,3.1042022705078125
PeMS04,1563,12,1.931549072265625
PeMS04,1564,1,1.268798828125
PeMS04,1564,6,-0.5931243896484375
PeMS04,1564,12,-0.4306182861328125
PeMS04,1565,1,0.304046630859375
PeMS04,1565,6,-0.1232452392578125
PeMS04,1565,12,0.99298095703125
PeMS04,1566,1,1.6896209716796875
PeMS04,1566,6,0.2221221923828125
PeMS04,1566,12,1.9298629760742188
PeMS04,1567,1,-0.381317138671875
PeMS04,1567,6,-0.110076904296875
PeMS04,1567,12,-1.563751220703125
PeMS04,1568,1,0.776214599609375
PeMS04,1568,6,-2.1930389404296875
PeMS04,1568,12,0.9397125244140625
PeMS04,1569,1,-1.8826141357421875
PeMS04,1569,6,-1.266448974609375
PeMS04,1569,12,-1.640594482421875
PeMS04,1570,1,-1.23492431640625
PeMS04,1570,6,-1.12646484375
PeMS04,1570,12,-1.07489013671875
PeMS04,1571,1,1.128387451171875
PeMS04,1571,6,0.202239990234375
PeMS04,1571,12,1.8880081176757812
PeMS04,1572,1,-0.020782470703125
PeMS04,1572,6,0.04793548583984375
PeMS04,1572,12,1.772186279296875
PeMS04,1573,1,-0.5675201416015625
PeMS04,1573,6,-1.89971923828125
PeMS04,1573,12,0.409149169921875
PeMS04,1574,1,1.324462890625
PeMS04,1574,6,-0.16265106201171875
PeMS04,1574,12,2.4680099487304688
PeMS04,1575,1,0.38979339599609375
PeMS04,1575,6,-1.1601943969726562
PeMS04,1575,12,0.7201995849609375
PeMS04,1576,1,1.427490234375
PeMS04,1576,6,0.46240234375
PeMS04,1576,12,2.2576942443847656
PeMS04,1577,1,1.5296096801757812
PeMS04,1577,6,-0.4735870361328125
PeMS04,1577,12,2.4089813232421875
PeMS04,1578,1,-0.4063873291015625
PeMS04,1578,6,2.351665496826172
PeMS04,1578,12,4.2664794921875
PeMS04,1579,1,1.150054931640625
PeMS04,1579,6,1.6124191284179688
PeMS04,1579,12,6.278472900390625
PeMS04,1580,1,-0.003662109375
PeMS04,1580,6,3.197956085205078
PeMS04,1580,12,8.215034484863281
PeMS04,1581,1,0.5928192138671875
PeMS04,1581,6,3.128925323486328
PeMS04,1581,12,8.222366333007812
PeMS04,1582,1,1.2195663452148438
PeMS04,1582,6,1.8078155517578125
PeMS04,1582,12,10.062744140625
PeMS04,1583,1,1.9975547790527344
PeMS04,1583,6,3.3126983642578125
PeMS04,1583,12,6.953544616699219
PeMS04,1584,1,1.8202133178710938
PeMS04,1584,6,5.344024658203125
PeMS04,1584,12,4.377113342285156
PeMS04,1585,1,3.15936279296875
PeMS04,1585,6,4.295524597167969
PeMS04,1585,12,5.807670593261719
PeMS04,1586,1,1.1135368347167969
PeMS04,1586,6,6.616283416748047
PeMS04,1586,12,5.251804351806641
PeMS04,1587,1,-0.39673614501953125
PeMS04,1587,6,4.3192596435546875
PeMS04,1587,12,2.5832672119140625
PeMS04,1588,1,1.770263671875
PeMS04,1588,6,5.946624755859375
PeMS04,1588,12,1.3773040771484375
PeMS04,1589,1,3.5637054443359375
PeMS04,1589,6,5.3264617919921875
PeMS04,1589,12,1.4275970458984375
PeMS04,1590,1,0.58868408203125
PeMS04,1590,6,0.8788375854492188
PeMS04,1590,12,-3.105621337890625
PeMS04,1591,1,1.7703475952148438
PeMS04,1591,6,-0.5232124328613281
PeMS04,1591,12,-1.525634765625
PeMS04,1592,1,-0.30817413330078125
PeMS04,1592,6,-0.9437751770019531
PeMS04,1592,12,-4.808197021484375
PeMS04,1593,1,-1.2587242126464844
PeMS04,1593,6,-3.0058746337890625
PeMS04,1593,12,-5.152252197265625
PeMS04,1594,1,-0.5516357421875
PeMS04,1594,6,-3.275970458984375
PeMS04,1594,12,-4.530574798583984
PeMS04,1595,1,-0.990447998046875
PeMS04,1595,6,-0.9505043029785156
PeMS04,1595,12,-4.094127655029297
PeMS04,1596,1,-1.9704399108886719
PeMS04,1596,6,-3.366626739501953
PeMS04,1596,12,-4.5435333251953125
PeMS04,1597,1,-0.01824951171875
PeMS04,1597,6,0.36405181884765625
PeMS04,1597,12,-0.5298004150390625
PeMS04,1598,1,-0.7165451049804688
PeMS04,1598,6,-2.4693145751953125
PeMS04,1598,12,0.19189453125
PeMS04,1599,1,-2.13311767578125
PeMS04,1599,6,-1.6321525573730469
PeMS04,1599,12,-1.03326416015625
PeMS04,1600,1,1.5869369506835938
PeMS04,1600,6,-0.35150146484375
PeMS04,1600,12,-2.3289794921875
PeMS04,1601,1,-0.8155479431152344
PeMS04,1601,6,-0.7271995544433594
PeMS04,1601,12,-1.1253662109375
PeMS04,1602,1,2.40716552734375
PeMS04,1602,6,-0.8571624755859375
PeMS04,1602,12,-2.1796722412109375
PeMS04,1603,1,-1.3191680908203125
PeMS04,1603,6,0.6181640625
PeMS04,1603,12,-1.421417236328125
PeMS04,1604,1,-0.7186546325683594
PeMS04,1604,6,1.1610488891601562
PeMS04,1604,12,0.5620040893554688
PeMS04,1605,1,-0.17876434326171875
PeMS04,1605,6,-0.0787506103515625
PeMS04,1605,12,0.966583251953125
PeMS04,1606,1,-0.21434402465820312
PeMS04,1606,6,-0.76483154296875
PeMS04,1606,12,-0.477203369140625
PeMS04,1607,1,0.9221725463867188
PeMS04,1607,6,1.99151611328125
PeMS04,1607,12,0.4973907470703125
PeMS04,1608,1,0.78411865234375
PeMS04,1608,6,0.8278045654296875
PeMS04,1608,12,1.8132286071777344
PeMS04,1609,1,1.5856857299804688
PeMS04,1609,6,-0.031982421875
PeMS04,1609,12,1.55078125
PeMS04,1610,1,0.023956298828125
PeMS04,1610,6,1.04486083984375
PeMS04,1610,12,1.5456695556640625
PeMS04,1611,1,-0.4006805419921875
PeMS04,1611,6,0.700927734375
PeMS04,1611,12,1.3961639404296875
PeMS04,1612,1,1.36151123046875
PeMS04,1612,6,0.9027252197265625
PeMS04,1612,12,-0.4907989501953125
PeMS04,1613,1,-0.8038101196289062
PeMS04,1613,6,0.3726348876953125
PeMS04,1613,12,2.3669967651367188
PeMS04,1614,1,-0.528900146484375
PeMS04,1614,6,1.744293212890625
PeMS04,1614,12,2.2228164672851562
PeMS04,1615,1,0.21060943603515625
PeMS04,1615,6,1.4108428955078125
PeMS04,1615,12,1.501434326171875
PeMS04,1616,1,-0.07989501953125
PeMS04,1616,6,1.9968299865722656
PeMS04,1616,12,2.368804931640625
PeMS04,1617,1,0.5305061340332031
PeMS04,1617,6,1.877044677734375
PeMS04,1617,12,2.3136672973632812
PeMS04,1618,1,-0.8948593139648438
PeMS04,1618,6,0.37357330322265625
PeMS04,1618,12,2.142364501953125
PeMS04,1619,1,1.1408958435058594
PeMS04,1619,6,2.0605621337890625
PeMS04,1619,12,1.23077392578125
PeMS04,1620,1,0.7134170532226562
PeMS04,1620,6,2.3366775512695312
PeMS04,1620,12,0.775970458984375
PeMS04,1621,1,0.5699005126953125
PeMS04,1621,6,1.099578857421875
PeMS04,1621,12,1.7197113037109375
PeMS04,1622,1,0.1610107421875
PeMS04,1622,6,1.761383056640625
PeMS04,1622,12,2.3902435302734375
PeMS04,1623,1,-0.540313720703125
PeMS04,1623,6,2.174060821533203
PeMS04,1623,12,2.1407623291015625
PeMS04,1624,1,1.7716789245605469
PeMS04,1624,6,0.1616058349609375
PeMS04,1624,12,1.4298362731933594
PeMS04,1625,1,1.1576995849609375
PeMS04,1625,6,-0.17771530151367188
PeMS04,1625,12,2.5424957275390625
PeMS04,1626,1,-1.0754165649414062
PeMS04,1626,6,0.6824188232421875
PeMS04,1626,12,2.9687576293945312
PeMS04,1627,1,0.6604461669921875
PeMS04,1627,6,1.003448486328125
PeMS04,1627,12,4.2126007080078125
PeMS04,1628,1,-0.027790069580078125
PeMS04,1628,6,2.208343505859375
PeMS04,1628,12,3.5808639526367188
PeMS04,1629,1,-0.9648361206054688
PeMS04,1629,6,2.1070098876953125
PeMS04,1629,12,2.29974365234375
PeMS04,1630,1,-1.3187370300292969
PeMS04,1630,6,0.8797683715820312
PeMS04,1630,12,1.5063323974609375
PeMS04,1631,1,-0.581512451171875
PeMS04,1631,6,2.06005859375
PeMS04,1631,12,1.7837142944335938
PeMS04,1632,1,0.750732421875
PeMS04,1632,6,2.988922119140625
PeMS04,1632,12,2.562225341796875
PeMS04,1633,1,0.8690643310546875
PeMS04,1633,6,3.791717529296875
PeMS04,1633,12,3.6923980712890625
PeMS04,1634,1,0.098846435546875
PeMS04,1634,6,2.777374267578125
PeMS04,1634,12,2.9117889404296875
PeMS04,1635,1,-0.8357925415039062
PeMS04,1635,6,1.7580413818359375
PeMS04,1635,12,1.873077392578125
PeMS04,1636,1,0.6723175048828125
PeMS04,1636,6,1.486572265625
PeMS04,1636,12,1.9048080444335938
PeMS04,1637,1,0.6173858642578125
PeMS04,1637,6,1.3330230712890625
PeMS04,1637,12,2.4954376220703125
PeMS04,1638,1,0.7489471435546875
PeMS04,1638,6,0.94781494140625
PeMS04,1638,12,0.6562652587890625
PeMS04,1639,1,1.0461349487304688
PeMS04,1639,6,2.0966644287109375
PeMS04,1639,12,0.8432540893554688
PeMS04,1640,1,1.0759124755859375
PeMS04,1640,6,2.5932159423828125
PeMS04,1640,12,1.447662353515625
PeMS04,1641,1,0.577301025390625
PeMS04,1641,6,1.823577880859375
PeMS04,1641,12,0.81976318359375
PeMS04,1642,1,0.29168701171875
PeMS04,1642,6,1.4804306030273438
PeMS04,1642,12,1.1855316162109375
PeMS04,1643,1,0.90313720703125
PeMS04,1643,6,1.26593017578125
PeMS04,1643,12,1.929718017578125
PeMS04,1644,1,1.393707275390625
PeMS04,1644,6,1.45880126953125
PeMS04,1644,12,2.0356979370117188
PeMS04,1645,1,1.0154495239257812
PeMS04,1645,6,1.0785903930664062
PeMS04,1645,12,1.9949722290039062
PeMS04,1646,1,0.722930908203125
PeMS04,1646,6,1.67449951171875
PeMS04,1646,12,1.7344818115234375
PeMS04,1647,1,0.6993865966796875
PeMS04,1647,6,1.371337890625
PeMS04,1647,12,1.815277099609375
PeMS04,1648,1,0.0751190185546875
PeMS04,1648,6,1.3878326416015625
PeMS04,1648,12,2.1707687377929688
PeMS04,1649,1,0.2591552734375
PeMS04,1649,6,1.278045654296875
PeMS04,1649,12,1.8962860107421875
PeMS04,1650,1,-0.15192794799804688
PeMS04,1650,6,1.60986328125
PeMS04,1650,12,2.2074737548828125
PeMS04,1651,1,-0.578948974609375
PeMS04,1651,6,1.158203125
PeMS04,1651,12,0.792327880859375
PeMS04,1652,1,0.086700439453125
PeMS04,1652,6,1.8638916015625
PeMS04,1652,12,1.3720550537109375
PeMS04,1653,1,-0.325714111328125
PeMS04,1653,6,0.96221923828125
PeMS04,1653,12,1.174713134765625
PeMS04,1654,1,-0.39739990234375
PeMS04,1654,6,1.1309814453125
PeMS04,1654,12,0.64202880859375
PeMS04,1655,1,0.021694183349609375
PeMS04,1655,6,1.153228759765625
PeMS04,1655,12,0.46044921875
PeMS04,1656,1,-0.817718505859375
PeMS04,1656,6,1.7449264526367188
PeMS04,1656,12,1.0919036865234375
PeMS04,1657,1,-0.357025146484375
PeMS04,1657,6,0.44127655029296875
PeMS04,1657,12,0.9256744384765625
PeMS04,1658,1,-0.334686279296875
PeMS04,1658,6,0.6270904541015625
PeMS04,1658,12,0.576202392578125
PeMS04,1659,1,0.14958953857421875
PeMS04,1659,6,0.9375152587890625
PeMS04,1659,12,0.8601837158203125
PeMS04,1660,1,0.1874847412109375
PeMS04,1660,6,0.8764801025390625
PeMS04,1660,12,0.4574127197265625
PeMS04,1661,1,0.35166168212890625
PeMS04,1661,6,0.26233673095703125
PeMS04,1661,12,0.283966064453125
PeMS04,1662,1,-0.7580718994140625
PeMS04,1662,6,0.4376983642578125
PeMS04,1662,12,1.6346282958984375
PeMS04,1663,1,-0.1412200927734375
PeMS04,1663,6,1.023345947265625
PeMS04,1663,12,1.7929229736328125
PeMS04,1664,1,-0.2505645751953125
PeMS04,1664,6,0.956451416015625
PeMS04,1664,12,1.8524246215820312
PeMS04,1665,1,-0.255706787109375
PeMS04,1665,6,0.805267333984375
PeMS04,1665,12,2.9598541259765625
PeMS04,1666,1,0.08487701416015625
PeMS04,1666,6,0.6353607177734375
PeMS04,1666,12,2.3837127685546875
PeMS04,1667,1,0.2988128662109375
PeMS04,1667,6,1.19580078125
PeMS04,1667,12,2.9154205322265625
PeMS04,1668,1,0.6449127197265625
PeMS04,1668,6,1.984649658203125
PeMS04,1668,12,2.3843154907226562
PeMS04,1669,1,0.234893798828125
PeMS04,1669,6,2.0505218505859375
PeMS04,1669,12,3.1593780517578125
PeMS04,1670,1,0.071014404296875
PeMS04,1670,6,0.6202621459960938
PeMS04,1670,12,2.3583145141601562
PeMS04,1671,1,-0.42352294921875
PeMS04,1671,6,1.7374725341796875
PeMS04,1671,12,1.5084381103515625
PeMS04,1672,1,0.0571441650390625
PeMS04,1672,6,1.734832763671875
PeMS04,1672,12,3.4377212524414062
PeMS04,1673,1,0.5971221923828125
PeMS04,1673,6,1.138427734375
PeMS04,1673,12,1.9739990234375
PeMS04,1674,1,0.468017578125
PeMS04,1674,6,1.6528854370117188
PeMS04,1674,12,2.1498641967773438
PeMS04,1675,1,0.42247772216796875
PeMS04,1675,6,1.57977294921875
PeMS04,1675,12,1.2381134033203125
PeMS04,1676,1,0.32653045654296875
PeMS04,1676,6,1.8403167724609375
PeMS04,1676,12,2.212310791015625
PeMS04,1677,1,-0.37139892578125
PeMS04,1677,6,0.7325515747070312
PeMS04,1677,12,0.9885406494140625
PeMS04,1678,1,0.035980224609375
PeMS04,1678,6,1.2754325866699219
PeMS04,1678,12,1.81121826171875
PeMS04,1679,1,-0.22898101806640625
PeMS04,1679,6,0.8341827392578125
PeMS04,1679,12,0.4273529052734375
PeMS04,1680,1,0.0999298095703125
PeMS04,1680,6,1.448577880859375
PeMS04,1680,12,-0.2546844482421875
PeMS04,1681,1,-0.9014205932617188
PeMS04,1681,6,0.0474090576171875
PeMS04,1681,12,2.1930770874023438
PeMS04,1682,1,-0.40238189697265625
PeMS04,1682,6,0.7703857421875
PeMS04,1682,12,0.7887420654296875
PeMS04,1683,1,0.04265594482421875
PeMS04,1683,6,-0.07509613037109375
PeMS04,1683,12,3.1416015625
PeMS04,1684,1,-0.6436920166015625
PeMS04,1684,6,1.4151763916015625
PeMS04,1684,12,2.5361480712890625
PeMS04,1685,1,-0.3790740966796875
PeMS04,1685,6,1.4749603271484375
PeMS04,1685,12,1.9882049560546875
PeMS04,1686,1,-0.8437652587890625
PeMS04,1686,6,1.35589599609375
PeMS04,1686,12,3.009979248046875
PeMS04,1687,1,0.20526123046875
PeMS04,1687,6,2.7038955688476562
PeMS04,1687,12,4.47515869140625
PeMS04,1688,1,-0.235137939453125
PeMS04,1688,6,0.7036476135253906
PeMS04,1688,12,2.48101806640625
PeMS04,1689,1,0.67498779296875
PeMS04,1689,6,3.93402099609375
PeMS04,1689,12,5.738842010498047
PeMS04,1690,1,0.1350555419921875
PeMS04,1690,6,3.3254432678222656
PeMS04,1690,12,8.051750183105469
PeMS04,1691,1,-0.02825164794921875
PeMS04,1691,6,3.4770355224609375
PeMS04,1691,12,8.254257202148438
PeMS04,1692,1,2.847991943359375
PeMS04,1692,6,3.0081329345703125
PeMS04,1692,12,6.6910552978515625
PeMS04,1693,1,-0.9951171875
PeMS04,1693,6,3.2168960571289062
PeMS04,1693,12,6.5132293701171875
PeMS04,1694,1,0.7437820434570312
PeMS04,1694,6,2.9204025268554688
PeMS04,1694,12,8.839065551757812
PeMS04,1695,1,0.19214630126953125
PeMS04,1695,6,4.175758361816406
PeMS04,1695,12,6.0570831298828125
PeMS04,1696,1,2.34033203125
PeMS04,1696,6,5.45440673828125
PeMS04,1696,12,7.4330596923828125
PeMS04,1697,1,1.3264312744140625
PeMS04,1697,6,6.314308166503906
PeMS04,1697,12,7.481727600097656
PeMS04,1698,1,0.41779327392578125
PeMS04,1698,6,4.104316711425781
PeMS04,1698,12,3.764556884765625
PeMS04,1699,1,-0.15821075439453125
PeMS04,1699,6,4.151580810546875
PeMS04,1699,12,3.5793304443359375
PeMS04,1700,1,1.0860214233398438
PeMS04,1700,6,2.2509765625
PeMS04,1700,12,2.9252471923828125
PeMS04,1701,1,0.7323799133300781
PeMS04,1701,6,4.1162261962890625
PeMS04,1701,12,3.1587181091308594
PeMS04,1702,1,1.9274673461914062
PeMS04,1702,6,2.80401611328125
PeMS04,1702,12,5.3521575927734375
PeMS04,1703,1,0.9578933715820312
PeMS04,1703,6,3.6764373779296875
PeMS04,1703,12,5.000919342041016
PeMS04,1704,1,-0.8330307006835938
PeMS04,1704,6,0.0633087158203125
PeMS04,1704,12,4.4840545654296875
PeMS04,1705,1,-0.517669677734375
PeMS04,1705,6,-1.1717681884765625
PeMS04,1705,12,-0.84698486328125
PeMS04,1706,1,0.19021224975585938
PeMS04,1706,6,1.122833251953125
PeMS04,1706,12,3.087005615234375
PeMS04,1707,1,-1.135650634765625
PeMS04,1707,6,-1.6149749755859375
PeMS04,1707,12,-1.0281982421875
PeMS04,1708,1,0.097686767578125
PeMS04,1708,6,1.503570556640625
PeMS04,1708,12,-0.3411979675292969
PeMS04,1709,1,-3.0181808471679688
PeMS04,1709,6,1.9275360107421875
PeMS04,1709,12,-2.3187942504882812
PeMS04,1710,1,-1.3877944946289062
PeMS04,1710,6,0.80340576171875
PeMS04,1710,12,-2.0040283203125
PeMS04,1711,1,0.4496002197265625
PeMS04,1711,6,1.409210205078125
PeMS04,1711,12,-1.87567138671875
PeMS04,1712,1,-1.1888084411621094
PeMS04,1712,6,1.1226043701171875
PeMS04,1712,12,-3.70501708984375
PeMS04,1713,1,2.5366363525390625
PeMS04,1713,6,0.124298095703125
PeMS04,1713,12,0.757904052734375
PeMS04,1714,1,1.4088325500488281
PeMS04,1714,6,0.1674041748046875
PeMS04,1714,12,2.6276016235351562
PeMS04,1715,1,-1.36578369140625
PeMS04,1715,6,-2.561115264892578
PeMS04,1715,12,-0.23175048828125
PeMS04,1716,1,0.8382568359375
PeMS04,1716,6,-0.0556488037109375
PeMS04,1716,12,3.4619598388671875
PeMS04,1717,1,0.4610404968261719
PeMS04,1717,6,-2.183074951171875
PeMS04,1717,12,0.72357177734375
PeMS04,1718,1,-1.65692138671875
PeMS04,1718,6,-2.2076072692871094
PeMS04,1718,12,0.1417694091796875
PeMS04,1719,1,-1.89813232421875
PeMS04,1719,6,-0.987762451171875
PeMS04,1719,12,0.936767578125
PeMS04,1720,1,-2.8434829711914062
PeMS04,1720,6,-0.699981689453125
PeMS04,1720,12,-1.7754058837890625
PeMS04,1721,1,-1.0023345947265625
PeMS04,1721,6,-1.1953582763671875
PeMS04,1721,12,0.037139892578125
PeMS04,1722,1,-1.24298095703125
PeMS04,1722,6,0.0030975341796875
PeMS04,1722,12,-1.215545654296875
PeMS04,1723,1,-0.7737655639648438
PeMS04,1723,6,0.5152740478515625
PeMS04,1723,12,-2.081146240234375
PeMS04,1724,1,-1.8007087707519531
PeMS04,1724,6,-1.7662811279296875
PeMS04,1724,12,-1.788238525390625
PeMS04,1725,1,-0.299896240234375
PeMS04,1725,6,-1.2210693359375
PeMS04,1725,12,-0.5815887451171875
PeMS04,1726,1,-2.8256072998046875
PeMS04,1726,6,-1.311248779296875
PeMS04,1726,12,-1.0894775390625
PeMS04,1727,1,-1.824462890625
PeMS04,1727,6,-0.05487060546875
PeMS04,1727,12,0.7185821533203125
PeMS04,1728,1,-1.68951416015625
PeMS04,1728,6,-0.43233489990234375
PeMS04,1728,12,1.674591064453125
PeMS04,1729,1,-1.83343505859375
PeMS04,1729,6,-1.0268936157226562
PeMS04,1729,12,3.938232421875
PeMS04,1730,1,0.7736587524414062
PeMS04,1730,6,0.342437744140625
PeMS04,1730,12,1.682373046875
PeMS04,1731,1,-1.41583251953125
PeMS04,1731,6,0.19158935546875
PeMS04,1731,12,-0.7319183349609375
PeMS04,1732,1,0.4432525634765625
PeMS04,1732,6,2.2848663330078125
PeMS04,1732,12,6.61669921875
PeMS04,1733,1,1.0452041625976562
PeMS04,1733,6,1.656646728515625
PeMS04,1733,12,1.7802734375
PeMS04,1734,1,-1.3519287109375
PeMS04,1734,6,2.9544143676757812
PeMS04,1734,12,-14.901359558105469
PeMS04,1735,1,0.1934051513671875
PeMS04,1735,6,3.365875244140625
PeMS04,1735,12,-14.425498962402344
PeMS04,1736,1,1.1803131103515625
PeMS04,1736,6,2.6822509765625
PeMS04,1736,12,-16.43978500366211
PeMS04,1737,1,2.276336669921875
PeMS04,1737,6,1.6458740234375
PeMS04,1737,12,-14.221267700195312
PeMS04,1738,1,1.7755126953125
PeMS04,1738,6,3.9035415649414062
PeMS04,1738,12,-4.3714599609375
PeMS04,1739,1,1.902130126953125
PeMS04,1739,6,1.5198402404785156
PeMS04,1739,12,1.42449951171875
PeMS04,1740,1,1.051055908203125
PeMS04,1740,6,-15.372291564941406
PeMS04,1740,12,1.12286376953125
PeMS04,1741,1,-1.895355224609375
PeMS04,1741,6,-15.972015380859375
PeMS04,1741,12,1.4404296875
PeMS04,1742,1,-1.6553802490234375
PeMS04,1742,6,-19.25196075439453
PeMS04,1742,12,-0.16961669921875
PeMS04,1743,1,3.63214111328125
PeMS04,1743,6,-19.024978637695312
PeMS04,1743,12,-0.0235595703125
PeMS04,1744,1,1.0026702880859375
PeMS04,1744,6,-4.5326385498046875
PeMS04,1744,12,-0.029510498046875
PeMS04,1745,1,-15.397850036621094
PeMS04,1745,6,1.19769287109375
PeMS04,1745,12,-1.457916259765625
PeMS04,1746,1,-14.0606689453125
PeMS04,1746,6,4.114898681640625
PeMS04,1746,12,2.1538543701171875
PeMS04,1747,1,-11.021278381347656
PeMS04,1747,6,10.138961791992188
PeMS04,1747,12,7.6617431640625
PeMS04,1748,1,-6.267120361328125
PeMS04,1748,6,10.741348266601562
PeMS04,1748,12,13.088676452636719
PeMS04,1749,1,0.5264129638671875
PeMS04,1749,6,13.832351684570312
PeMS04,1749,12,16.135009765625
PeMS04,1750,1,4.50640869140625
PeMS04,1750,6,5.7633056640625
PeMS04,1750,12,11.298095703125
PeMS04,1751,1,2.31744384765625
PeMS04,1751,6,2.39532470703125
PeMS04,1751,12,9.2861328125
PeMS04,1752,1,3.6716995239257812
PeMS04,1752,6,1.337371826171875
PeMS04,1752,12,5.5504150390625
PeMS04,1753,1,1.35906982421875
PeMS04,1753,6,1.156219482421875
PeMS04,1753,12,4.61187744140625
PeMS04,1754,1,2.5024261474609375
PeMS04,1754,6,4.0018310546875
PeMS04,1754,12,4.888031005859375
PeMS04,1755,1,1.9004364013671875
PeMS04,1755,6,4.947166442871094
PeMS04,1755,12,3.17315673828125
PeMS04,1756,1,-0.703125
PeMS04,1756,6,3.6773834228515625
PeMS04,1756,12,2.906280517578125
PeMS04,1757,1,-1.25689697265625
PeMS04,1757,6,4.9686279296875
PeMS04,1757,12,-0.15869140625
PeMS04,1758,1,1.6964950561523438
PeMS04,1758,6,0.5140380859375
PeMS04,1758,12,1.715911865234375
PeMS04,1759,1,2.326171875
PeMS04,1759,6,2.05035400390625
PeMS04,1759,12,1.341888427734375
PeMS04,1760,1,3.1551513671875
PeMS04,1760,6,1.630767822265625
PeMS04,1760,12,0.7574462890625
PeMS04,1761,1,2.2191009521484375
PeMS04,1761,6,0.7878570556640625
PeMS04,1761,12,0.7312469482421875
PeMS04,1762,1,0.939697265625
PeMS04,1762,6,-0.29949951171875
PeMS04,1762,12,2.0883026123046875
PeMS04,1763,1,-0.0897064208984375
PeMS04,1763,6,-1.0172119140625
PeMS04,1763,12,2.2378692626953125
PeMS04,1764,1,-2.029693603515625
PeMS04,1764,6,-1.07562255859375
PeMS04,1764,12,0.9803009033203125
PeMS04,1765,1,0.6180267333984375
PeMS04,1765,6,-0.8702545166015625
PeMS04,1765,12,3.71453857421875
PeMS04,1766,1,-0.3719940185546875
PeMS04,1766,6,-0.44255828857421875
PeMS04,1766,12,0.59246826171875
PeMS04,1767,1,0.1217803955078125
PeMS04,1767,6,-2.363800048828125
PeMS04,1767,12,-1.0239715576171875
PeMS04,1768,1,-1.7742462158203125
PeMS04,1768,6,-0.060089111328125
PeMS04,1768,12,-0.74603271484375
PeMS04,1769,1,-0.710418701171875
PeMS04,1769,6,0.8094329833984375
PeMS04,1769,12,-0.30145263671875
PeMS04,1770,1,-2.02362060546875
PeMS04,1770,6,-1.122467041015625
PeMS04,1770,12,1.967315673828125
PeMS04,1771,1,-1.105987548828125
PeMS04,1771,6,2.8414154052734375
PeMS04,1771,12,3.3441009521484375
PeMS04,1772,1,-2.3768310546875
PeMS04,1772,6,0.3958892822265625
PeMS04,1772,12,2.211151123046875
PeMS04,1773,1,0.282958984375
PeMS04,1773,6,2.26953125
PeMS04,1773,12,0.6672821044921875
PeMS04,1774,1,1.8528900146484375
PeMS04,1774,6,1.34259033203125
PeMS04,1774,12,3.97467041015625
PeMS04,1775,1,1.8694610595703125
PeMS04,1775,6,1.3329010009765625
PeMS04,1775,12,0.3495330810546875
PeMS04,1776,1,4.7364654541015625
PeMS04,1776,6,0.0160064697265625
PeMS04,1776,12,3.56781005859375
PeMS04,1777,1,0.6932525634765625
PeMS04,1777,6,-0.07843017578125
PeMS04,1777,12,2.283935546875
PeMS04,1778,1,1.423614501953125
PeMS04,1778,6,-1.9283447265625
PeMS04,1778,12,2.779998779296875
PeMS04,1779,1,-1.351776123046875
PeMS04,1779,6,-0.504486083984375
PeMS04,1779,12,2.78802490234375
PeMS04,1780,1,0.5190505981445312
PeMS04,1780,6,0.86566162109375
PeMS04,1780,12,0.9583740234375
PeMS04,1781,1,2.28533935546875
PeMS04,1781,6,0.61773681640625
PeMS04,1781,12,5.14068603515625
PeMS04,1782,1,0.35076904296875
PeMS04,1782,6,2.8592758178710938
PeMS04,1782,12,1.10662841796875
PeMS04,1783,1,0.509246826171875
PeMS04,1783,6,1.52593994140625
PeMS04,1783,12,2.802703857421875
PeMS04,1784,1,-0.09356689453125
PeMS04,1784,6,1.507568359375
PeMS04,1784,12,3.270599365234375
PeMS04,1785,1,5.522064208984375
PeMS04,1785,6,2.11053466796875
PeMS04,1785,12,3.451324462890625
PeMS04,1786,1,-0.23497772216796875
PeMS04,1786,6,0.0496826171875
PeMS04,1786,12,-0.2111358642578125
PeMS04,1787,1,2.14788818359375
PeMS04,1787,6,1.647705078125
PeMS04,1787,12,1.4708709716796875
PeMS04,1788,1,-2.37298583984375
PeMS04,1788,6,0.7774658203125
PeMS04,1788,12,-3.285125732421875
PeMS04,1789,1,0.3643798828125
PeMS04,1789,6,0.556427001953125
PeMS04,1789,12,-3.667724609375
PeMS04,1790,1,1.1404571533203125
PeMS04,1790,6,3.6729278564453125
PeMS04,1790,12,-4.7978515625
PeMS04,1791,1,-2.89996337890625
PeMS04,1791,6,-1.0718994140625
PeMS04,1791,12,-1.168548583984375
PeMS04,1792,1,-0.765716552734375
PeMS04,1792,6,-3.8424835205078125
PeMS04,1792,12,-2.328948974609375
PeMS04,1793,1,0.687744140625
PeMS04,1793,6,1.7215576171875
PeMS04,1793,12,-4.09222412109375
PeMS04,1794,1,-0.77276611328125
PeMS04,1794,6,-1.76104736328125
PeMS04,1794,12,1.66400146484375
PeMS04,1795,1,2.78961181640625
PeMS04,1795,6,-2.4920730590820312
PeMS04,1795,12,-3.6033096313476562
PeMS04,1796,1,-0.0900115966796875
PeMS04,1796,6,-2.772552490234375
PeMS04,1796,12,1.10675048828125
PeMS04,1797,1,-2.73553466796875
PeMS04,1797,6,1.53973388671875
PeMS04,1797,12,2.28887939453125
PeMS04,1798,1,1.7422027587890625
PeMS04,1798,6,0.5549240112304688
PeMS04,1798,12,-2.2499313354492188
PeMS04,1799,1,0.65386962890625
PeMS04,1799,6,-1.55291748046875
PeMS04,1799,12,1.4404678344726562
PeMS04,1800,1,1.4456329345703125
PeMS04,1800,6,2.98321533203125
PeMS04,1800,12,-1.548675537109375
PeMS04,1801,1,0.8741455078125
PeMS04,1801,6,-1.478302001953125
PeMS04,1801,12,-2.529449462890625
PeMS04,1802,1,2.369873046875
PeMS04,1802,6,-0.8610076904296875
PeMS04,1802,12,0.7619476318359375
PeMS04,1803,1,-1.06158447265625
PeMS04,1803,6,-0.29852294921875
PeMS04,1803,12,1.9132003784179688
PeMS04,1804,1,0.378448486328125
PeMS04,1804,6,-3.991455078125
PeMS04,1804,12,-1.2741622924804688
PeMS04,1805,1,5.2583160400390625
PeMS04,1805,6,1.763671875
PeMS04,1805,12,-1.2962760925292969
PeMS04,1806,1,0.5511398315429688
PeMS04,1806,6,-1.0196762084960938
PeMS04,1806,12,-0.7640228271484375
PeMS04,1807,1,0.0279541015625
PeMS04,1807,6,-0.7977447509765625
PeMS04,1807,12,3.4345932006835938
PeMS04,1808,1,1.923309326171875
PeMS04,1808,6,1.362060546875
PeMS04,1808,12,0.2828559875488281
PeMS04,1809,1,-0.438385009765625
PeMS04,1809,6,2.695648193359375
PeMS04,1809,12,0.933258056640625
PeMS04,1810,1,1.9784660339355469
PeMS04,1810,6,-1.1165924072265625
PeMS04,1810,12,-3.5230255126953125
PeMS04,1811,1,-0.8332290649414062
PeMS04,1811,6,-2.630176544189453
PeMS04,1811,12,-2.7824859619140625
PeMS04,1812,1,-2.2826614379882812
PeMS04,1812,6,-2.4667434692382812
PeMS04,1812,12,-2.5973281860351562
PeMS04,1813,1,-1.576751708984375
PeMS04,1813,6,1.646881103515625
PeMS04,1813,12,-1.1171951293945312
PeMS04,1814,1,2.1006507873535156
PeMS04,1814,6,0.5308723449707031
PeMS04,1814,12,0.4497528076171875
PeMS04,1815,1,1.7245559692382812
PeMS04,1815,6,-4.8332061767578125
PeMS04,1815,12,-1.7057266235351562
PeMS04,1816,1,-2.8627166748046875
PeMS04,1816,6,-5.5903472900390625
PeMS04,1816,12,-1.346771240234375
PeMS04,1817,1,-1.6559600830078125
PeMS04,1817,6,0.1377105712890625
PeMS04,1817,12,0.8418121337890625
PeMS04,1818,1,5.105918884277344
PeMS04,1818,6,-0.733856201171875
PeMS04,1818,12,-1.1796035766601562
PeMS04,1819,1,3.0198287963867188
PeMS04,1819,6,-0.102386474609375
PeMS04,1819,12,3.4095077514648438
PeMS04,1820,1,-1.1247787475585938
PeMS04,1820,6,-1.2979736328125
PeMS04,1820,12,-0.8939476013183594
PeMS04,1821,1,-1.396148681640625
PeMS04,1821,6,-0.6416168212890625
PeMS04,1821,12,4.544586181640625
PeMS04,1822,1,-2.2425079345703125
PeMS04,1822,6,-2.0945053100585938
PeMS04,1822,12,5.590629577636719
PeMS04,1823,1,-2.3138999938964844
PeMS04,1823,6,0.7270393371582031
PeMS04,1823,12,4.043548583984375
PeMS04,1824,1,-0.505523681640625
PeMS04,1824,6,-1.460479736328125
PeMS04,1824,12,5.404998779296875
PeMS04,1825,1,-0.1542510986328125
PeMS04,1825,6,1.4919281005859375
PeMS04,1825,12,4.9542388916015625
PeMS04,1826,1,2.4146270751953125
PeMS04,1826,6,-4.4251556396484375
PeMS04,1826,12,4.5155792236328125
PeMS04,1827,1,2.247650146484375
PeMS04,1827,6,0.5279693603515625
PeMS04,1827,12,3.1948776245117188
PeMS04,1828,1,1.75408935546875
PeMS04,1828,6,7.087989807128906
PeMS04,1828,12,3.930023193359375
PeMS04,1829,1,-1.2418670654296875
PeMS04,1829,6,0.06893157958984375
PeMS04,1829,12,4.611091613769531
PeMS04,1830,1,1.2425689697265625
PeMS04,1830,6,2.4223480224609375
PeMS04,1830,12,4.56878662109375
PeMS04,1831,1,-2.7144851684570312
PeMS04,1831,6,4.4137725830078125
PeMS04,1831,12,1.9448623657226562
PeMS04,1832,1,1.5744247436523438
PeMS04,1832,6,3.03759765625
PeMS04,1832,12,2.2631988525390625
PeMS04,1833,1,6.6416168212890625
PeMS04,1833,6,0.07923507690429688
PeMS04,1833,12,4.832435607910156
PeMS04,1834,1,-0.4089012145996094
PeMS04,1834,6,0.02367401123046875
PeMS04,1834,12,3.9859580993652344
PeMS04,1835,1,1.77313232421875
PeMS04,1835,6,1.4929046630859375
PeMS04,1835,12,1.3062095642089844
PeMS04,1836,1,2.0972137451171875
PeMS04,1836,6,-0.12598419189453125
PeMS04,1836,12,-2.0024261474609375
PeMS04,1837,1,-1.4094924926757812
PeMS04,1837,6,-0.7848663330078125
PeMS04,1837,12,-3.847259521484375
PeMS04,1838,1,-1.92352294921875
PeMS04,1838,6,-2.9589462280273438
PeMS04,1838,12,-4.3486785888671875
PeMS04,1839,1,-0.6364517211914062
PeMS04,1839,6,-2.2762451171875
PeMS04,1839,12,-2.9118270874023438
PeMS04,1840,1,1.6500091552734375
PeMS04,1840,6,0.195159912109375
PeMS04,1840,12,-4.302009582519531
PeMS04,1841,1,-2.3900070190429688
PeMS04,1841,6,-0.8192138671875
PeMS04,1841,12,-4.7135162353515625
PeMS04,1842,1,-2.2502822875976562
PeMS04,1842,6,-1.9815139770507812
PeMS04,1842,12,-5.2487030029296875
PeMS04,1843,1,-1.342803955078125
PeMS04,1843,6,-2.7282867431640625
PeMS04,1843,12,-6.212638854980469
PeMS04,1844,1,-0.22824859619140625
PeMS04,1844,6,-3.6230392456054688
PeMS04,1844,12,-7.60357666015625
PeMS04,1845,1,0.01729583740234375
PeMS04,1845,6,-2.2375411987304688
PeMS04,1845,12,-5.732677459716797
PeMS04,1846,1,1.5176162719726562
PeMS04,1846,6,-3.26849365234375
PeMS04,1846,12,-4.7536468505859375
PeMS04,1847,1,-0.8418045043945312
PeMS04,1847,6,-2.3977813720703125
PeMS04,1847,12,-4.922054290771484
PeMS04,1848,1,0.1616058349609375
PeMS04,1848,6,-4.247566223144531
PeMS04,1848,12,-7.5543670654296875
PeMS04,1849,1,-0.27906036376953125
PeMS04,1849,6,-3.6728973388671875
PeMS04,1849,12,-5.449310302734375
PeMS04,1850,1,-0.8419036865234375
PeMS04,1850,6,-3.1304779052734375
PeMS04,1850,12,-3.7730560302734375
PeMS04,1851,1,0.484954833984375
PeMS04,1851,6,-3.1944503784179688
PeMS04,1851,12,-3.5250091552734375
PeMS04,1852,1,-0.1093292236328125
PeMS04,1852,6,-1.0366058349609375
PeMS04,1852,12,-3.5523834228515625
PeMS04,1853,1,-1.3073272705078125
PeMS04,1853,6,-0.477142333984375
PeMS04,1853,12,-3.3111495971679688
PeMS04,1854,1,-1.6917953491210938
PeMS04,1854,6,-1.51922607421875
PeMS04,1854,12,-3.715606689453125
PeMS04,1855,1,0.8949050903320312
PeMS04,1855,6,-1.0523223876953125
PeMS04,1855,12,-4.6165771484375
PeMS04,1856,1,-1.2669830322265625
PeMS04,1856,6,-1.2116851806640625
PeMS04,1856,12,-2.8559112548828125
PeMS04,1857,1,-0.752288818359375
PeMS04,1857,6,-2.1468582153320312
PeMS04,1857,12,-3.109527587890625
PeMS04,1858,1,-0.9029388427734375
PeMS04,1858,6,-2.038604736328125
PeMS04,1858,12,-3.7638168334960938
PeMS04,1859,1,-1.1602325439453125
PeMS04,1859,6,-2.0772933959960938
PeMS04,1859,12,-1.4472808837890625
PeMS04,1860,1,-0.2223968505859375
PeMS04,1860,6,-1.061798095703125
PeMS04,1860,12,-4.29833984375
PeMS04,1861,1,-0.26338958740234375
PeMS04,1861,6,-2.717620849609375
PeMS04,1861,12,-3.397106170654297
PeMS04,1862,1,-1.9175796508789062
PeMS04,1862,6,-2.0580215454101562
PeMS04,1862,12,-2.8049697875976562
PeMS04,1863,1,-0.10986328125
PeMS04,1863,6,-3.5430755615234375
PeMS04,1863,12,-4.12738037109375
PeMS04,1864,1,-1.0990676879882812
PeMS04,1864,6,-1.001983642578125
PeMS04,1864,12,-1.8116035461425781
PeMS04,1865,1,0.3048248291015625
PeMS04,1865,6,-0.3843841552734375
PeMS04,1865,12,-2.9987030029296875
PeMS04,1866,1,-1.8787155151367188
PeMS04,1866,6,-1.6523208618164062
PeMS04,1866,12,-5.38262939453125
PeMS04,1867,1,-0.92218017578125
PeMS04,1867,6,-2.115020751953125
PeMS04,1867,12,-4.617530822753906
PeMS04,1868,1,-1.5645980834960938
PeMS04,1868,6,-2.11944580078125
PeMS04,1868,12,-5.588771820068359
PeMS04,1869,1,-1.3746871948242188
PeMS04,1869,6,-2.577301025390625
PeMS04,1869,12,-4.2734222412109375
PeMS04,1870,1,0.33197021484375
PeMS04,1870,6,-1.1497344970703125
PeMS04,1870,12,-4.4499359130859375
PeMS04,1871,1,-2.6073570251464844
PeMS04,1871,6,-1.9574432373046875
PeMS04,1871,12,-5.4768524169921875
PeMS04,1872,1,-1.5862083435058594
PeMS04,1872,6,-3.3759307861328125
PeMS04,1872,12,-4.576805114746094
PeMS04,1873,1,-1.1640472412109375
PeMS04,1873,6,-1.86773681640625
PeMS04,1873,12,-4.496547698974609
PeMS04,1874,1,-2.3349838256835938
PeMS04,1874,6,-2.1412391662597656
PeMS04,1874,12,-3.7986984252929688
PeMS04,1875,1,-1.0670852661132812
PeMS04,1875,6,-1.9525909423828125
PeMS04,1875,12,-3.210979461669922
PeMS04,1876,1,-0.2164154052734375
PeMS04,1876,6,-3.036590576171875
PeMS04,1876,12,-1.6735382080078125
PeMS04,1877,1,-2.8392410278320312
PeMS04,1877,6,-3.86328125
PeMS04,1877,12,-2.2467041015625
PeMS04,1878,1,-1.2952117919921875
PeMS04,1878,6,-3.5713577270507812
PeMS04,1878,12,-3.0014801025390625
PeMS04,1879,1,-0.5940933227539062
PeMS04,1879,6,-3.155487060546875
PeMS04,1879,12,-3.488231658935547
PeMS04,1880,1,-2.1661834716796875
PeMS04,1880,6,-2.8184661865234375
PeMS04,1880,12,-1.1289482116699219
PeMS04,1881,1,-2.088897705078125
PeMS04,1881,6,-2.0270843505859375
PeMS04,1881,12,-1.1090660095214844
PeMS04,1882,1,-1.0986175537109375
PeMS04,1882,6,-1.849761962890625
PeMS04,1882,12,-2.2913055419921875
PeMS04,1883,1,-1.4909744262695312
PeMS04,1883,6,0.1773834228515625
PeMS04,1883,12,-1.358551025390625
PeMS04,1884,1,-1.1216354370117188
PeMS04,1884,6,-1.1357879638671875
PeMS04,1884,12,-0.7393608093261719
PeMS04,1885,1,-0.27747344970703125
PeMS04,1885,6,-1.2198410034179688
PeMS04,1885,12,0.15572357177734375
PeMS04,1886,1,-0.2986602783203125
PeMS04,1886,6,-0.36801910400390625
PeMS04,1886,12,0.344970703125
PeMS04,1887,1,-0.4204254150390625
PeMS04,1887,6,-1.1607704162597656
PeMS04,1887,12,-0.441162109375
PeMS04,1888,1,0.3044586181640625
PeMS04,1888,6,-0.360443115234375
PeMS04,1888,12,0.554351806640625
PeMS04,1889,1,-1.8394317626953125
PeMS04,1889,6,-0.4506378173828125
PeMS04,1889,12,1.0645751953125
PeMS04,1890,1,-2.4540634155273438
PeMS04,1890,6,-0.08050537109375
PeMS04,1890,12,2.09393310546875
PeMS04,1891,1,-0.8323593139648438
PeMS04,1891,6,-0.21245956420898438
PeMS04,1891,12,0.5840072631835938
PeMS04,1892,1,-1.1480255126953125
PeMS04,1892,6,0.2372283935546875
PeMS04,1892,12,2.012481689453125
PeMS04,1893,1,-0.307342529296875
PeMS04,1893,6,0.274261474609375
PeMS04,1893,12,1.4023590087890625
PeMS04,1894,1,-0.2686920166015625
PeMS04,1894,6,0.448760986328125
PeMS04,1894,12,1.1379318237304688
PeMS04,1895,1,-0.28792572021484375
PeMS04,1895,6,1.6381301879882812
PeMS04,1895,12,1.9036407470703125
PeMS04,1896,1,-0.6576385498046875
PeMS04,1896,6,2.451202392578125
PeMS04,1896,12,1.7082061767578125
PeMS04,1897,1,-0.6520233154296875
PeMS04,1897,6,0.9929046630859375
PeMS04,1897,12,0.8775672912597656
PeMS04,1898,1,0.0084381103515625
PeMS04,1898,6,0.6591033935546875
PeMS04,1898,12,1.1408309936523438
PeMS04,1899,1,0.1021881103515625
PeMS04,1899,6,0.4409942626953125
PeMS04,1899,12,0.243621826171875
PeMS04,1900,1,1.4775543212890625
PeMS04,1900,6,1.3499984741210938
PeMS04,1900,12,0.9997406005859375
PeMS04,1901,1,1.6567840576171875
PeMS04,1901,6,1.3771820068359375
PeMS04,1901,12,0.45478057861328125
PeMS04,1902,1,-0.5017242431640625
PeMS04,1902,6,1.0818099975585938
PeMS04,1902,12,0.3353271484375
PeMS04,1903,1,-0.839385986328125
PeMS04,1903,6,-0.24560546875
PeMS04,1903,12,-0.055023193359375
PeMS04,1904,1,0.4713134765625
PeMS04,1904,6,0.2781829833984375
PeMS04,1904,12,0.9170074462890625
PeMS04,1905,1,-0.1124267578125
PeMS04,1905,6,-0.37271881103515625
PeMS04,1905,12,0.262176513671875
PeMS04,1906,1,-0.13166046142578125
PeMS04,1906,6,-0.25212860107421875
PeMS04,1906,12,-0.336456298828125
PeMS04,1907,1,0.18475341796875
PeMS04,1907,6,-0.7193641662597656
PeMS04,1907,12,0.9489898681640625
PeMS04,1908,1,0.239715576171875
PeMS04,1908,6,-0.48602294921875
PeMS04,1908,12,1.1139373779296875
PeMS04,1909,1,-0.1368865966796875
PeMS04,1909,6,0.4205322265625
PeMS04,1909,12,1.8050384521484375
PeMS04,1910,1,-1.1369094848632812
PeMS04,1910,6,0.4771270751953125
PeMS04,1910,12,0.8887481689453125
PeMS04,1911,1,-0.7071533203125
PeMS04,1911,6,0.8009796142578125
PeMS04,1911,12,2.1341476440429688
PeMS04,1912,1,-1.0387496948242188
PeMS04,1912,6,-0.92138671875
PeMS04,1912,12,1.507232666015625
PeMS04,1913,1,-0.615203857421875
PeMS04,1913,6,1.4224853515625
PeMS04,1913,12,1.5052947998046875
PeMS04,1914,1,-0.255126953125
PeMS04,1914,6,1.2099151611328125
PeMS04,1914,12,2.4059066772460938
PeMS04,1915,1,0.34228515625
PeMS04,1915,6,1.6662445068359375
PeMS04,1915,12,2.0486602783203125
PeMS04,1916,1,0.3941802978515625
PeMS04,1916,6,0.762786865234375
PeMS04,1916,12,1.7394638061523438
PeMS04,1917,1,-1.320343017578125
PeMS04,1917,6,1.6671371459960938
PeMS04,1917,12,1.3065414428710938
PeMS04,1918,1,0.7351226806640625
PeMS04,1918,6,1.5133285522460938
PeMS04,1918,12,1.8006973266601562
PeMS04,1919,1,-0.2017059326171875
PeMS04,1919,6,1.9133224487304688
PeMS04,1919,12,2.2550888061523438
PeMS04,1920,1,0.532928466796875
PeMS04,1920,6,1.0711898803710938
PeMS04,1920,12,0.9881134033203125
PeMS04,1921,1,-0.42816162109375
PeMS04,1921,6,1.1024017333984375
PeMS04,1921,12,1.5978546142578125
PeMS04,1922,1,0.202301025390625
PeMS04,1922,6,0.91058349609375
PeMS04,1922,12,1.6098785400390625
PeMS04,1923,1,-0.09870147705078125
PeMS04,1923,6,0.42586517333984375
PeMS04,1923,12,1.110504150390625
PeMS04,1924,1,-0.20975494384765625
PeMS04,1924,6,0.4730987548828125
PeMS04,1924,12,1.7156219482421875
PeMS04,1925,1,-0.572113037109375
PeMS04,1925,6,0.8084793090820312
PeMS04,1925,12,1.1893692016601562
PeMS04,1926,1,-0.8505706787109375
PeMS04,1926,6,0.0413665771484375
PeMS04,1926,12,1.416229248046875
PeMS04,1927,1,-0.759857177734375
PeMS04,1927,6,0.917083740234375
PeMS04,1927,12,1.811676025390625
PeMS04,1928,1,-0.7432823181152344
PeMS04,1928,6,0.4314422607421875
PeMS04,1928,12,1.3916168212890625
PeMS04,1929,1,-0.8530960083007812
PeMS04,1929,6,0.2596893310546875
PeMS04,1929,12,1.3039360046386719
PeMS04,1930,1,-0.273529052734375
PeMS04,1930,6,0.9459686279296875
PeMS04,1930,12,1.813385009765625
PeMS04,1931,1,-1.0269927978515625
PeMS04,1931,6,1.4132461547851562
PeMS04,1931,12,2.066619873046875
PeMS04,1932,1,-0.410186767578125
PeMS04,1932,6,1.5246162414550781
PeMS04,1932,12,2.719451904296875
PeMS04,1933,1,-0.3416290283203125
PeMS04,1933,6,1.7665634155273438
PeMS04,1933,12,2.9365234375
PeMS04,1934,1,-0.443389892578125
PeMS04,1934,6,1.4619293212890625
PeMS04,1934,12,3.2915420532226562
PeMS04,1935,1,0.256103515625
PeMS04,1935,6,1.1837005615234375
PeMS04,1935,12,3.68865966796875
PeMS04,1936,1,0.38300323486328125
PeMS04,1936,6,1.1932373046875
PeMS04,1936,12,2.5345687866210938
PeMS04,1937,1,0.497833251953125
PeMS04,1937,6,1.1408538818359375
PeMS04,1937,12,3.23193359375
PeMS04,1938,1,0.6743087768554688
PeMS04,1938,6,0.9898529052734375
PeMS04,1938,12,2.9765472412109375
PeMS04,1939,1,-0.1560211181640625
PeMS04,1939,6,1.2321624755859375
PeMS04,1939,12,1.5423431396484375
PeMS04,1940,1,-0.3726959228515625
PeMS04,1940,6,0.0815277099609375
PeMS04,1940,12,1.8970108032226562
PeMS04,1941,1,-0.993438720703125
PeMS04,1941,6,1.3402862548828125
PeMS04,1941,12,2.5232696533203125
PeMS04,1942,1,-0.6875152587890625
PeMS04,1942,6,0.9201736450195312
PeMS04,1942,12,1.966278076171875
PeMS04,1943,1,-0.5816268920898438
PeMS04,1943,6,1.240936279296875
PeMS04,1943,12,3.4187393188476562
PeMS04,1944,1,0.064605712890625
PeMS04,1944,6,1.353912353515625
PeMS04,1944,12,3.9170989990234375
PeMS04,1945,1,-1.089935302734375
PeMS04,1945,6,1.1448974609375
PeMS04,1945,12,2.5901336669921875
PeMS04,1946,1,0.401458740234375
PeMS04,1946,6,1.2469329833984375
PeMS04,1946,12,2.6589813232421875
PeMS04,1947,1,-0.5213775634765625
PeMS04,1947,6,1.3300323486328125
PeMS04,1947,12,2.4752273559570312
PeMS04,1948,1,0.310546875
PeMS04,1948,6,1.527313232421875
PeMS04,1948,12,4.9022674560546875
PeMS04,1949,1,-0.22078323364257812
PeMS04,1949,6,2.2808074951171875
PeMS04,1949,12,3.927032470703125
PeMS04,1950,1,-0.4716033935546875
PeMS04,1950,6,1.3829193115234375
PeMS04,1950,12,2.426666259765625
PeMS04,1951,1,0.34613800048828125
PeMS04,1951,6,1.1583709716796875
PeMS04,1951,12,3.7707901000976562
PeMS04,1952,1,0.6762237548828125
PeMS04,1952,6,0.567291259765625
PeMS04,1952,12,3.8254623413085938
PeMS04,1953,1,-0.551025390625
PeMS04,1953,6,-0.1446685791015625
PeMS04,1953,12,4.699676513671875
PeMS04,1954,1,0.09473419189453125
PeMS04,1954,6,1.441558837890625
PeMS04,1954,12,3.7320556640625
PeMS04,1955,1,-0.675262451171875
PeMS04,1955,6,1.1120758056640625
PeMS04,1955,12,5.14678955078125
PeMS04,1956,1,-1.112884521484375
PeMS04,1956,6,0.6375274658203125
PeMS04,1956,12,3.6191635131835938
PeMS04,1957,1,-0.4325408935546875
PeMS04,1957,6,1.1103439331054688
PeMS04,1957,12,4.001575469970703
PeMS04,1958,1,-1.2691497802734375
PeMS04,1958,6,0.9238815307617188
PeMS04,1958,12,2.4595413208007812
PeMS04,1959,1,0.35211181640625
PeMS04,1959,6,2.695556640625
PeMS04,1959,12,2.2916336059570312
PeMS04,1960,1,0.141021728515625
PeMS04,1960,6,2.306915283203125
PeMS04,1960,12,2.0602264404296875
PeMS04,1961,1,-0.037353515625
PeMS04,1961,6,3.272705078125
PeMS04,1961,12,3.866424560546875
PeMS04,1962,1,0.40969085693359375
PeMS04,1962,6,0.5784568786621094
PeMS04,1962,12,4.024658203125
PeMS04,1963,1,-0.18582916259765625
PeMS04,1963,6,3.6327590942382812
PeMS04,1963,12,3.1428298950195312
PeMS04,1964,1,0.0858612060546875
PeMS04,1964,6,1.1919822692871094
PeMS04,1964,12,-0.7006072998046875
PeMS04,1965,1,0.0115966796875
PeMS04,1965,6,-0.0150146484375
PeMS04,1965,12,-1.2983245849609375
PeMS04,1966,1,0.6078948974609375
PeMS04,1966,6,-0.9862060546875
PeMS04,1966,12,-1.2237319946289062
PeMS04,1967,1,-1.6205902099609375
PeMS04,1967,6,-1.374786376953125
PeMS04,1967,12,-1.3712615966796875
PeMS04,1968,1,1.4131240844726562
PeMS04,1968,6,0.01092529296875
PeMS04,1968,12,0.42810821533203125
PeMS04,1969,1,1.9325637817382812
PeMS04,1969,6,-0.02021026611328125
PeMS04,1969,12,-0.6766357421875
PeMS04,1970,1,2.488536834716797
PeMS04,1970,6,-0.3114471435546875
PeMS04,1970,12,-1.8405189514160156
PeMS04,1971,1,0.3875579833984375
PeMS04,1971,6,-1.0766372680664062
PeMS04,1971,12,0.2530059814453125
PeMS04,1972,1,-0.5369873046875
PeMS04,1972,6,-0.2862396240234375
PeMS04,1972,12,3.4489898681640625
PeMS04,1973,1,0.649627685546875
PeMS04,1973,6,-2.651123046875
PeMS04,1973,12,0.9283599853515625
PeMS04,1974,1,0.8907928466796875
PeMS04,1974,6,-1.7743453979492188
PeMS04,1974,12,-2.137603759765625
PeMS04,1975,1,-0.4892425537109375
PeMS04,1975,6,-0.3222770690917969
PeMS04,1975,12,2.77789306640625
PeMS04,1976,1,-0.05387115478515625
PeMS04,1976,6,-1.035003662109375
PeMS04,1976,12,-0.066009521484375
PeMS04,1977,1,-0.8277397155761719
PeMS04,1977,6,-2.8129653930664062
PeMS04,1977,12,-3.2174530029296875
PeMS04,1978,1,-0.6259536743164062
PeMS04,1978,6,-1.298919677734375
PeMS04,1978,12,-0.4725189208984375
PeMS04,1979,1,-1.6584548950195312
PeMS04,1979,6,-1.7938232421875
PeMS04,1979,12,1.2377471923828125
PeMS04,1980,1,0.94586181640625
PeMS04,1980,6,-2.0487060546875
PeMS04,1980,12,-2.203704833984375
PeMS04,1981,1,-0.01285552978515625
PeMS04,1981,6,-0.7790679931640625
PeMS04,1981,12,3.2818832397460938
PeMS04,1982,1,-0.42339324951171875
PeMS04,1982,6,-0.65447998046875
PeMS04,1982,12,-0.4674530029296875
PeMS04,1983,1,0.77862548828125
PeMS04,1983,6,-0.4153594970703125
PeMS04,1983,12,4.64105224609375
PeMS04,1984,1,-0.478179931640625
PeMS04,1984,6,-0.831024169921875
PeMS04,1984,12,-0.8882522583007812
PeMS04,1985,1,-1.4131927490234375
PeMS04,1985,6,1.7434272766113281
PeMS04,1985,12,1.8716201782226562
PeMS04,1986,1,-0.827056884765625
PeMS04,1986,6,-2.55743408203125
PeMS04,1986,12,-0.6851348876953125
PeMS04,1987,1,1.1951904296875
PeMS04,1987,6,1.5359573364257812
PeMS04,1987,12,-3.277069091796875
PeMS04,1988,1,-0.6758880615234375
PeMS04,1988,6,-2.5264358520507812
PeMS04,1988,12,1.8585205078125
PeMS04,1989,1,0.2330322265625
PeMS04,1989,6,1.1444320678710938
PeMS04,1989,12,-0.5587081909179688
PeMS04,1990,1,0.9806747436523438
PeMS04,1990,6,-0.9747161865234375
PeMS04,1990,12,1.482940673828125
PeMS04,1991,1,1.783660888671875
PeMS04,1991,6,2.3985443115234375
PeMS04,1991,12,-1.070098876953125
PeMS04,1992,1,2.7424240112304688
PeMS04,1992,6,-1.37652587890625
PeMS04,1992,12,1.4015655517578125
PeMS04,1993,1,-1.8028793334960938
PeMS04,1993,6,-2.5578765869140625
PeMS04,1993,12,1.0777664184570312
PeMS04,1994,1,1.238739013671875
PeMS04,1994,6,0.987396240234375
PeMS04,1994,12,-1.116302490234375
PeMS04,1995,1,-0.160064697265625
PeMS04,1995,6,-2.5979080200195312
PeMS04,1995,12,-17.26561737060547
PeMS04,1996,1,2.6153564453125
PeMS04,1996,6,-2.3533172607421875
PeMS04,1996,12,-12.30029296875
PeMS04,1997,1,-0.19266510009765625
PeMS04,1997,6,-6.19232177734375
PeMS04,1997,12,-1.6934967041015625
PeMS04,1998,1,-1.4212646484375
PeMS04,1998,6,0.639404296875
PeMS04,1998,12,3.214813232421875
PeMS04,1999,1,1.0327301025390625
PeMS04,1999,6,-0.464447021484375
PeMS04,1999,12,-4.050224304199219
PeMS04,2000,1,-2.0652923583984375
PeMS04,2000,6,-1.6753387451171875
PeMS04,2000,12,-1.8730850219726562
PeMS04,2001,1,-1.10223388671875
PeMS04,2001,6,-14.887580871582031
PeMS04,2001,12,-4.5408935546875
PeMS04,2002,1,-2.80645751953125
PeMS04,2002,6,-13.5478515625
PeMS04,2002,12,-1.04266357421875
PeMS04,2003,1,0.0538330078125
PeMS04,2003,6,-1.028961181640625
PeMS04,2003,12,-1.8841400146484375
PeMS04,2004,1,0.06945037841796875
PeMS04,2004,6,0.5180435180664062
PeMS04,2004,12,-2.199718475341797
PeMS04,2005,1,-2.9062042236328125
PeMS04,2005,6,-3.5687026977539062
PeMS04,2005,12,-3.1528701782226562
PeMS04,2006,1,-14.376068115234375
PeMS04,2006,6,-2.5203628540039062
PeMS04,2006,12,-2.7705039978027344
PeMS04,2007,1,-9.35870361328125
PeMS04,2007,6,-1.4140701293945312
PeMS04,2007,12,0.719146728515625
PeMS04,2008,1,0.5613174438476562
PeMS04,2008,6,2.2389984130859375
PeMS04,2008,12,-0.3719635009765625
PeMS04,2009,1,2.813323974609375
PeMS04,2009,6,-2.178936004638672
PeMS04,2009,12,1.4306182861328125
PeMS04,2010,1,-1.5388412475585938
PeMS04,2010,6,-1.8034133911132812
PeMS04,2010,12,-1.0113906860351562
PeMS04,2011,1,-2.085296630859375
PeMS04,2011,6,-3.5912017822265625
PeMS04,2011,12,-4.1963043212890625
PeMS04,2012,1,-3.809589385986328
PeMS04,2012,6,-1.1054229736328125
PeMS04,2012,12,1.4385604858398438
PeMS04,2013,1,1.8546218872070312
PeMS04,2013,6,0.9352493286132812
PeMS04,2013,12,0.197174072265625
PeMS04,2014,1,-2.1957855224609375
PeMS04,2014,6,-2.1746673583984375
PeMS04,2014,12,0.0260009765625
PeMS04,2015,1,-3.7980804443359375
PeMS04,2015,6,-0.16375732421875
PeMS04,2015,12,5.237457275390625
