dataset,horizon,lag,acf
PeMS08,1,0,1.0
PeMS08,1,1,0.2948924499678395
PeMS08,1,2,0.2282782525987855
PeMS08,1,3,0.20923021825136826
PeMS08,1,4,0.18267002629356371
PeMS08,1,5,0.16777033173967854
PeMS08,1,6,0.14397686686222544
PeMS08,1,7,0.1350717144725068
PeMS08,1,8,0.13960936027502158
PeMS08,1,9,0.12177696838480756
PeMS08,1,10,0.12943854180924214
PeMS08,1,11,0.13945617644964028
PeMS08,1,12,0.16324442182046245
PeMS08,1,13,0.14340081163286433
PeMS08,1,14,0.09583288830862635
PeMS08,1,15,0.11498327578211054
PeMS08,1,16,0.11118538933892669
PeMS08,1,17,0.0897870133236129
PeMS08,1,18,0.087874641853654
PeMS08,1,19,0.08315054420035699
PeMS08,1,20,0.07661651575586054
PeMS08,1,21,0.0976733722391708
PeMS08,1,22,0.10235026549702468
PeMS08,1,23,0.09471475036461868
PeMS08,1,24,0.08666312956920502
PeMS08,1,25,0.09086026643565391
PeMS08,1,26,0.08688785232549512
PeMS08,1,27,0.08608651982771548
PeMS08,1,28,0.043821609559695385
PeMS08,1,29,0.05090935688430604
PeMS08,1,30,0.022911716130903138
PeMS08,1,31,0.03376897719246749
PeMS08,1,32,0.042555565351657824
PeMS08,1,33,0.042656725156313975
PeMS08,1,34,0.039519574863718716
PeMS08,1,35,0.047762003635953613
PeMS08,1,36,0.03511420670154898
PeMS08,1,37,0.037867439280245906
PeMS08,1,38,0.04715314352012709
PeMS08,1,39,-0.010524342838654504
PeMS08,1,40,0.05079424003210458
PeMS08,1,41,0.028946524657861322
PeMS08,1,42,0.027540972246407232
PeMS08,1,43,0.026910260725625742
PeMS08,1,44,0.027491079993008243
PeMS08,1,45,0.015830988623019755
PeMS08,1,46,-0.009630655226147788
PeMS08,1,47,0.015613023711008178
PeMS08,1,48,0.012371906249734877
PeMS08,1,49,-0.022301647372391244
PeMS08,1,50,-0.004364066846292712
PeMS08,1,51,-0.018980808248875547
PeMS08,1,52,-0.01925492346479106
PeMS08,1,53,-0.022568037652240122
PeMS08,1,54,-0.0301518462352367
PeMS08,1,55,-0.007331070817220265
PeMS08,1,56,-0.02662436587649572
PeMS08,1,57,-0.03574856498666944
PeMS08,1,58,-0.02261118294763305
PeMS08,1,59,-0.04728679058100548
PeMS08,1,60,-0.05878439104172004
PeMS08,1,61,-0.06528949398151002
PeMS08,1,62,-0.04739404676704835
PeMS08,1,63,-0.07333774189452244
PeMS08,1,64,-0.07131904886874281
PeMS08,1,65,-0.04339181512161644
PeMS08,1,66,-0.062487338516358994
PeMS08,1,67,-0.054733532003582205
PeMS08,1,68,-0.04475814240879611
PeMS08,1,69,-0.038667996704576504
PeMS08,1,70,-0.023978847902309357
PeMS08,1,71,-0.05034289254277953
PeMS08,1,72,-0.02217538135797295
PeMS08,1,73,-0.06362107428843715
PeMS08,1,74,-0.031475854574321796
PeMS08,1,75,-0.05027161987999484
PeMS08,1,76,-0.04845784943987405
PeMS08,1,77,-0.05000233204660514
PeMS08,1,78,-0.03755477230361907
PeMS08,1,79,-0.06819015751061494
PeMS08,1,80,-0.06827861205100387
PeMS08,1,81,-0.0737131791995093
PeMS08,1,82,-0.03446244174521186
PeMS08,1,83,-0.034605002628861625
PeMS08,1,84,-0.053851924866195645
PeMS08,1,85,-0.04891870789256089
PeMS08,1,86,-0.04875659470997802
PeMS08,1,87,-0.04876584839156111
PeMS08,1,88,-0.048195280495844504
PeMS08,1,89,-0.03351627263244084
PeMS08,1,90,-0.04341187843866462
PeMS08,1,91,-0.014292172703711957
PeMS08,1,92,-0.018233758566284022
PeMS08,1,93,-0.012352394845738269
PeMS08,1,94,-0.038783658824594926
PeMS08,1,95,-0.008130239899320324
PeMS08,1,96,-0.04292282168528211
PeMS08,1,97,-0.020724848265448265
PeMS08,1,98,-0.0005005547859183384
PeMS08,1,99,-0.033633029506953946
PeMS08,1,100,0.011719141928638826
PeMS08,1,101,-0.017749148671198145
PeMS08,1,102,0.0014804281975736519
PeMS08,1,103,0.02529983574029732
PeMS08,1,104,-0.014033248328622863
PeMS08,1,105,0.02008414788763452
PeMS08,1,106,0.021960598904911168
PeMS08,1,107,-0.007744396908539076
PeMS08,1,108,0.018541313860766573
PeMS08,1,109,0.017373297948956194
PeMS08,1,110,0.015865605741391293
PeMS08,1,111,0.022928693697730453
PeMS08,1,112,0.026145628712000102
PeMS08,1,113,0.03569629790662903
PeMS08,1,114,0.04361881501305039
PeMS08,1,115,0.035861724400067005
PeMS08,1,116,0.0415709889667409
PeMS08,1,117,0.0007509709894260621
PeMS08,1,118,0.025298356582133624
PeMS08,1,119,0.045028747763100695
PeMS08,1,120,0.044399512848512096
PeMS08,1,121,0.03610224884073012
PeMS08,1,122,0.037659887797174045
PeMS08,1,123,0.047066854358739564
PeMS08,1,124,0.04300254179568649
PeMS08,1,125,0.05156863813537707
PeMS08,1,126,0.07408938080432699
PeMS08,1,127,0.08159456011757098
PeMS08,1,128,0.06741549737994498
PeMS08,1,129,0.06116414366177641
PeMS08,1,130,0.04037937209999039
PeMS08,1,131,0.048644042268921536
PeMS08,1,132,0.0812392229508818
PeMS08,1,133,0.07089792976726289
PeMS08,1,134,0.07627620464459299
PeMS08,1,135,0.11062615950218442
PeMS08,1,136,0.043207313965568706
PeMS08,1,137,0.07972361158453617
PeMS08,1,138,0.06895954304831751
PeMS08,1,139,0.06877066074375143
PeMS08,1,140,0.07548419436506151
PeMS08,1,141,0.0720644280793683
PeMS08,1,142,0.06004280068233585
PeMS08,1,143,0.08929755018261105
PeMS08,1,144,0.07126013751451608
PeMS08,1,145,0.05253382039944108
PeMS08,1,146,0.08314463136940509
PeMS08,1,147,0.05901393500760525
PeMS08,1,148,0.0755758055247042
PeMS08,1,149,0.07649770944533894
PeMS08,1,150,0.06277959582402937
PeMS08,1,151,0.06667557318310795
PeMS08,1,152,0.0832549342039424
PeMS08,1,153,0.0733736200881944
PeMS08,1,154,0.030348434359004046
PeMS08,1,155,0.06468978216285011
PeMS08,1,156,0.06081476236193563
PeMS08,1,157,0.00880978318868737
PeMS08,1,158,0.030020935551919505
PeMS08,1,159,0.06603305430466243
PeMS08,1,160,0.04734711605257659
PeMS08,1,161,0.04010785453278217
PeMS08,1,162,0.062314213759939056
PeMS08,1,163,0.05069249586436648
PeMS08,1,164,0.04948572685358342
PeMS08,1,165,0.0504798533817796
PeMS08,1,166,0.01797104100701546
PeMS08,1,167,0.027495762794678375
PeMS08,1,168,0.012713635119143734
PeMS08,1,169,0.017091987329485712
PeMS08,1,170,0.004193617703960173
PeMS08,1,171,0.0013009494410166984
PeMS08,1,172,0.010522862717127155
PeMS08,1,173,0.02276951722299669
PeMS08,1,174,-0.001390831048102412
PeMS08,1,175,0.04043667044871683
PeMS08,1,176,0.008926275306003479
PeMS08,1,177,0.008326616465983422
PeMS08,1,178,0.03832887068338815
PeMS08,1,179,0.007912896471539262
PeMS08,1,180,-0.008766694602250092
PeMS08,1,181,-0.02311304191218079
PeMS08,1,182,-0.0038687250748954695
PeMS08,1,183,-0.008498736360549899
PeMS08,1,184,-0.010529814481423412
PeMS08,1,185,-0.024589705645006697
PeMS08,1,186,-0.039259990666989514
PeMS08,1,187,-0.031173174059076336
PeMS08,1,188,-0.015089306432857184
PeMS08,1,189,-0.02981333389089602
PeMS08,1,190,0.00045836280741234605
PeMS08,1,191,-0.02073411308214343
PeMS08,1,192,-0.037008307747696756
PeMS08,1,193,0.0007041428880088012
PeMS08,1,194,-0.022640205245404693
PeMS08,1,195,-0.024318066044012047
PeMS08,1,196,0.009409450102359083
PeMS08,1,197,-0.030718893707025175
PeMS08,1,198,-0.0474855798381415
PeMS08,1,199,-0.04051602779457468
PeMS08,1,200,-0.04000622635685209
PeMS08,1,201,-0.026965701906737517
PeMS08,1,202,-0.026772047716932888
PeMS08,1,203,-0.029035070879228065
PeMS08,1,204,-0.02198096951797415
PeMS08,1,205,-0.0197713393846679
PeMS08,1,206,-0.021714172375068033
PeMS08,1,207,-0.0541864618367642
PeMS08,1,208,-0.06172528104169775
PeMS08,1,209,-0.052000532188390604
PeMS08,1,210,-0.05632453408142074
PeMS08,1,211,-0.04770915281311583
PeMS08,1,212,-0.06455248933769946
PeMS08,1,213,-0.06090962486566275
PeMS08,1,214,-0.05285118043999984
PeMS08,1,215,-0.061570983381406846
PeMS08,1,216,-0.05844955008393164
PeMS08,1,217,-0.02551347947101591
PeMS08,1,218,-0.04339652361838878
PeMS08,1,219,-0.06647032437193164
PeMS08,1,220,-0.035366515110694996
PeMS08,1,221,-0.04994397036195703
PeMS08,1,222,-0.06963698056849399
PeMS08,1,223,-0.048386474865439656
PeMS08,1,224,-0.027405529315479616
PeMS08,1,225,-0.05307064022784467
PeMS08,1,226,-0.05354745482117348
PeMS08,1,227,-0.04580254255923622
PeMS08,1,228,-0.05139936332451021
PeMS08,1,229,-0.0368963971759226
PeMS08,1,230,-0.01985896470894339
PeMS08,1,231,-0.03895218685307985
PeMS08,1,232,-0.03513369298113906
PeMS08,1,233,-0.03668342890947896
PeMS08,1,234,-0.049297198100988746
PeMS08,1,235,-0.05571251035451939
PeMS08,1,236,-0.055802687925947864
PeMS08,1,237,-0.04509235234701598
PeMS08,1,238,-0.03848483379944862
PeMS08,1,239,-0.04128790792569985
PeMS08,1,240,-0.026512021892381214
PeMS08,1,241,-0.004676273175662853
PeMS08,1,242,-0.0141143973177558
PeMS08,1,243,-0.015863102951719246
PeMS08,1,244,-0.008266208348681867
PeMS08,1,245,-0.018101216510698227
PeMS08,1,246,0.021834311426157164
PeMS08,1,247,-0.008500846644532373
PeMS08,1,248,-0.008565117659091027
PeMS08,1,249,0.033474741495671916
PeMS08,1,250,0.005487082286960796
PeMS08,1,251,0.04259833788240043
PeMS08,1,252,0.003084689953127083
PeMS08,1,253,0.023948850933903896
PeMS08,1,254,0.015057217541852635
PeMS08,1,255,0.021694290863948064
PeMS08,1,256,-0.00817750869936775
PeMS08,1,257,-0.0009837283525242942
PeMS08,1,258,-0.0021252523336190584
PeMS08,1,259,0.005225704214606513
PeMS08,1,260,0.003638399085837592
PeMS08,1,261,0.039537505801531515
PeMS08,1,262,0.046640115902027754
PeMS08,1,263,0.0006878544236998246
PeMS08,1,264,0.07475734883267976
PeMS08,1,265,0.0682156799688224
PeMS08,1,266,0.0570118966208638
PeMS08,1,267,0.06884383662669277
PeMS08,1,268,0.05553018545501864
PeMS08,1,269,0.057813147966083146
PeMS08,1,270,0.05761156555957934
PeMS08,1,271,0.03986997367348777
PeMS08,1,272,0.020943975968715566
PeMS08,1,273,0.029024362575674777
PeMS08,1,274,0.034075277343684214
PeMS08,1,275,0.06428531981323396
PeMS08,1,276,0.07489722815960319
PeMS08,1,277,0.05702840078653926
PeMS08,1,278,0.09810987863840079
PeMS08,1,279,0.035435865677990154
PeMS08,1,280,0.04549207596301738
PeMS08,1,281,0.04947407699116929
PeMS08,1,282,0.04161415930288534
PeMS08,1,283,0.021432520184010245
PeMS08,1,284,0.04174498789796825
PeMS08,1,285,0.051170869075906664
PeMS08,1,286,0.09117717188754534
PeMS08,1,287,0.07176032073693231
PeMS08,1,288,0.1398215962219985
PeMS08,1,289,0.07643405184293853
PeMS08,1,290,0.06924400384065069
PeMS08,1,291,0.07042853339666388
PeMS08,1,292,0.04685972059530634
PeMS08,1,293,0.06021566772909176
PeMS08,1,294,0.06507691821910289
PeMS08,1,295,0.044544193150660674
PeMS08,1,296,0.06687900015502508
PeMS08,1,297,0.047280694794360846
PeMS08,1,298,0.04371085871827616
PeMS08,1,299,0.06615663522788666
PeMS08,1,300,0.05083170998023086
PeMS08,1,301,0.06877401795429788
PeMS08,1,302,0.05278805031546213
PeMS08,1,303,0.02396222365143487
PeMS08,1,304,0.026375361381938724
PeMS08,1,305,0.030750628919163147
PeMS08,1,306,0.013534594129556026
PeMS08,1,307,0.020540778882346226
PeMS08,1,308,0.048182588258663034
PeMS08,1,309,0.04807240435060403
PeMS08,1,310,0.023313760020583173
PeMS08,1,311,0.05478364193804928
PeMS08,1,312,0.03180267717735339
PeMS08,1,313,0.01866442199293429
PeMS08,1,314,0.02427917947580607
PeMS08,1,315,0.030939685666474263
PeMS08,1,316,0.017292136787370314
PeMS08,1,317,-0.007470744115849994
PeMS08,1,318,-0.006169123097080212
PeMS08,1,319,-0.008083030526590923
PeMS08,1,320,0.004236697887907234
PeMS08,1,321,-7.835781179935512e-05
PeMS08,1,322,-0.0038099666772529656
PeMS08,1,323,0.009627651428075408
PeMS08,1,324,0.013151966952991393
PeMS08,1,325,-0.008294970900084063
PeMS08,1,326,-0.0011732404859719655
PeMS08,1,327,-0.00901541855486415
PeMS08,1,328,-0.01267685220326879
PeMS08,1,329,-0.03173035838396229
PeMS08,1,330,-0.04462732187527666
PeMS08,1,331,-0.03845141046303847
PeMS08,1,332,-0.05236309391579721
PeMS08,1,333,-0.05280668581689976
PeMS08,1,334,-0.048910283212498844
PeMS08,1,335,-0.03573366129157808
PeMS08,1,336,-0.03806271166683314
PeMS08,1,337,-0.026810104339128806
PeMS08,1,338,-0.018585870947367703
PeMS08,1,339,-0.04803149416490407
PeMS08,1,340,-0.03018911316865404
PeMS08,1,341,-0.028383602988175393
PeMS08,1,342,-0.04464601094680833
PeMS08,1,343,-0.03265089403079328
PeMS08,1,344,-0.044521520813891435
PeMS08,1,345,-0.059903583513862435
PeMS08,1,346,-0.04949376828408548
PeMS08,1,347,-0.06260002420345587
PeMS08,1,348,-0.07569271993527327
PeMS08,1,349,-0.06519378872070321
PeMS08,1,350,-0.07316504072923702
PeMS08,1,351,-0.0688633975478884
PeMS08,1,352,-0.027833758810640884
PeMS08,1,353,-0.06003917390193939
PeMS08,1,354,-0.04812807173411229
PeMS08,1,355,-0.04780669729670386
PeMS08,1,356,-0.07426465359752311
PeMS08,1,357,-0.05764136009861748
PeMS08,1,358,-0.06750868873915104
PeMS08,1,359,-0.08494809764499366
PeMS08,1,360,-0.09123062061938816
PeMS08,1,361,-0.08404363536751978
PeMS08,1,362,-0.058744308596107596
PeMS08,1,363,-0.0714887472531422
PeMS08,1,364,-0.05879813438784884
PeMS08,1,365,-0.06286157311637565
PeMS08,1,366,-0.041176610097549055
PeMS08,1,367,-0.04779523116342212
PeMS08,1,368,-0.04267408629449617
PeMS08,1,369,-0.044119052500683056
PeMS08,1,370,-0.021034109660106676
PeMS08,1,371,-0.05218971019788637
PeMS08,1,372,-0.054090792529385666
PeMS08,1,373,-0.03920855114965091
PeMS08,1,374,-0.05764439336571033
PeMS08,1,375,-0.056079760772195564
PeMS08,1,376,-0.04217378698619111
PeMS08,1,377,-0.03942367587692342
PeMS08,1,378,-0.035982133637551074
PeMS08,1,379,-0.03214097791295651
PeMS08,1,380,-0.02267746259645548
PeMS08,1,381,-0.03102004586776032
PeMS08,1,382,-0.06272596765235254
PeMS08,1,383,-0.01565773675953963
PeMS08,1,384,-0.04570493106738396
PeMS08,1,385,-0.03533858016018561
PeMS08,1,386,-0.03507319226773788
PeMS08,1,387,-0.051329348874309816
PeMS08,1,388,-0.03340704104874259
PeMS08,1,389,-0.04121124967545573
PeMS08,1,390,-0.03193155197747847
PeMS08,1,391,-0.0400594995587509
PeMS08,1,392,-0.022750358284086964
PeMS08,1,393,-0.00592649154322165
PeMS08,1,394,-0.013345744280608494
PeMS08,1,395,-0.014113366872552933
PeMS08,1,396,0.023717838858465085
PeMS08,1,397,0.005039875955591197
PeMS08,1,398,-0.02378743048590833
PeMS08,1,399,0.00366263537194815
PeMS08,1,400,-0.006751288538753812
PeMS08,1,401,-0.012774787960588124
PeMS08,1,402,-0.013121158434817561
PeMS08,1,403,-0.032006516539109214
PeMS08,1,404,0.0035980982471843738
PeMS08,1,405,-0.009340353926299805
PeMS08,1,406,-0.022111510499321176
PeMS08,1,407,-0.0006339671570625655
PeMS08,1,408,0.019914690132087125
PeMS08,1,409,0.0071521297062108755
PeMS08,1,410,0.010169987250004344
PeMS08,1,411,-0.008464840794063207
PeMS08,1,412,0.016265532746374288
PeMS08,1,413,0.018922826511295655
PeMS08,1,414,0.03918639572642049
PeMS08,1,415,0.009939427691686566
PeMS08,1,416,0.018815732865152875
PeMS08,1,417,0.03316332985567276
PeMS08,1,418,0.01057726287082496
PeMS08,1,419,0.02136383336714983
PeMS08,1,420,0.036864149306727205
PeMS08,1,421,0.06079507421289283
PeMS08,1,422,0.018522817750937653
PeMS08,1,423,0.025024072672873262
PeMS08,1,424,0.043127223905950356
PeMS08,1,425,0.0326290788365099
PeMS08,1,426,0.05250679681155361
PeMS08,1,427,0.041301764986328836
PeMS08,1,428,0.020190499357120403
PeMS08,1,429,0.04169381144654621
PeMS08,1,430,0.05124748891174291
PeMS08,1,431,0.03459942839064781
PeMS08,1,432,-0.001517251536320599
PeMS08,1,433,0.00989313870532933
PeMS08,1,434,0.028678425237980025
PeMS08,1,435,0.013472435842743654
PeMS08,1,436,0.018293519425319857
PeMS08,1,437,0.041176287523367126
PeMS08,1,438,0.015844573140047724
PeMS08,1,439,0.025205861718669606
PeMS08,1,440,0.040811998730172105
PeMS08,1,441,0.030777560483703968
PeMS08,1,442,0.029499564311089504
PeMS08,1,443,0.036757885155768624
PeMS08,1,444,0.007902975003360272
PeMS08,1,445,0.007245763532156638
PeMS08,1,446,0.008535690920074558
PeMS08,1,447,-0.0060131188534597365
PeMS08,1,448,0.00033024538132243387
PeMS08,1,449,0.014259165013440267
PeMS08,1,450,-0.0030350913982671985
PeMS08,1,451,-0.0155650781063795
PeMS08,1,452,-0.020264624460219757
PeMS08,1,453,-0.019518288669285386
PeMS08,1,454,-0.010713468841441028
PeMS08,1,455,-0.017007392859866428
PeMS08,1,456,-0.03789776756231503
PeMS08,1,457,-0.011754210915458503
PeMS08,1,458,-0.03119415089135982
PeMS08,1,459,-0.0353729917301217
PeMS08,1,460,-0.017950561029042123
PeMS08,1,461,-0.01661232607641617
PeMS08,1,462,-0.03594059186142249
PeMS08,1,463,-0.02240606067966879
PeMS08,1,464,-0.032051218407297556
PeMS08,1,465,-0.056277861089941095
PeMS08,1,466,-0.044069874160832696
PeMS08,1,467,-0.0500842990640643
PeMS08,1,468,-0.037880209105410755
PeMS08,1,469,-0.06009180123287902
PeMS08,1,470,-0.04492013260444816
PeMS08,1,471,-0.037852038672091345
PeMS08,1,472,-0.03267805856020042
PeMS08,1,473,-0.03331391867688561
PeMS08,1,474,-0.03583161975360583
PeMS08,1,475,-0.04299283353056156
PeMS08,1,476,-0.04960826271497963
PeMS08,1,477,-0.07919713924254672
PeMS08,1,478,-0.04782834660336095
PeMS08,1,479,-0.04264254977616681
PeMS08,1,480,-0.06316498704592081
PeMS08,1,481,-0.04347210273283776
PeMS08,1,482,-0.058609219280985815
PeMS08,1,483,-0.059153414954202156
PeMS08,1,484,-0.048421589824272845
PeMS08,1,485,-0.06549428855872552
PeMS08,1,486,-0.05611967013308136
PeMS08,1,487,-0.07130323365301384
PeMS08,1,488,-0.09388356728062329
PeMS08,1,489,-0.07203606238719386
PeMS08,1,490,-0.06337493090967954
PeMS08,1,491,-0.05476088690092284
PeMS08,1,492,-0.07379863067027122
PeMS08,1,493,-0.07224029828402641
PeMS08,1,494,-0.0809772870881517
PeMS08,1,495,-0.07708058403212159
PeMS08,1,496,-0.05729903304395894
PeMS08,1,497,-0.05758981405882119
PeMS08,1,498,-0.048976043098434015
PeMS08,1,499,-0.05822604781095549
PeMS08,1,500,-0.07875086495245329
PeMS08,1,501,-0.0661351179468457
PeMS08,1,502,-0.04269466998867338
PeMS08,1,503,-0.09576046439165034
PeMS08,1,504,-0.07500017934172722
PeMS08,1,505,-0.06266287574142468
PeMS08,1,506,-0.06923037245776574
PeMS08,1,507,-0.06865549384332184
PeMS08,1,508,-0.0574989671704655
PeMS08,1,509,-0.07804053394530003
PeMS08,1,510,-0.06768807501638043
PeMS08,1,511,-0.0665820177392227
PeMS08,1,512,-0.06609250072700887
PeMS08,1,513,-0.0587337345423845
PeMS08,1,514,-0.06925727640149223
PeMS08,1,515,-0.05531850746921419
PeMS08,1,516,-0.034323927585678975
PeMS08,1,517,-0.019407835749549712
PeMS08,1,518,-0.024946862361625802
PeMS08,1,519,-0.02720366796730788
PeMS08,1,520,-0.038944208816508855
PeMS08,1,521,-0.06093606764327758
PeMS08,1,522,-0.061049212120500206
PeMS08,1,523,-0.07386170225671573
PeMS08,1,524,-0.07145979604649995
PeMS08,1,525,-0.08549473487571636
PeMS08,1,526,-0.07554981036723399
PeMS08,1,527,-0.0663937667703124
PeMS08,1,528,-0.05114632277921436
PeMS08,1,529,-0.0313952094972566
PeMS08,1,530,-0.04985520476399724
PeMS08,1,531,-0.0322091558674178
PeMS08,1,532,-0.02371899137424762
PeMS08,1,533,-0.005493316340559028
PeMS08,1,534,-0.03862136470165656
PeMS08,1,535,-0.028426063617495945
PeMS08,1,536,-0.02305263510536313
PeMS08,1,537,0.008861098379724224
PeMS08,1,538,-0.04117340798525454
PeMS08,1,539,-0.02233194316251436
PeMS08,1,540,0.0028894726566089813
PeMS08,1,541,-0.0055442699912906625
PeMS08,1,542,0.0008266347484739278
PeMS08,1,543,-0.012661240376595256
PeMS08,1,544,-0.0055872175326567835
PeMS08,1,545,0.0065114327579455485
PeMS08,1,546,-0.019886257738888878
PeMS08,1,547,-0.028601782394209053
PeMS08,1,548,0.006842391839448439
PeMS08,1,549,0.02318571788868814
PeMS08,1,550,0.005628451688373197
PeMS08,1,551,-0.01136934855037707
PeMS08,1,552,0.0336011491722986
PeMS08,1,553,0.022420017095015333
PeMS08,1,554,0.02686543930459901
PeMS08,1,555,0.037374196389584606
PeMS08,1,556,0.04679505912739482
PeMS08,1,557,0.02006868765683869
PeMS08,1,558,0.05261376693696431
PeMS08,1,559,0.021575043462939456
PeMS08,1,560,0.004196113086354074
PeMS08,1,561,0.012881867981001532
PeMS08,1,562,-0.013364180639708127
PeMS08,1,563,0.021086439155863904
PeMS08,1,564,0.03639783205149021
PeMS08,1,565,0.03161921964574724
PeMS08,1,566,0.028505117194097825
PeMS08,1,567,0.017314751185230758
PeMS08,1,568,0.04690816832656743
PeMS08,1,569,0.05935290463706568
PeMS08,1,570,0.05266909253775846
PeMS08,1,571,0.02281369618218587
PeMS08,1,572,0.016981180339036006
PeMS08,1,573,0.06300270982339704
PeMS08,1,574,0.052041130495897606
PeMS08,1,575,0.04441524174271321
PeMS08,1,576,0.0979489103627498
PeMS08,1,577,0.08571919484635446
PeMS08,1,578,0.07175580563124885
PeMS08,1,579,0.055755840719910424
PeMS08,1,580,0.016874868176548468
PeMS08,1,581,0.034777582647200274
PeMS08,1,582,0.021715817245294828
PeMS08,1,583,0.004009634750889744
PeMS08,1,584,0.023047535024725792
PeMS08,1,585,0.05102881964117433
PeMS08,1,586,0.03507886599946337
PeMS08,1,587,0.02742506723680559
PeMS08,1,588,0.027875713105510562
PeMS08,1,589,0.05769543517587539
PeMS08,1,590,0.04135407856339718
PeMS08,1,591,0.025200908150369298
PeMS08,1,592,0.04882333933369378
PeMS08,1,593,0.0329238350218905
PeMS08,1,594,0.02083526133378131
PeMS08,1,595,0.01936535458704437
PeMS08,1,596,0.021693581311622294
PeMS08,1,597,0.029285857958727766
PeMS08,1,598,0.024201861857539513
PeMS08,1,599,0.017847038828262628
PeMS08,1,600,0.03793663024719028
PeMS08,1,601,0.025804992947869476
PeMS08,1,602,0.030640326478470613
PeMS08,1,603,0.01465198472258901
PeMS08,1,604,0.0072801800820680475
PeMS08,1,605,0.008778775257149828
PeMS08,1,606,-0.007838542903547028
PeMS08,1,607,0.014819563179177543
PeMS08,1,608,-0.006340453619615085
PeMS08,1,609,-0.0044699657168982545
PeMS08,1,610,0.010403332116660606
PeMS08,1,611,0.01711588577887515
PeMS08,1,612,-0.0022864213710590974
PeMS08,1,613,0.009903877944696786
PeMS08,1,614,-0.003537972085958025
PeMS08,1,615,-0.010833451747579615
PeMS08,1,616,0.0020927428030898696
PeMS08,1,617,-0.014359513380726458
PeMS08,1,618,-0.0012757040620523313
PeMS08,1,619,0.0010956318911768388
PeMS08,1,620,-0.020305911471430623
PeMS08,1,621,-0.026846211367631323
PeMS08,1,622,-0.030079814952484536
PeMS08,1,623,-0.028993528377848576
PeMS08,1,624,-0.023131588927362143
PeMS08,1,625,-0.041173979354957944
PeMS08,1,626,-0.0556532651056162
PeMS08,1,627,-0.05615668028654433
PeMS08,1,628,-0.06699627457843095
PeMS08,1,629,-0.06212162979678293
PeMS08,1,630,-0.039605548451291196
PeMS08,1,631,-0.05684963121094324
PeMS08,1,632,-0.05351278760841725
PeMS08,1,633,-0.057496883621253304
PeMS08,1,634,-0.0525679484584834
PeMS08,1,635,-0.04955483123440157
PeMS08,1,636,-0.05533121343237832
PeMS08,1,637,-0.06040924309368821
PeMS08,1,638,-0.08050076838213953
PeMS08,1,639,-0.06353543124885219
PeMS08,1,640,-0.03892622742969181
PeMS08,1,641,-0.05773483014172342
PeMS08,1,642,-0.05729364242944482
PeMS08,1,643,-0.05521889875679997
PeMS08,1,644,-0.06525556726173462
PeMS08,1,645,-0.03945266386925559
PeMS08,1,646,-0.05587041133106405
PeMS08,1,647,-0.06360725461006339
PeMS08,1,648,-0.07165316814766469
PeMS08,1,649,-0.07692610534227039
PeMS08,1,650,-0.049791513758853496
PeMS08,1,651,-0.056570388351575886
PeMS08,1,652,-0.061426098112385225
PeMS08,1,653,-0.07820661638111405
PeMS08,1,654,-0.05492213064452049
PeMS08,1,655,-0.08108753395144626
PeMS08,1,656,-0.06428767367971823
PeMS08,1,657,-0.09212756327413486
PeMS08,1,658,-0.05603244539539703
PeMS08,1,659,-0.07240448867375604
PeMS08,1,660,-0.07999651400657697
PeMS08,1,661,-0.0404815551967381
PeMS08,1,662,-0.04910238419793045
PeMS08,1,663,-0.0284527926823504
PeMS08,1,664,-0.038563313707645444
PeMS08,1,665,-0.057929357844303746
PeMS08,1,666,-0.05589202805006524
PeMS08,1,667,-0.05408631123418523
PeMS08,1,668,-0.02348810743223292
PeMS08,1,669,-0.04067716211988016
PeMS08,1,670,-0.053501347597090534
PeMS08,1,671,-0.06046032167517479
PeMS08,1,672,-0.04575013610284726
PeMS08,1,673,-0.05570613984897844
PeMS08,1,674,-0.025104564955632097
PeMS08,1,675,-0.05347444823096816
PeMS08,1,676,-0.04820223877224802
PeMS08,1,677,-0.03396105190774421
PeMS08,1,678,-0.03089642330419291
PeMS08,1,679,-0.029724967646263464
PeMS08,1,680,-0.02552295402831294
PeMS08,1,681,0.002283687147717612
PeMS08,1,682,-0.02289716481868546
PeMS08,1,683,-0.02145162311029783
PeMS08,1,684,-0.011727542921307768
PeMS08,1,685,0.004454579446934761
PeMS08,1,686,-0.015791311275145697
PeMS08,1,687,-0.0031746194307271896
PeMS08,1,688,-0.008723636976317988
PeMS08,1,689,-0.003029993368170756
PeMS08,1,690,0.005989934643055648
PeMS08,1,691,0.016122577611665634
PeMS08,1,692,0.03593827255411112
PeMS08,1,693,-0.00722357110921718
PeMS08,1,694,-0.010894000592315732
PeMS08,1,695,-0.0067108413821907326
PeMS08,1,696,0.017705520274811835
PeMS08,1,697,0.0005308297806630457
PeMS08,1,698,-0.00020790729453861332
PeMS08,1,699,0.007069994314436617
PeMS08,1,700,0.00065290065861698
PeMS08,1,701,0.008153737311871152
PeMS08,1,702,0.015320555240091514
PeMS08,1,703,0.02547825605611158
PeMS08,1,704,0.055749674201481886
PeMS08,1,705,0.036943666020151436
PeMS08,1,706,0.03594433292777139
PeMS08,1,707,0.04372584184272139
PeMS08,1,708,0.045440895088308925
PeMS08,1,709,0.02707050584360153
PeMS08,1,710,0.01931005653174965
PeMS08,1,711,0.050955776250273095
PeMS08,1,712,0.05760330711276906
PeMS08,1,713,0.04459703192832938
PeMS08,1,714,0.03628665269276161
PeMS08,1,715,0.05015557203833155
PeMS08,1,716,0.0513298640900668
PeMS08,1,717,0.050117223982864174
PeMS08,1,718,0.0737137409037907
PeMS08,1,719,0.06389565161247891
PeMS08,1,720,0.058180930950117345
PeMS08,1,721,0.07446809339551563
PeMS08,1,722,0.07601555734794581
PeMS08,1,723,0.061272590433235116
PeMS08,1,724,0.051381961310123826
PeMS08,1,725,0.055638153260228064
PeMS08,1,726,0.01333998128836162
PeMS08,1,727,0.024912605603635552
PeMS08,1,728,0.053726786299769284
PeMS08,1,729,0.03259006853037201
PeMS08,1,730,0.04412233589338899
PeMS08,1,731,0.01904718279161302
PeMS08,1,732,0.03982645203221251
PeMS08,1,733,0.04936684745289017
PeMS08,1,734,0.0433111870545153
PeMS08,1,735,0.028796438109098637
PeMS08,1,736,0.0431967100228503
PeMS08,1,737,0.04455785502579225
PeMS08,1,738,0.03932155504611794
PeMS08,1,739,0.041211037284669565
PeMS08,1,740,0.04636438366760717
PeMS08,1,741,0.022301076634552584
PeMS08,1,742,0.019790051791417677
PeMS08,1,743,0.017053514110175413
PeMS08,1,744,0.015226095485276975
PeMS08,1,745,0.011608954486090176
PeMS08,1,746,0.032947360456827474
PeMS08,1,747,0.007215384086644223
PeMS08,1,748,0.021738934476385998
PeMS08,1,749,-0.004591568573596428
PeMS08,1,750,0.022786296570777943
PeMS08,1,751,0.021801683490302138
PeMS08,1,752,0.016731238137201496
PeMS08,1,753,-0.0014791750878910019
PeMS08,1,754,0.01158265605976479
PeMS08,1,755,0.009003592691453502
PeMS08,1,756,-0.010569655816138944
PeMS08,1,757,-0.013765563828152238
PeMS08,1,758,-0.0014377804810440608
PeMS08,1,759,-0.0009794368624521858
PeMS08,1,760,0.010227304810553846
PeMS08,1,761,-0.010088478186533696
PeMS08,1,762,-0.011644456006879153
PeMS08,1,763,0.00610214035282606
PeMS08,1,764,-0.019702140340954372
PeMS08,1,765,-0.04439689517753256
PeMS08,1,766,0.011503530490640764
PeMS08,1,767,-0.013265574297299897
PeMS08,1,768,-0.025665399120612904
PeMS08,1,769,-0.023554894028062674
PeMS08,1,770,-0.01831250203495461
PeMS08,1,771,-0.033266080892094284
PeMS08,1,772,-0.016317981135088085
PeMS08,1,773,-0.030770376839861228
PeMS08,1,774,-0.03361998605289306
PeMS08,1,775,-0.0270978317021983
PeMS08,1,776,-0.029086402405731605
PeMS08,1,777,-0.03778437268080157
PeMS08,1,778,-0.030401762964718585
PeMS08,1,779,-0.031105148141117336
PeMS08,1,780,-0.038463409467859484
PeMS08,1,781,-0.03927444079983627
PeMS08,1,782,-0.022278914847746793
PeMS08,1,783,-0.028658269859403923
PeMS08,1,784,-0.05143372520448114
PeMS08,1,785,-0.06509661554108968
PeMS08,1,786,-0.04594304812691615
PeMS08,1,787,-0.039462852335871004
PeMS08,1,788,-0.03847334046972816
PeMS08,1,789,-0.056101331802300806
PeMS08,1,790,-0.056499676543067846
PeMS08,1,791,-0.07043555957118364
PeMS08,1,792,-0.0589569936353737
PeMS08,1,793,-0.05335187279977866
PeMS08,1,794,-0.039962395143828405
PeMS08,1,795,-0.04125415580436807
PeMS08,1,796,-0.06093936739045446
PeMS08,1,797,-0.04588181036868216
PeMS08,1,798,-0.05591470399661527
PeMS08,1,799,-0.07370603602135246
PeMS08,1,800,-0.08143233174696768
PeMS08,1,801,-0.07019098740505633
PeMS08,1,802,-0.06996137509012282
PeMS08,1,803,-0.06180644544343384
PeMS08,1,804,-0.047103925807155375
PeMS08,1,805,-0.06714036893973546
PeMS08,1,806,-0.05033605856987381
PeMS08,1,807,-0.044131343311063574
PeMS08,1,808,-0.06253466587381204
PeMS08,1,809,-0.059702447236945344
PeMS08,1,810,-0.061001822860855405
PeMS08,1,811,-0.05259250989967312
PeMS08,1,812,-0.07800597239734454
PeMS08,1,813,-0.04004515064374291
PeMS08,1,814,-0.034961944758881584
PeMS08,1,815,-0.06344981454410473
PeMS08,1,816,-0.043621276005301766
PeMS08,1,817,-0.043964898902600594
PeMS08,1,818,-0.019335536540982207
PeMS08,1,819,-0.027048000969641602
PeMS08,1,820,-0.03783054772896204
PeMS08,1,821,-0.050348691446833634
PeMS08,1,822,-0.018173846887487945
PeMS08,1,823,-0.012561515159622422
PeMS08,1,824,-0.022537901601620166
PeMS08,1,825,-0.003898047887472665
PeMS08,1,826,-0.019821842330195946
PeMS08,1,827,-0.025037371247013055
PeMS08,1,828,-0.023433093942162794
PeMS08,1,829,-0.021824972516140583
PeMS08,1,830,-0.007753672330851712
PeMS08,1,831,-0.015479227506515184
PeMS08,1,832,-0.03478138137120476
PeMS08,1,833,0.005754286765945723
PeMS08,1,834,-0.01521394312859251
PeMS08,1,835,-0.011125878681132698
PeMS08,1,836,-0.001370749965951272
PeMS08,1,837,0.006656236349332296
PeMS08,1,838,0.015856272853489575
PeMS08,1,839,-0.00013211362870003198
PeMS08,1,840,0.007736606080316867
PeMS08,1,841,0.02200616824262199
PeMS08,1,842,0.036033427939391016
PeMS08,1,843,0.03732262840604623
PeMS08,1,844,0.03942290608896171
PeMS08,1,845,0.05464017090546821
PeMS08,1,846,0.044786368364259165
PeMS08,1,847,-2.725491971820821e-05
PeMS08,1,848,-0.0032233334019806043
PeMS08,1,849,0.027503773531305654
PeMS08,1,850,0.01615676874812166
PeMS08,1,851,0.0366663953607744
PeMS08,1,852,0.04373933793987758
PeMS08,1,853,0.042587300273349074
PeMS08,1,854,0.06542273776920406
PeMS08,1,855,0.059953839337558094
PeMS08,1,856,0.07442033081965144
PeMS08,1,857,0.0605899992131668
PeMS08,1,858,0.04627086473992862
PeMS08,1,859,0.03573503023661672
PeMS08,1,860,0.039197037999730774
PeMS08,1,861,0.050057908806511967
PeMS08,1,862,0.04731408694456857
PeMS08,1,863,0.03185045053634078
PeMS08,1,864,0.08489243162174226
PeMS08,1,865,0.04693715658888777
PeMS08,1,866,0.07244111841366918
PeMS08,1,867,0.0731188957972856
PeMS08,1,868,0.056256542150737325
PeMS08,1,869,0.07511421408130854
PeMS08,1,870,0.06459482911119759
PeMS08,1,871,0.07101530004174308
PeMS08,1,872,0.032209444200503166
PeMS08,1,873,0.04150544633312292
PeMS08,1,874,0.05846202430797743
PeMS08,1,875,0.028409352228296506
PeMS08,1,876,0.03974779897428127
PeMS08,1,877,0.028941109585628195
PeMS08,1,878,0.05032505600226987
PeMS08,1,879,0.04045470883573205
PeMS08,1,880,0.05125656557661556
PeMS08,1,881,0.060271271269544784
PeMS08,1,882,0.04819659132901412
PeMS08,1,883,0.053468558774622914
PeMS08,1,884,0.03944042230471013
PeMS08,1,885,0.05724130270257879
PeMS08,1,886,0.04228917286288939
PeMS08,1,887,0.058693256314413876
PeMS08,1,888,0.03070833826419184
PeMS08,1,889,0.03111935168754464
PeMS08,1,890,0.014955766635882443
PeMS08,1,891,0.00546812949371992
PeMS08,1,892,0.026970666311035642
PeMS08,1,893,0.016131429165310265
PeMS08,1,894,0.015853262286928654
PeMS08,1,895,0.012126106904938544
PeMS08,1,896,0.016102038014739667
PeMS08,1,897,0.01969063642848818
PeMS08,1,898,0.016993065017911573
PeMS08,1,899,0.005332453241085042
PeMS08,1,900,0.006063185093118651
PeMS08,1,901,0.013929726574233867
PeMS08,1,902,-0.007443046434904481
PeMS08,1,903,-0.0016989017451634627
PeMS08,1,904,-0.00528366153962255
PeMS08,1,905,0.005776601625434428
PeMS08,1,906,-0.004587239292359154
PeMS08,1,907,0.012686663215753197
PeMS08,1,908,-0.011484530879254164
PeMS08,1,909,0.0067878434798029665
PeMS08,1,910,0.01606991465977476
PeMS08,1,911,0.016264938691341862
PeMS08,1,912,0.004631226506369075
PeMS08,1,913,0.014624715446433956
PeMS08,1,914,0.0079893445241863
PeMS08,1,915,-0.010133210890008182
PeMS08,1,916,0.00571074514190027
PeMS08,1,917,-0.019652133018749688
PeMS08,1,918,0.0029992972862959047
PeMS08,1,919,-0.015984589896403986
PeMS08,1,920,-0.01062463049214426
PeMS08,1,921,-0.013480123316927353
PeMS08,1,922,-0.015761199438873708
PeMS08,1,923,-0.014642589743125588
PeMS08,1,924,-0.02849148814251669
PeMS08,1,925,-0.006268542121883985
PeMS08,1,926,-0.02878160594336593
PeMS08,1,927,-0.034683317597908506
PeMS08,1,928,-0.009540649205953988
PeMS08,1,929,-0.02300467564015942
PeMS08,1,930,-0.034372745649311046
PeMS08,1,931,-0.028037954311190768
PeMS08,1,932,-0.03200416574773406
PeMS08,1,933,-0.024757571285606045
PeMS08,1,934,-0.03880812748377273
PeMS08,1,935,-0.05891792211143113
PeMS08,1,936,-0.029432496231075453
PeMS08,1,937,-0.07192499939333048
PeMS08,1,938,-0.03334498194467249
PeMS08,1,939,-0.05250411157306769
PeMS08,1,940,-0.07086509361773688
PeMS08,1,941,-0.05662611878035845
PeMS08,1,942,-0.04395060336743438
PeMS08,1,943,-0.07739498116753217
PeMS08,1,944,-0.04898060554214538
PeMS08,1,945,-0.03138180840689286
PeMS08,1,946,-0.048721644942393484
PeMS08,1,947,-0.058615359106861664
PeMS08,1,948,-0.06735621705075256
PeMS08,1,949,-0.06790529016211119
PeMS08,1,950,-0.03815702408185421
PeMS08,1,951,-0.03630232846792983
PeMS08,1,952,-0.056187102044377706
PeMS08,1,953,-0.04553179875205229
PeMS08,1,954,-0.02718800999413357
PeMS08,1,955,-0.049093972310217726
PeMS08,1,956,-0.005166029131198981
PeMS08,1,957,-0.013228319887085834
PeMS08,1,958,-0.027772262087369347
PeMS08,1,959,-0.026193228151629264
PeMS08,1,960,-0.04407125831408307
PeMS08,1,961,-0.05306559041312703
PeMS08,1,962,-0.016904977717216527
PeMS08,1,963,-0.0406413459891156
PeMS08,1,964,-0.035336785631919714
PeMS08,1,965,-0.018267824383724367
PeMS08,1,966,-0.012822699979835135
PeMS08,1,967,-0.015321557992398961
PeMS08,1,968,-0.008939108003713095
PeMS08,1,969,0.007754182076429323
PeMS08,1,970,-0.005612131547557158
PeMS08,1,971,-4.0604714018301854e-05
PeMS08,1,972,0.004636672046581938
PeMS08,1,973,-0.013252717692690569
PeMS08,1,974,-0.01660712863520649
PeMS08,1,975,-0.0030873100406117906
PeMS08,1,976,0.021655103506962838
PeMS08,1,977,0.021076524373309
PeMS08,1,978,0.02218860300685511
PeMS08,1,979,0.017822347562945654
PeMS08,1,980,0.02983694867212397
PeMS08,1,981,0.014606363348384815
PeMS08,1,982,0.03233709899030145
PeMS08,1,983,0.017001255503788684
PeMS08,1,984,0.006941469550518139
PeMS08,1,985,0.02677828101296943
PeMS08,1,986,0.017852779634340767
PeMS08,1,987,0.026916395798378134
PeMS08,1,988,0.04317747671866746
PeMS08,1,989,0.03355815402433592
PeMS08,1,990,0.047691380643127786
PeMS08,1,991,0.03866392001151452
PeMS08,1,992,0.04179087254462212
PeMS08,1,993,0.03479753151526338
PeMS08,1,994,0.04835458874863585
PeMS08,1,995,0.03282322971435995
PeMS08,1,996,0.04954941162455514
PeMS08,1,997,0.05771305155895551
PeMS08,1,998,0.05929929196369906
PeMS08,1,999,0.05530614278200288
PeMS08,1,1000,0.05046203459876274
PeMS08,1,1001,0.050044135353027264
PeMS08,1,1002,0.03750797186546372
PeMS08,1,1003,0.050050210496873276
PeMS08,1,1004,0.041795505544235875
PeMS08,1,1005,0.015870009570254993
PeMS08,1,1006,0.05635656363984842
PeMS08,1,1007,0.05666640846840885
PeMS08,1,1008,0.04800039484255146
PeMS08,1,1009,0.052891170625267846
PeMS08,1,1010,0.04576854956557217
PeMS08,1,1011,0.03860369199207046
PeMS08,1,1012,0.04674372552233457
PeMS08,1,1013,0.048248795296466016
PeMS08,1,1014,0.0519944738466632
PeMS08,1,1015,0.05044854838177272
PeMS08,1,1016,0.06572796437850328
PeMS08,1,1017,0.05152482741851096
PeMS08,1,1018,0.0632840238018925
PeMS08,1,1019,0.06710173577635635
PeMS08,1,1020,0.045673332872729455
PeMS08,1,1021,0.04093642257741586
PeMS08,1,1022,0.04423644627176001
PeMS08,1,1023,0.04004857785920483
PeMS08,1,1024,0.03861434537663124
PeMS08,1,1025,0.014361073486056057
PeMS08,1,1026,0.043709187527121544
PeMS08,1,1027,0.036201472403130645
PeMS08,1,1028,0.043459576403318156
PeMS08,1,1029,0.031024582715698915
PeMS08,1,1030,0.03289396905421248
PeMS08,1,1031,0.04073100722052723
PeMS08,1,1032,0.02996371898815845
PeMS08,1,1033,0.04426004343030898
PeMS08,1,1034,0.05101061201142487
PeMS08,1,1035,0.01599838943106575
PeMS08,1,1036,0.033526129392040485
PeMS08,1,1037,0.007539755331516295
PeMS08,1,1038,0.02082332203012065
PeMS08,1,1039,0.018226252177705515
PeMS08,1,1040,0.0017093085996906937
PeMS08,1,1041,0.001576639490094716
PeMS08,1,1042,-0.009377197230904457
PeMS08,1,1043,-0.012796739922648593
PeMS08,1,1044,-0.005545815939235984
PeMS08,1,1045,-0.017560246683457972
PeMS08,1,1046,-0.003357103364123536
PeMS08,1,1047,-0.012820679006715746
PeMS08,1,1048,0.009355690165158128
PeMS08,1,1049,-0.004101562654750434
PeMS08,1,1050,0.00015432487390324727
PeMS08,1,1051,0.0005664216803199036
PeMS08,1,1052,-0.01597107731569295
PeMS08,1,1053,-0.016405214755683382
PeMS08,1,1054,0.007047064192886299
PeMS08,1,1055,-0.030495315566489687
PeMS08,1,1056,-0.018596643970457818
PeMS08,1,1057,-0.014631726158151165
PeMS08,1,1058,-0.0028907777299720296
PeMS08,1,1059,-0.00026880783039957227
PeMS08,1,1060,0.016678114901189523
PeMS08,1,1061,-0.03575171797072256
PeMS08,1,1062,-0.006220665112522369
PeMS08,1,1063,-0.016541551402546727
PeMS08,1,1064,-0.02811055130056068
PeMS08,1,1065,-0.009556104342201546
PeMS08,1,1066,-0.02023652523936233
PeMS08,1,1067,-0.04062832862404239
PeMS08,1,1068,-0.0403561663108629
PeMS08,1,1069,-0.040690885544473344
PeMS08,1,1070,-0.047373277737989265
PeMS08,1,1071,-0.02690894247607696
PeMS08,1,1072,-0.04314359482046648
PeMS08,1,1073,-0.05128226701486964
PeMS08,1,1074,-0.0343575077713239
PeMS08,1,1075,-0.024571659914492738
PeMS08,1,1076,-0.025596174221238107
PeMS08,1,1077,-0.04312755894272103
PeMS08,1,1078,-0.04216306346291486
PeMS08,1,1079,-0.07516467026619775
PeMS08,1,1080,-0.05732292013794944
PeMS08,1,1081,-0.05081161999717485
PeMS08,1,1082,-0.052238552151824456
PeMS08,1,1083,-0.04254582322246184
PeMS08,1,1084,-0.03890818909607914
PeMS08,1,1085,-0.0439740378859351
PeMS08,1,1086,-0.05100558622131477
PeMS08,1,1087,-0.04799304571781216
PeMS08,1,1088,-0.03372442897682149
PeMS08,1,1089,-0.04762780386413297
PeMS08,1,1090,-0.04666590620855081
PeMS08,1,1091,-0.013502445756329836
PeMS08,1,1092,-0.040233653731948794
PeMS08,1,1093,-0.0365315115515264
PeMS08,1,1094,-0.034852967077206455
PeMS08,1,1095,-0.040084085485004764
PeMS08,1,1096,-0.02462092661367903
PeMS08,1,1097,-0.032602360716291696
PeMS08,1,1098,-0.01407160455760337
PeMS08,1,1099,-0.0511318610592283
PeMS08,1,1100,-0.022838193656615813
PeMS08,1,1101,-0.02080914222742847
PeMS08,1,1102,-0.01655077735336743
PeMS08,1,1103,-0.0019605322726227704
PeMS08,1,1104,-0.006363260917090299
PeMS08,1,1105,-0.002263935446306537
PeMS08,1,1106,0.005530134002280362
PeMS08,1,1107,-0.009236539846680174
PeMS08,1,1108,-0.0071680022184384285
PeMS08,1,1109,-0.0063101421919823574
PeMS08,1,1110,0.001879118361998058
PeMS08,1,1111,-0.0057088780066323576
PeMS08,1,1112,-0.014302235386549317
PeMS08,1,1113,-0.006187392249177242
PeMS08,1,1114,-0.01661503838282945
PeMS08,1,1115,-0.0038363074762470463
PeMS08,1,1116,-0.01507239045600854
PeMS08,1,1117,-0.014709309411564498
PeMS08,1,1118,0.0031912458108110764
PeMS08,1,1119,0.003393564948895091
PeMS08,1,1120,-0.010827003834262054
PeMS08,1,1121,0.0032852669287658813
PeMS08,1,1122,-0.0027479237814842707
PeMS08,1,1123,-0.0062091215788599614
PeMS08,1,1124,-0.005317289781828365
PeMS08,1,1125,-0.011581882836205929
PeMS08,1,1126,-0.004257298436683628
PeMS08,1,1127,0.013238333122474152
PeMS08,1,1128,0.01185766711740876
PeMS08,1,1129,0.03715421999111717
PeMS08,1,1130,0.01773094648842282
PeMS08,1,1131,0.03303429050132966
PeMS08,1,1132,0.019441727562121106
PeMS08,1,1133,0.02886862505391533
PeMS08,1,1134,0.037401532128584034
PeMS08,1,1135,0.025014880678100312
PeMS08,1,1136,0.0048669010584356815
PeMS08,1,1137,0.010971080776967235
PeMS08,1,1138,0.019541426281932756
PeMS08,1,1139,-0.014302473101313787
PeMS08,1,1140,0.016036835911222527
PeMS08,1,1141,0.02205381032602235
PeMS08,1,1142,0.03698450219838568
PeMS08,1,1143,0.019600608659017017
PeMS08,1,1144,0.017097731854661298
PeMS08,1,1145,0.026549988899195104
PeMS08,1,1146,0.04357970273314956
PeMS08,1,1147,0.04530151520511561
PeMS08,1,1148,0.024176877590610428
PeMS08,1,1149,0.044027771178401766
PeMS08,1,1150,0.03419608615247021
PeMS08,1,1151,0.032444469870374255
PeMS08,1,1152,0.049953174072858014
PeMS08,1,1153,0.02776903124247781
PeMS08,1,1154,0.03614942376015063
PeMS08,1,1155,0.03158704101741356
PeMS08,1,1156,0.006708529721945839
PeMS08,1,1157,0.0023817727905269433
PeMS08,1,1158,0.024198584436895314
PeMS08,1,1159,0.028915281199388188
PeMS08,1,1160,0.03250638084770162
PeMS08,1,1161,0.022132521095440436
PeMS08,1,1162,0.018528107877871215
PeMS08,1,1163,0.023449620205918904
PeMS08,1,1164,-0.003884820410728173
PeMS08,1,1165,0.014484487892472527
PeMS08,1,1166,0.005991191697025923
PeMS08,1,1167,0.013259632173849449
PeMS08,1,1168,0.001172608969470763
PeMS08,1,1169,-0.00015446439589985903
PeMS08,1,1170,0.016250889777406508
PeMS08,1,1171,0.024237792981525383
PeMS08,1,1172,-0.000304726572279528
PeMS08,1,1173,0.014915072452513976
PeMS08,1,1174,0.016631657027518544
PeMS08,1,1175,0.026965576201910008
PeMS08,1,1176,0.019029856861745395
PeMS08,1,1177,-0.0035412821867927906
PeMS08,1,1178,0.014753392828280837
PeMS08,1,1179,0.0021328302925723796
PeMS08,1,1180,0.010101173052784117
PeMS08,1,1181,-0.005376265634645897
PeMS08,1,1182,0.003250048382677503
PeMS08,1,1183,-0.006889272032863926
PeMS08,1,1184,-0.02292445302244769
PeMS08,1,1185,-0.009115420143973997
PeMS08,1,1186,0.003143326116154582
PeMS08,1,1187,0.001097431570988265
PeMS08,1,1188,-0.018018913113411004
PeMS08,1,1189,-0.0074513146486311155
PeMS08,1,1190,-0.018852803971687513
PeMS08,1,1191,-0.003202686180479371
PeMS08,1,1192,-0.0139049438181102
PeMS08,1,1193,-0.006203281141255372
PeMS08,1,1194,-0.006995045456593868
PeMS08,1,1195,-0.014397752642475234
PeMS08,1,1196,-0.009762409820095184
PeMS08,1,1197,-0.0031788553750769543
PeMS08,1,1198,-0.006581172487620584
PeMS08,1,1199,-0.025399952213153568
PeMS08,1,1200,-0.022236995537860682
PeMS08,1,1201,-0.023371293617015166
PeMS08,1,1202,-0.0385549803778166
PeMS08,1,1203,-0.01911009874539774
PeMS08,1,1204,-0.047055843626692885
PeMS08,1,1205,-0.04680691801289212
PeMS08,1,1206,-0.04288026388563598
PeMS08,1,1207,-0.03742175455982149
PeMS08,1,1208,-0.03271654344775873
PeMS08,1,1209,-0.019531600937701746
PeMS08,1,1210,-0.021030629276706913
PeMS08,1,1211,-0.026938968597365578
PeMS08,1,1212,-0.03129671856799852
PeMS08,1,1213,-0.033949950129728214
PeMS08,1,1214,-0.03254713975012412
PeMS08,1,1215,-0.03127849719874133
PeMS08,1,1216,-0.03887973918229185
PeMS08,1,1217,-0.05304476898888917
PeMS08,1,1218,-0.015536881193628067
PeMS08,1,1219,-0.01584821103169216
PeMS08,1,1220,-0.025340661591899755
PeMS08,1,1221,-0.02159152761966523
PeMS08,1,1222,-0.0004008372147462672
PeMS08,1,1223,-0.012919165441114473
PeMS08,1,1224,-0.026436321766978712
PeMS08,1,1225,-0.05147216291214745
PeMS08,1,1226,-0.04082269984193461
PeMS08,1,1227,-0.04448566549153057
PeMS08,1,1228,-0.044362273479092634
PeMS08,1,1229,-0.038241707529230146
PeMS08,1,1230,-0.04087805287251052
PeMS08,1,1231,-0.05290095729243743
PeMS08,1,1232,-0.04049162166308199
PeMS08,1,1233,-0.030184402014384003
PeMS08,1,1234,-0.04271897029932999
PeMS08,1,1235,-0.03679375441033561
PeMS08,1,1236,-0.041551328542998506
PeMS08,1,1237,-0.02874967269782837
PeMS08,1,1238,-0.03462782548518957
PeMS08,1,1239,-0.046214818028629416
PeMS08,1,1240,-0.03182107896018536
PeMS08,1,1241,-0.03219285541925748
PeMS08,1,1242,-0.043519821837977785
PeMS08,1,1243,-0.040200212929020804
PeMS08,1,1244,-0.038466416673723525
PeMS08,1,1245,-0.04570015593905616
PeMS08,1,1246,-0.04823124490433058
PeMS08,1,1247,-0.04480723402181979
PeMS08,1,1248,-0.044542581193243266
PeMS08,1,1249,-0.028257504304337835
PeMS08,1,1250,-0.0066837332154537545
PeMS08,1,1251,-0.03508542323963569
PeMS08,1,1252,-0.007501521566082557
PeMS08,1,1253,0.02167527275329297
PeMS08,1,1254,-0.005179823246678839
PeMS08,1,1255,-0.0024469473972421707
PeMS08,1,1256,0.0075891948258321055
PeMS08,1,1257,0.008328169304194936
PeMS08,1,1258,0.005349788560148086
PeMS08,1,1259,-0.006854490735647171
PeMS08,1,1260,0.007756874547146126
PeMS08,1,1261,-0.0021487170086723806
PeMS08,1,1262,0.01984155145148792
PeMS08,1,1263,0.00891908615586591
PeMS08,1,1264,0.017209334696089144
PeMS08,1,1265,0.02568055979477906
PeMS08,1,1266,0.04214715601281475
PeMS08,1,1267,0.025886574877807086
PeMS08,1,1268,0.027968180137657637
PeMS08,1,1269,0.013637342385973444
PeMS08,1,1270,0.037774512126878934
PeMS08,1,1271,0.015699072109263097
PeMS08,1,1272,0.017107361295834452
PeMS08,1,1273,0.021049177789140092
PeMS08,1,1274,0.011224790261906568
PeMS08,1,1275,0.023430225586581876
PeMS08,1,1276,0.04136334697867275
PeMS08,1,1277,0.05049225355078089
PeMS08,1,1278,0.03354202730085822
PeMS08,1,1279,0.04621953849352942
PeMS08,1,1280,0.03928983923416936
PeMS08,1,1281,0.027288647620322022
PeMS08,1,1282,0.03293506595450332
PeMS08,1,1283,0.03526204522997732
PeMS08,1,1284,0.029593805494298603
PeMS08,1,1285,0.021548727654796145
PeMS08,1,1286,0.05155217246153841
PeMS08,1,1287,0.05193012443499275
PeMS08,1,1288,0.05985884669145815
PeMS08,1,1289,0.03989634437580281
PeMS08,1,1290,0.033537941233674005
PeMS08,1,1291,0.06183037747635238
PeMS08,1,1292,0.06799088177421155
PeMS08,1,1293,0.0637235020698845
PeMS08,1,1294,0.06601610600483364
PeMS08,1,1295,0.06962210262703421
PeMS08,1,1296,0.06125704059131115
PeMS08,1,1297,0.07042250352433123
PeMS08,1,1298,0.06393342944320465
PeMS08,1,1299,0.05267893676139498
PeMS08,1,1300,0.04345225567410043
PeMS08,1,1301,0.056829969915515255
PeMS08,1,1302,0.04480276405890765
PeMS08,1,1303,0.04955943287776876
PeMS08,1,1304,0.0632297312449933
PeMS08,1,1305,0.059510336731751726
PeMS08,1,1306,0.04177718271488525
PeMS08,1,1307,0.058394001812256555
PeMS08,1,1308,0.0701436299165176
PeMS08,1,1309,0.05306987727746526
PeMS08,1,1310,0.04462425976291573
PeMS08,1,1311,0.04007978676559475
PeMS08,1,1312,0.04752103924714007
PeMS08,1,1313,0.028867788325847302
PeMS08,1,1314,0.027565763635881698
PeMS08,1,1315,0.026521106416355883
PeMS08,1,1316,0.009840736179139314
PeMS08,1,1317,0.013994956763936426
PeMS08,1,1318,0.00810067283565317
PeMS08,1,1319,0.018388780994469313
PeMS08,1,1320,0.020947668004687073
PeMS08,1,1321,0.016505772748114544
PeMS08,1,1322,0.005140561479259751
PeMS08,1,1323,0.014607792031612186
PeMS08,1,1324,0.04193272253491322
PeMS08,1,1325,0.025681272327591063
PeMS08,1,1326,0.01310946226239885
PeMS08,1,1327,0.0284794575465945
PeMS08,1,1328,0.020912243114599684
PeMS08,1,1329,0.014779191689972491
PeMS08,1,1330,0.02726386661351362
PeMS08,1,1331,0.02720366148354175
PeMS08,1,1332,0.01887483412454554
PeMS08,1,1333,0.008149376344923
PeMS08,1,1334,0.012859049186715857
PeMS08,1,1335,0.011875265389481318
PeMS08,1,1336,0.006143821035918597
PeMS08,1,1337,0.0066851856530742325
PeMS08,1,1338,-0.01648294153046287
PeMS08,1,1339,-0.011177763863478858
PeMS08,1,1340,-0.004365358408838182
PeMS08,1,1341,-0.017012112726265037
PeMS08,1,1342,0.027783577159308098
PeMS08,1,1343,-0.006092582313266015
PeMS08,1,1344,-0.0009480621754113165
PeMS08,1,1345,-0.009815645031504321
PeMS08,1,1346,-0.009185795040140532
PeMS08,1,1347,-0.006870075723803734
PeMS08,1,1348,-0.004694628029647423
PeMS08,1,1349,-0.022522723045285516
PeMS08,1,1350,-0.025523712539311943
PeMS08,1,1351,-0.0212831735392307
PeMS08,1,1352,-0.024711560532288315
PeMS08,1,1353,-0.01275174809024929
PeMS08,1,1354,-0.02430239705302224
PeMS08,1,1355,-0.006064325303220942
PeMS08,1,1356,-0.049572609657367504
PeMS08,1,1357,-0.03991333812181391
PeMS08,1,1358,-0.03175433042799063
PeMS08,1,1359,-0.03870469377836815
PeMS08,1,1360,-0.042076786230723064
PeMS08,1,1361,-0.04457743790870078
PeMS08,1,1362,-0.033452453493616134
PeMS08,1,1363,-0.05137874070781615
PeMS08,1,1364,-0.038808423049930686
PeMS08,1,1365,-0.027291337852621597
PeMS08,1,1366,-0.030505663233805935
PeMS08,1,1367,-0.04883585807537229
PeMS08,1,1368,-0.056310824395221476
PeMS08,1,1369,-0.047644475114377444
PeMS08,1,1370,-0.0424224750426577
PeMS08,1,1371,-0.028955765463673722
PeMS08,1,1372,-0.03564751240710423
PeMS08,1,1373,-0.035557937425265064
PeMS08,1,1374,-0.025153263277294044
PeMS08,1,1375,-0.02868446991520451
PeMS08,1,1376,-0.03174889706408875
PeMS08,1,1377,-0.04294033264061491
PeMS08,1,1378,-0.045268866731910565
PeMS08,1,1379,-0.04508037366881303
PeMS08,1,1380,-0.043138527786913766
PeMS08,1,1381,-0.04542973502470253
PeMS08,1,1382,-0.03580516692299721
PeMS08,1,1383,-0.054096623178549644
PeMS08,1,1384,-0.032809325412153034
PeMS08,1,1385,-0.042245528027507924
PeMS08,1,1386,-0.021738954979491226
PeMS08,1,1387,-0.03810025978024209
PeMS08,1,1388,-0.05756091835491635
PeMS08,1,1389,-0.05429274838327704
PeMS08,1,1390,-0.0505770657565889
PeMS08,1,1391,-0.03861235374693495
PeMS08,1,1392,-0.03549451032433065
PeMS08,1,1393,-0.03309062000019576
PeMS08,1,1394,-0.04968510728084181
PeMS08,1,1395,-0.036054245932609134
PeMS08,1,1396,-0.019754428847582974
PeMS08,1,1397,-0.021409069097073928
PeMS08,1,1398,-0.012061144276264937
PeMS08,1,1399,-0.01873786054654993
PeMS08,1,1400,-0.016792937946619676
PeMS08,1,1401,-0.005485924913952909
PeMS08,1,1402,-0.0020973485618904866
PeMS08,1,1403,0.003807087562888922
PeMS08,1,1404,-0.004785739729475509
PeMS08,1,1405,0.001813603940253513
PeMS08,1,1406,-0.005037150166151
PeMS08,1,1407,-0.009927037084421634
PeMS08,1,1408,-0.02306065987767234
PeMS08,1,1409,-0.010032434783023717
PeMS08,1,1410,-0.014922706375470312
PeMS08,1,1411,-0.004351527408069699
PeMS08,1,1412,0.006902585182696989
PeMS08,1,1413,-0.002657161288792352
PeMS08,1,1414,0.01838186454874436
PeMS08,1,1415,0.02688720137253682
PeMS08,1,1416,0.029546631774168833
PeMS08,1,1417,0.0159507139298686
PeMS08,1,1418,0.034195770264367195
PeMS08,1,1419,0.037341513012184815
PeMS08,1,1420,0.036542965743226914
PeMS08,1,1421,0.020005298621123366
PeMS08,1,1422,0.02578396690412758
PeMS08,1,1423,0.02780966998026305
PeMS08,1,1424,0.020864233250684854
PeMS08,1,1425,0.023549244459746845
PeMS08,1,1426,0.025351260527533535
PeMS08,1,1427,0.047107443000245885
PeMS08,1,1428,0.02826926251189117
PeMS08,1,1429,0.04524719964472536
PeMS08,1,1430,0.04630050591348681
PeMS08,1,1431,0.05229632993442009
PeMS08,1,1432,0.02567079915379925
PeMS08,1,1433,0.01899536860318684
PeMS08,1,1434,0.017540329395752074
PeMS08,1,1435,0.04170593482273765
PeMS08,1,1436,0.02428447369875325
PeMS08,1,1437,0.05365968419401881
PeMS08,1,1438,0.053553455539356545
PeMS08,1,1439,0.06324711429801898
PeMS08,1,1440,0.06834349019075726
PeMS08,1,1441,0.03915366863712023
PeMS08,1,1442,0.051563792925727645
PeMS08,1,1443,0.0608692372701112
PeMS08,1,1444,0.02203588281770279
PeMS08,1,1445,0.03879106231073983
PeMS08,1,1446,0.04653130842485135
PeMS08,1,1447,0.04396108092395645
PeMS08,1,1448,0.03257755733050707
PeMS08,1,1449,0.0239660324875642
PeMS08,1,1450,0.03845966085231748
PeMS08,1,1451,0.03772955245199728
PeMS08,1,1452,0.03936354560991692
PeMS08,1,1453,0.0352573626570589
PeMS08,1,1454,0.02570090509247999
PeMS08,1,1455,0.03145682245783505
PeMS08,1,1456,0.030923046242845895
PeMS08,1,1457,0.03407864278157141
PeMS08,1,1458,0.05248399842178562
PeMS08,1,1459,0.02895695245321123
PeMS08,1,1460,0.041515055565387315
PeMS08,1,1461,0.027051822270010573
PeMS08,1,1462,0.04026688338955939
PeMS08,1,1463,0.029429148399843744
PeMS08,1,1464,0.04224568956051573
PeMS08,1,1465,0.01805883162667511
PeMS08,1,1466,0.018062978479740404
PeMS08,1,1467,0.042286734672609703
PeMS08,1,1468,0.027320339652853357
PeMS08,1,1469,0.015958849690526952
PeMS08,1,1470,0.015066684426356156
PeMS08,1,1471,0.01951365731353878
PeMS08,1,1472,0.02026796406306318
PeMS08,1,1473,0.015126976967337244
PeMS08,1,1474,0.024150026639523044
PeMS08,1,1475,0.02454303981551036
PeMS08,1,1476,0.013543898304482242
PeMS08,1,1477,0.016640282091825255
PeMS08,1,1478,-0.013914831729026106
PeMS08,1,1479,0.01702928669266534
PeMS08,1,1480,0.006006172862198706
PeMS08,1,1481,-0.008544524421373538
PeMS08,1,1482,-0.015325810213500659
PeMS08,1,1483,0.0049760562425823175
PeMS08,1,1484,-0.005205950940538855
PeMS08,1,1485,0.009315966381554588
PeMS08,1,1486,-0.006785674267014983
PeMS08,1,1487,0.010964467931326051
PeMS08,1,1488,0.005244239868453777
PeMS08,1,1489,-0.001011732138977674
PeMS08,1,1490,-0.007825409606139094
PeMS08,1,1491,-0.015106520629168433
PeMS08,1,1492,-0.009821963499786947
PeMS08,1,1493,-0.017059991740518872
PeMS08,1,1494,-0.021795335017116755
PeMS08,1,1495,-0.008911531876269321
PeMS08,1,1496,-0.018057742708786285
PeMS08,1,1497,-0.004542443691606941
PeMS08,1,1498,-0.014004861380288171
PeMS08,1,1499,-0.009219098161564203
PeMS08,1,1500,-0.018686185932801226
PeMS08,1,1501,-0.017451012376616174
PeMS08,1,1502,-0.024192515077691545
PeMS08,1,1503,-0.012809787678290404
PeMS08,1,1504,-0.02595876268418502
PeMS08,1,1505,-0.03105095318614192
PeMS08,1,1506,-0.01947129103258067
PeMS08,1,1507,-0.032578644434246136
PeMS08,1,1508,-0.03267556166914217
PeMS08,1,1509,-0.03771452623116094
PeMS08,1,1510,-0.02757563547329441
PeMS08,1,1511,-0.03575038880766852
PeMS08,1,1512,-0.04229685097000858
PeMS08,1,1513,-0.06197166791845853
PeMS08,1,1514,-0.02887907011560502
PeMS08,1,1515,-0.03709196164122168
PeMS08,1,1516,-0.05279652187655948
PeMS08,1,1517,-0.03018170754585075
PeMS08,1,1518,-0.030424499808684686
PeMS08,1,1519,-0.03208309890561204
PeMS08,1,1520,-0.024394758697606416
PeMS08,1,1521,-0.03964194113398841
PeMS08,1,1522,-0.04140549929909435
PeMS08,1,1523,-0.047553285692531
PeMS08,1,1524,-0.03613825712151386
PeMS08,1,1525,-0.0264179871018396
PeMS08,1,1526,-0.041630048060444576
PeMS08,1,1527,-0.02647568023261805
PeMS08,1,1528,-0.03562496650820003
PeMS08,1,1529,-0.027456666484271204
PeMS08,1,1530,-0.009525528317881594
PeMS08,1,1531,-0.02961564542050344
PeMS08,1,1532,-0.00881708174755058
PeMS08,1,1533,-0.017296931453698264
PeMS08,1,1534,-0.015149034110156279
PeMS08,1,1535,-0.004621501380648965
PeMS08,1,1536,-0.01987291829068822
PeMS08,1,1537,-0.0030645680683516834
PeMS08,1,1538,0.004304931368561866
PeMS08,1,1539,-0.01827643388952474
PeMS08,1,1540,-0.00720412149527522
PeMS08,1,1541,-0.008555268309638141
PeMS08,1,1542,-0.0010990965049565862
PeMS08,1,1543,-0.01413400390666712
PeMS08,1,1544,-0.008119710570013441
PeMS08,1,1545,-0.003075574278610173
PeMS08,1,1546,-0.00037954157228201285
PeMS08,1,1547,-0.012919387828415807
PeMS08,1,1548,-0.0013308173220573985
PeMS08,1,1549,6.068700725742364e-05
PeMS08,1,1550,0.0071328355544395955
PeMS08,1,1551,-0.00970554035865394
PeMS08,1,1552,-0.009410984969078115
PeMS08,1,1553,-0.00428747558482319
PeMS08,1,1554,0.0023543541062098993
PeMS08,1,1555,0.0035602059184789724
PeMS08,1,1556,0.0062703418073011205
PeMS08,1,1557,-0.012281851346473211
PeMS08,1,1558,0.0005933991426421858
PeMS08,1,1559,-0.0014624144005482345
PeMS08,1,1560,-0.0063026048073339105
PeMS08,1,1561,0.020469072701649077
PeMS08,1,1562,0.012974053992692837
PeMS08,1,1563,0.012703956007401832
PeMS08,1,1564,0.011896855262016096
PeMS08,1,1565,0.011748141573582335
PeMS08,1,1566,0.01817088315824577
PeMS08,1,1567,0.03269977407453018
PeMS08,1,1568,0.01707706542973311
PeMS08,1,1569,-0.006220849893766087
PeMS08,1,1570,0.02425485795441582
PeMS08,1,1571,0.010070576594287015
PeMS08,1,1572,0.025103507150644185
PeMS08,1,1573,0.03620429757657357
PeMS08,1,1574,0.05026256600257068
PeMS08,1,1575,0.043294743045773056
PeMS08,1,1576,0.04077517154780059
PeMS08,1,1577,0.034525953248513826
PeMS08,1,1578,0.028549792747751365
PeMS08,1,1579,0.033335955906136305
PeMS08,1,1580,0.03492752331812524
PeMS08,1,1581,0.007512151841169945
PeMS08,1,1582,0.03018703204033547
PeMS08,1,1583,0.03259899922179135
PeMS08,1,1584,0.00995447957023464
PeMS08,1,1585,0.03819398340947658
PeMS08,1,1586,0.045844402880958764
PeMS08,1,1587,0.04466637666646349
PeMS08,1,1588,0.047657118104843084
PeMS08,1,1589,0.043315756591018786
PeMS08,1,1590,0.04861824440329117
PeMS08,1,1591,0.041841672610339706
PeMS08,1,1592,0.04402998644502225
PeMS08,1,1593,0.02258084871484768
PeMS08,1,1594,0.029247323177095365
PeMS08,1,1595,0.06108117287732506
PeMS08,1,1596,0.054877544897195034
PeMS08,1,1597,0.037213792105159835
PeMS08,1,1598,0.03194298980785711
PeMS08,1,1599,0.04009534168915283
PeMS08,1,1600,0.028789834402384633
PeMS08,1,1601,0.03229143726555898
PeMS08,1,1602,0.03749987653004598
PeMS08,1,1603,0.037938802524555934
PeMS08,1,1604,0.04506312155019074
PeMS08,1,1605,0.02413185686824875
PeMS08,1,1606,0.039301434140673316
PeMS08,1,1607,0.025492731849184058
PeMS08,1,1608,0.03908236157937838
PeMS08,1,1609,0.016096955024187988
PeMS08,1,1610,0.01849001857611168
PeMS08,1,1611,0.016083283798332636
PeMS08,1,1612,0.03666413350340077
PeMS08,1,1613,-0.002497938508327732
PeMS08,1,1614,0.011501512618037727
PeMS08,1,1615,0.010491365516107503
PeMS08,1,1616,0.012960526919079592
PeMS08,1,1617,0.02066358934895444
PeMS08,1,1618,0.01238550150874437
PeMS08,1,1619,0.02486495594074094
PeMS08,1,1620,0.03963047782819136
PeMS08,1,1621,0.020886773153592168
PeMS08,1,1622,0.019635737795683793
PeMS08,1,1623,0.02729089586856917
PeMS08,1,1624,0.018212288531848957
PeMS08,1,1625,0.0029706423379872735
PeMS08,1,1626,0.0026695681970320077
PeMS08,1,1627,-0.005414264616518758
PeMS08,1,1628,0.013360404202198096
PeMS08,1,1629,0.0007639012322488604
PeMS08,1,1630,0.025124884092231573
PeMS08,1,1631,0.012261544179609358
PeMS08,1,1632,0.008975517126576382
PeMS08,1,1633,0.023383351069222465
PeMS08,1,1634,-0.00941517509184976
PeMS08,1,1635,0.007550868901514613
PeMS08,1,1636,0.006067153600418532
PeMS08,1,1637,-0.0016785348504645432
PeMS08,1,1638,-0.00513275650136145
PeMS08,1,1639,-0.017890357177388006
PeMS08,1,1640,-0.01533090826268929
PeMS08,1,1641,-0.020847954004679762
PeMS08,1,1642,-0.024914825946642464
PeMS08,1,1643,-0.007563283527137529
PeMS08,1,1644,-0.011216625802541668
PeMS08,1,1645,-0.01608627198813789
PeMS08,1,1646,-0.003062634106821117
PeMS08,1,1647,-0.01483949974841832
PeMS08,1,1648,-0.014976678573248452
PeMS08,1,1649,-0.016021078427095704
PeMS08,1,1650,-0.008372853230429139
PeMS08,1,1651,-0.02963430445200102
PeMS08,1,1652,-0.01950956703052014
PeMS08,1,1653,-0.02008307912215628
PeMS08,1,1654,-0.02350841701256887
PeMS08,1,1655,-0.05013080624872164
PeMS08,1,1656,-0.04711609131194888
PeMS08,1,1657,-0.041222997871287234
PeMS08,1,1658,-0.035611183002959505
PeMS08,1,1659,-0.02942498931328242
PeMS08,1,1660,-0.039847629680311435
PeMS08,1,1661,-0.03441423435972009
PeMS08,1,1662,-0.02841591457477639
PeMS08,1,1663,-0.038130093837062694
PeMS08,1,1664,-0.03431545050231281
PeMS08,1,1665,-0.04372112987456436
PeMS08,1,1666,-0.03505742052975139
PeMS08,1,1667,-0.04124857060284827
PeMS08,1,1668,-0.04893866512116595
PeMS08,1,1669,-0.0361536270253251
PeMS08,1,1670,-0.022354298987474663
PeMS08,1,1671,-0.030149965259597115
PeMS08,1,1672,-0.040596275965905704
PeMS08,1,1673,-0.034357406904577274
PeMS08,1,1674,-0.04836924367117868
PeMS08,1,1675,-0.03900635894193969
PeMS08,1,1676,-0.04174079900860909
PeMS08,1,1677,-0.05013559720777515
PeMS08,1,1678,-0.03341641277233354
PeMS08,1,1679,-0.03837720421265459
PeMS08,1,1680,-0.03307375159003785
PeMS08,1,1681,-0.031058623931065184
PeMS08,1,1682,-0.03232336380428153
PeMS08,1,1683,-0.03840513945117716
PeMS08,1,1684,-0.03380399092582122
PeMS08,1,1685,-0.03497965310359777
PeMS08,1,1686,-0.02928222220464143
PeMS08,1,1687,-0.018081338688651753
PeMS08,1,1688,-0.015433185694337978
PeMS08,1,1689,-0.02293646257412819
PeMS08,1,1690,-0.02544412859070784
PeMS08,1,1691,-0.014026497367792266
PeMS08,1,1692,-0.006323043313881431
PeMS08,1,1693,-0.004972243709949823
PeMS08,1,1694,-0.016378281500672477
PeMS08,1,1695,-0.01606791350367615
PeMS08,1,1696,-0.014444214325921884
PeMS08,1,1697,-0.0022550565112079185
PeMS08,1,1698,-0.007079965760212619
PeMS08,1,1699,0.0006111404035975256
PeMS08,1,1700,0.01063671758028435
PeMS08,1,1701,0.0030326897964283116
PeMS08,1,1702,0.016713629437408062
PeMS08,1,1703,0.004416476192823564
PeMS08,1,1704,0.006578314783075786
PeMS08,1,1705,0.02341778375457417
PeMS08,1,1706,0.011283078240059483
PeMS08,1,1707,0.02049598164962302
PeMS08,1,1708,0.029098213967841825
PeMS08,1,1709,0.012467529595001277
PeMS08,1,1710,0.005481575255278507
PeMS08,1,1711,0.015326570096265334
PeMS08,1,1712,0.020842658124118563
PeMS08,1,1713,0.026745013076373253
PeMS08,1,1714,0.026482534643617436
PeMS08,1,1715,0.029932692360089216
PeMS08,1,1716,0.028394715624983365
PeMS08,1,1717,0.029832054694223106
PeMS08,1,1718,0.025619723399805602
PeMS08,1,1719,0.014136237926034113
PeMS08,1,1720,0.032340690575010884
PeMS08,1,1721,0.02204122742329326
PeMS08,1,1722,0.017253974663289443
PeMS08,1,1723,0.022122334458529604
PeMS08,1,1724,0.021635144677088648
PeMS08,1,1725,0.029910471693638526
PeMS08,1,1726,0.03502310136777663
PeMS08,1,1727,0.04239945184801517
PeMS08,1,1728,0.07303845558963985
PeMS08,1,1729,0.03002391436408628
PeMS08,1,1730,0.04243024639513343
PeMS08,1,1731,0.023122609976389635
PeMS08,1,1732,0.011503420139391436
PeMS08,1,1733,-0.00028468455136692776
PeMS08,1,1734,0.015954733718245562
PeMS08,1,1735,0.022993664438531458
PeMS08,1,1736,0.02851118817863734
PeMS08,1,1737,0.013705012387375903
PeMS08,1,1738,0.05822035034404182
PeMS08,1,1739,0.04736791350788375
PeMS08,1,1740,0.03900522469707322
PeMS08,1,1741,0.035678241754835076
PeMS08,1,1742,0.020710122541224806
PeMS08,1,1743,0.015041806107925658
PeMS08,1,1744,0.019044756788734442
PeMS08,1,1745,0.021261185388443102
PeMS08,1,1746,0.021608090648730035
PeMS08,1,1747,0.023674732968505398
PeMS08,1,1748,0.010854044830328822
PeMS08,1,1749,0.01967161530032721
PeMS08,1,1750,0.04107539522992074
PeMS08,1,1751,0.03331969723656675
PeMS08,1,1752,0.04709456738171367
PeMS08,1,1753,0.004319101826651937
PeMS08,1,1754,0.022828385853628026
PeMS08,1,1755,0.03123897487170416
PeMS08,1,1756,0.0045950902841512455
PeMS08,1,1757,0.004811913885268876
PeMS08,1,1758,-0.000524635794222788
PeMS08,1,1759,-0.0017245272285919197
PeMS08,1,1760,-0.00194790142086687
PeMS08,1,1761,0.009305027216064458
PeMS08,1,1762,-0.0014021273144803619
PeMS08,1,1763,0.007414401695300089
PeMS08,1,1764,0.007697796689576261
PeMS08,1,1765,0.01631642420058049
PeMS08,1,1766,0.011735802183265363
PeMS08,1,1767,0.013703846114924012
PeMS08,1,1768,0.0018263285784573418
PeMS08,1,1769,-0.0006935935394288476
PeMS08,1,1770,0.0031298583167095975
PeMS08,1,1771,-0.0014070178446402304
PeMS08,1,1772,-0.01818191861839043
PeMS08,1,1773,-0.005240113006307563
PeMS08,1,1774,-0.02094055540789217
PeMS08,1,1775,-0.020391743529687516
PeMS08,1,1776,-0.039516065765300076
PeMS08,1,1777,-0.044634175651587234
PeMS08,1,1778,-0.026579197589699816
PeMS08,1,1779,-0.030924230908931344
PeMS08,1,1780,-0.04113070343014232
PeMS08,1,1781,-0.03719135808861587
PeMS08,1,1782,-0.02992522609189749
PeMS08,1,1783,-0.028461471732814728
PeMS08,1,1784,-0.025476820478749385
PeMS08,1,1785,-0.029612971005688774
PeMS08,1,1786,-0.017943670602906282
PeMS08,1,1787,-0.029067388208339574
PeMS08,1,1788,-0.024234245936036358
PeMS08,1,1789,-0.022757102517350265
PeMS08,1,1790,-0.0281288536703636
PeMS08,1,1791,-0.02554016821484197
PeMS08,1,1792,-0.02202458818298128
PeMS08,1,1793,-0.02939457005884452
PeMS08,1,1794,-0.03431635140131317
PeMS08,1,1795,-0.029485438177881875
PeMS08,1,1796,-0.029952439413328886
PeMS08,1,1797,-0.040421724744649466
PeMS08,1,1798,-0.04086163058580217
PeMS08,1,1799,-0.023363349843226525
PeMS08,1,1800,-0.031481752973932346
PeMS08,1,1801,-0.04658333906833303
PeMS08,1,1802,-0.03355798196004003
PeMS08,1,1803,-0.0334675260095332
PeMS08,1,1804,-0.03838395178245156
PeMS08,1,1805,-0.023363905844076
PeMS08,1,1806,-0.03145387018830239
PeMS08,1,1807,-0.05321551870342822
PeMS08,1,1808,-0.037017119497713795
PeMS08,1,1809,-0.0432675712507601
PeMS08,1,1810,-0.02279559539226521
PeMS08,1,1811,-0.01289722936926509
PeMS08,1,1812,-0.010424176006602589
PeMS08,1,1813,-0.01107398441160837
PeMS08,1,1814,-0.033989826930852826
PeMS08,1,1815,-0.02096506641931228
PeMS08,1,1816,-0.02858040454195348
PeMS08,1,1817,-0.039164127509279535
PeMS08,1,1818,-0.04576664157584628
PeMS08,1,1819,-0.03796619215965326
PeMS08,1,1820,-0.022982350076033223
PeMS08,1,1821,-0.023576190016560097
PeMS08,1,1822,-0.030583795949211134
PeMS08,1,1823,-0.019570811863051964
PeMS08,1,1824,-0.03893686399490848
PeMS08,1,1825,-0.015522726624270488
PeMS08,1,1826,-0.0010555736594935253
PeMS08,1,1827,-0.01454162442933245
PeMS08,1,1828,-0.005918270678206892
PeMS08,1,1829,-0.018091938753661392
PeMS08,1,1830,-0.013813961454065948
PeMS08,1,1831,-0.018119040284078222
PeMS08,1,1832,-0.007380511778827697
PeMS08,1,1833,-0.018677521802268428
PeMS08,1,1834,0.0010412512795216922
PeMS08,1,1835,-0.01290867541726371
PeMS08,1,1836,-0.003583679396909098
PeMS08,1,1837,0.008796915284591157
PeMS08,1,1838,0.022288709838827414
PeMS08,1,1839,0.00577266864745102
PeMS08,1,1840,0.008674789888240827
PeMS08,1,1841,0.025766311638883047
PeMS08,1,1842,0.0033903318748948765
PeMS08,1,1843,0.021304193176763922
PeMS08,1,1844,0.005443490238528222
PeMS08,1,1845,0.02219732840865454
PeMS08,1,1846,0.019913783639391003
PeMS08,1,1847,0.02470392087663096
PeMS08,1,1848,0.0111738262647372
PeMS08,1,1849,0.01057560138370076
PeMS08,1,1850,0.02195846641976563
PeMS08,1,1851,0.01864214068151187
PeMS08,1,1852,0.019010949284046664
PeMS08,1,1853,0.0222141365179538
PeMS08,1,1854,0.023388430948394358
PeMS08,1,1855,0.030338649131056154
PeMS08,1,1856,0.01468747123415636
PeMS08,1,1857,0.02652711670609072
PeMS08,1,1858,0.010228256682542038
PeMS08,1,1859,-0.0012924093450070902
PeMS08,1,1860,0.02722507630528941
PeMS08,1,1861,0.032954847272268085
PeMS08,1,1862,0.015745198769828155
PeMS08,1,1863,0.0322490593072095
PeMS08,1,1864,0.039616678039024446
PeMS08,1,1865,0.02954741120101725
PeMS08,1,1866,0.019535197834147908
PeMS08,1,1867,0.025020586638199605
PeMS08,1,1868,0.023368149305892563
PeMS08,1,1869,0.01882596636850522
PeMS08,1,1870,0.028060434042465787
PeMS08,1,1871,0.022024060853636868
PeMS08,1,1872,0.03674405662660174
PeMS08,1,1873,0.04241007870947266
PeMS08,1,1874,0.03145488258020192
PeMS08,1,1875,0.03086340091870593
PeMS08,1,1876,0.04429241163973754
PeMS08,1,1877,0.041902616271305475
PeMS08,1,1878,0.02539955329053202
PeMS08,1,1879,0.02880969760634383
PeMS08,1,1880,0.01130146959133095
PeMS08,1,1881,0.03354368917526312
PeMS08,1,1882,0.034571709753620776
PeMS08,1,1883,0.03484667907372831
PeMS08,1,1884,0.03064355375525354
PeMS08,1,1885,0.02866900341130952
PeMS08,1,1886,0.03104923972640109
PeMS08,1,1887,0.040639314626583975
PeMS08,1,1888,0.035108408934292935
PeMS08,1,1889,0.031252195598244464
PeMS08,1,1890,0.02958991034180419
PeMS08,1,1891,0.010874613840885354
PeMS08,1,1892,0.009133807938056345
PeMS08,1,1893,0.001990512852381717
PeMS08,1,1894,0.0014639243195456143
PeMS08,1,1895,-0.0007870180852582136
PeMS08,1,1896,0.0032332885282037116
PeMS08,1,1897,0.017585051452958262
PeMS08,1,1898,0.0072004090387084605
PeMS08,1,1899,-8.800671589650231e-05
PeMS08,1,1900,0.014927041349570706
PeMS08,1,1901,0.00815985051242261
PeMS08,1,1902,0.008158327571300913
PeMS08,1,1903,0.01280990170625585
PeMS08,1,1904,0.006487241763405164
PeMS08,1,1905,-0.0036153845010263594
PeMS08,1,1906,-0.010106415435476445
PeMS08,1,1907,-0.005745154031110677
PeMS08,1,1908,-0.00980040605106614
PeMS08,1,1909,-0.008981934281160607
PeMS08,1,1910,0.006163405363638312
PeMS08,1,1911,0.0003234082956672952
PeMS08,1,1912,-0.02081141165513151
PeMS08,1,1913,-0.010697841189820399
PeMS08,1,1914,0.0018418112740419988
PeMS08,1,1915,-0.02127734446383315
PeMS08,1,1916,0.0024007283260980275
PeMS08,1,1917,-0.023257447057139325
PeMS08,1,1918,-0.009786662892462118
PeMS08,1,1919,-0.010243656616297909
PeMS08,1,1920,-0.03029329451295637
PeMS08,1,1921,-0.01515431366943765
PeMS08,1,1922,-0.028119635622815053
PeMS08,1,1923,-0.022768395073881093
PeMS08,1,1924,-0.0342850798097102
PeMS08,1,1925,-0.02785396828450357
PeMS08,1,1926,-0.036501106292766955
PeMS08,1,1927,-0.03704667715374843
PeMS08,1,1928,-0.04211434355009287
PeMS08,1,1929,-0.034968771697169235
PeMS08,1,1930,-0.04145637638981876
PeMS08,1,1931,-0.033617512270925375
PeMS08,1,1932,-0.03121812295172745
PeMS08,1,1933,-0.024802617688114696
PeMS08,1,1934,-0.02643656762657736
PeMS08,1,1935,-0.05367651279304348
PeMS08,1,1936,-0.05116740946899944
PeMS08,1,1937,-0.04289969132522508
PeMS08,1,1938,-0.03505827031689338
PeMS08,1,1939,-0.04759540787865746
PeMS08,1,1940,-0.02368554227811318
PeMS08,1,1941,-0.03760936372414763
PeMS08,1,1942,-0.03134022266105956
PeMS08,1,1943,-0.03839782545320377
PeMS08,1,1944,-0.02547359115121773
PeMS08,1,1945,-0.03314350399640475
PeMS08,1,1946,-0.024889622142911044
PeMS08,1,1947,-0.026094111409681944
PeMS08,1,1948,-0.03379252753262744
PeMS08,1,1949,-0.048955931806413125
PeMS08,1,1950,-0.05122851319388671
PeMS08,1,1951,-0.029114699280313388
PeMS08,1,1952,-0.043208207175991734
PeMS08,1,1953,-0.04781693854967985
PeMS08,1,1954,-0.03474723019774166
PeMS08,1,1955,-0.03501818841224726
PeMS08,1,1956,-0.0381171419361911
PeMS08,1,1957,-0.02915891296741205
PeMS08,1,1958,-0.03165459314396594
PeMS08,1,1959,-0.022194016312655968
PeMS08,1,1960,-0.030612481935191886
PeMS08,1,1961,-0.023744866271826027
PeMS08,1,1962,-0.03103815063292024
PeMS08,1,1963,-0.03452546196441178
PeMS08,1,1964,-0.0256885352025983
PeMS08,1,1965,-0.04084376661081604
PeMS08,1,1966,-0.02196727381913237
PeMS08,1,1967,-0.028038857604225326
PeMS08,1,1968,-0.01791888430396808
PeMS08,1,1969,-0.0009205187307091989
PeMS08,1,1970,-0.019203591834849935
PeMS08,1,1971,-0.006624856597358202
PeMS08,1,1972,-0.004191571087341717
PeMS08,1,1973,0.0004457027282297102
PeMS08,1,1974,-0.0025473140727672217
PeMS08,1,1975,-0.005826933717203862
PeMS08,1,1976,6.11985094850887e-05
PeMS08,1,1977,-0.034448173342153963
PeMS08,1,1978,-0.002920534150606943
PeMS08,1,1979,0.0028674202465821044
PeMS08,1,1980,-0.0029988357987102165
PeMS08,1,1981,-0.008091324012490396
PeMS08,1,1982,0.005604859754593105
PeMS08,1,1983,-0.004980286412456868
PeMS08,1,1984,-0.00024734796259890524
PeMS08,1,1985,-0.006834359934910349
PeMS08,1,1986,-0.013668208103103966
PeMS08,1,1987,0.004622655726548911
PeMS08,1,1988,0.007480593948844107
PeMS08,1,1989,0.017823982024230304
PeMS08,1,1990,0.01828822608222228
PeMS08,1,1991,0.020330442985062997
PeMS08,1,1992,0.01619297292991478
PeMS08,1,1993,0.02608761399255087
PeMS08,1,1994,0.028418082259504335
PeMS08,1,1995,0.03562967374984282
PeMS08,1,1996,0.024382392060220984
PeMS08,1,1997,0.023617938933213786
PeMS08,1,1998,0.021422501789442643
PeMS08,1,1999,0.01816379531110489
PeMS08,1,2000,0.022527991356658006
PeMS08,1,2001,0.02560184753563117
PeMS08,1,2002,0.003136333001881735
PeMS08,1,2003,0.028103225253857982
PeMS08,1,2004,0.03001595407492293
PeMS08,1,2005,0.02626711114495014
PeMS08,1,2006,0.011700361888406391
PeMS08,1,2007,0.0009355842098756934
PeMS08,1,2008,0.022642270422731422
PeMS08,1,2009,0.014661071213677952
PeMS08,1,2010,0.03084987468228383
PeMS08,1,2011,0.03920974405386894
PeMS08,1,2012,0.04239833253783906
PeMS08,1,2013,0.03907304915957712
PeMS08,1,2014,0.04199259590966457
PeMS08,1,2015,0.06158404192193115
PeMS08,1,2016,0.25682727489977364
PeMS08,6,0,1.0
PeMS08,6,1,0.6274774654006162
PeMS08,6,2,0.5571756022826787
PeMS08,6,3,0.47259347096068893
PeMS08,6,4,0.4077486332523457
PeMS08,6,5,0.33193000415450025
PeMS08,6,6,0.23568531005733098
PeMS08,6,7,0.17087134022162476
PeMS08,6,8,0.12513196514105132
PeMS08,6,9,0.09555384706289284
PeMS08,6,10,0.0700881031792611
PeMS08,6,11,0.07070788267796047
PeMS08,6,12,0.07856440809219803
PeMS08,6,13,0.10283402454577986
PeMS08,6,14,0.10321611357471544
PeMS08,6,15,0.10373867072439036
PeMS08,6,16,0.11904806983655795
PeMS08,6,17,0.12690288219922133
PeMS08,6,18,0.12950740093402488
PeMS08,6,19,0.11514710921440562
PeMS08,6,20,0.09743056586716721
PeMS08,6,21,0.10518615401238278
PeMS08,6,22,0.0938913447573195
PeMS08,6,23,0.07677409095559162
PeMS08,6,24,0.05901013159698989
PeMS08,6,25,0.044306004933068965
PeMS08,6,26,0.031427347769041186
PeMS08,6,27,0.009905967168199949
PeMS08,6,28,0.012062136553675475
PeMS08,6,29,0.004666364878020612
PeMS08,6,30,0.005312732958639507
PeMS08,6,31,0.01700899076723547
PeMS08,6,32,0.017006997709112435
PeMS08,6,33,0.007856952493493694
PeMS08,6,34,0.0024306645743822374
PeMS08,6,35,0.011311735795008243
PeMS08,6,36,0.008553114348816237
PeMS08,6,37,0.004581461162442109
PeMS08,6,38,0.012282167274225873
PeMS08,6,39,0.015960638535981383
PeMS08,6,40,0.027559536789977593
PeMS08,6,41,-0.0008615530773977801
PeMS08,6,42,0.002028699611218885
PeMS08,6,43,-0.0023666690758769263
PeMS08,6,44,0.003176835735262463
PeMS08,6,45,-0.013748034818167621
PeMS08,6,46,-0.0170649074337404
PeMS08,6,47,-0.02081681166939148
PeMS08,6,48,-0.018165719406594966
PeMS08,6,49,-0.04031173301145309
PeMS08,6,50,-0.036267503333790675
PeMS08,6,51,-0.03748845472440676
PeMS08,6,52,-0.022002897585739218
PeMS08,6,53,-0.03354113286007373
PeMS08,6,54,-0.03699584568470014
PeMS08,6,55,-0.03931910807314952
PeMS08,6,56,-0.046119625735756106
PeMS08,6,57,-0.054987307464676734
PeMS08,6,58,-0.05594939003126033
PeMS08,6,59,-0.0571358961316307
PeMS08,6,60,-0.056520199262431535
PeMS08,6,61,-0.052595958812646636
PeMS08,6,62,-0.06688759051655081
PeMS08,6,63,-0.07295415643805125
PeMS08,6,64,-0.05845723006386467
PeMS08,6,65,-0.055257756217779876
PeMS08,6,66,-0.042075981981660814
PeMS08,6,67,-0.047526428702485496
PeMS08,6,68,-0.05898100830055892
PeMS08,6,69,-0.042210222516794925
PeMS08,6,70,-0.04674666943837429
PeMS08,6,71,-0.05129328430375701
PeMS08,6,72,-0.0274340882708466
PeMS08,6,73,-0.025941304810440748
PeMS08,6,74,-0.03311104904607428
PeMS08,6,75,-0.04108747599025695
PeMS08,6,76,-0.028949231925815028
PeMS08,6,77,-0.02944429623080402
PeMS08,6,78,-0.040843154717491434
PeMS08,6,79,-0.037340242576723824
PeMS08,6,80,-0.05042838851463824
PeMS08,6,81,-0.05152780582060853
PeMS08,6,82,-0.04240304934388798
PeMS08,6,83,-0.04400434663637466
PeMS08,6,84,-0.04532158588902407
PeMS08,6,85,-0.04566772044731968
PeMS08,6,86,-0.053244476838577894
PeMS08,6,87,-0.031740654808780924
PeMS08,6,88,-0.026523130779921654
PeMS08,6,89,-0.02694029224139447
PeMS08,6,90,-0.007824810839526514
PeMS08,6,91,-0.007193521448014849
PeMS08,6,92,0.0036699498654942718
PeMS08,6,93,-0.00930331583419973
PeMS08,6,94,-0.012237470172185945
PeMS08,6,95,-0.012889188467301802
PeMS08,6,96,-0.026392216466695085
PeMS08,6,97,-0.020947782533638784
PeMS08,6,98,-0.03212158963940335
PeMS08,6,99,-0.027674468220725865
PeMS08,6,100,-0.030877208104148724
PeMS08,6,101,-0.03974973115204598
PeMS08,6,102,-0.038673866976215686
PeMS08,6,103,-0.02906286491390158
PeMS08,6,104,-0.0219049814434274
PeMS08,6,105,-0.021540224480728617
PeMS08,6,106,-0.013027858766259604
PeMS08,6,107,-0.02080368915481712
PeMS08,6,108,-0.011013359792861888
PeMS08,6,109,-0.011134009789844879
PeMS08,6,110,-0.005801029578669816
PeMS08,6,111,-0.010179273570257125
PeMS08,6,112,-0.017252101985806637
PeMS08,6,113,-0.01862134173082913
PeMS08,6,114,-0.02723221580517806
PeMS08,6,115,-0.038110419375446125
PeMS08,6,116,-0.03571550722394645
PeMS08,6,117,-0.01961065320262879
PeMS08,6,118,-0.03513064894120803
PeMS08,6,119,-0.02631558631093808
PeMS08,6,120,-0.016472490868850363
PeMS08,6,121,-0.007355817299060192
PeMS08,6,122,0.01836093866594339
PeMS08,6,123,0.020623512562972294
PeMS08,6,124,0.04135654363814606
PeMS08,6,125,0.03901831450114447
PeMS08,6,126,0.04231319078184644
PeMS08,6,127,0.05059743852634412
PeMS08,6,128,0.04952275469603672
PeMS08,6,129,0.04005423526486297
PeMS08,6,130,0.04972395875034357
PeMS08,6,131,0.04778630299702022
PeMS08,6,132,0.05154090054505462
PeMS08,6,133,0.04369551212628015
PeMS08,6,134,0.058311214766639925
PeMS08,6,135,0.06327184869686621
PeMS08,6,136,0.04816604153771451
PeMS08,6,137,0.05482182575104156
PeMS08,6,138,0.07168407163311873
PeMS08,6,139,0.07649992747434056
PeMS08,6,140,0.08837673837834771
PeMS08,6,141,0.0909943264051865
PeMS08,6,142,0.10513096301631485
PeMS08,6,143,0.09919665772709425
PeMS08,6,144,0.10637004367305355
PeMS08,6,145,0.12699561707610046
PeMS08,6,146,0.12392594656540366
PeMS08,6,147,0.11257790542054373
PeMS08,6,148,0.10695620322938482
PeMS08,6,149,0.09181932773341701
PeMS08,6,150,0.07202958604925624
PeMS08,6,151,0.07109793063312254
PeMS08,6,152,0.0556488245811168
PeMS08,6,153,0.05151640063692783
PeMS08,6,154,0.05920638277434163
PeMS08,6,155,0.04012013838425014
PeMS08,6,156,0.059760419914061724
PeMS08,6,157,0.06806081995372457
PeMS08,6,158,0.06881508747758147
PeMS08,6,159,0.0762932045205422
PeMS08,6,160,0.06891050758974356
PeMS08,6,161,0.05450447407454888
PeMS08,6,162,0.06753663554231455
PeMS08,6,163,0.0651887823269288
PeMS08,6,164,0.0698138570776785
PeMS08,6,165,0.05275083383435623
PeMS08,6,166,0.03271845447644461
PeMS08,6,167,0.01988418924787082
PeMS08,6,168,-0.003143809996736943
PeMS08,6,169,-0.007668952367443161
PeMS08,6,170,-0.044372300276800884
PeMS08,6,171,-0.03938904192139277
PeMS08,6,172,-0.0580706815941229
PeMS08,6,173,-0.05600959071691291
PeMS08,6,174,-0.0447849540635761
PeMS08,6,175,-0.04655621729617483
PeMS08,6,176,-0.03802025892399564
PeMS08,6,177,-0.03260129552832674
PeMS08,6,178,-0.008605390085943238
PeMS08,6,179,-0.010889042369881889
PeMS08,6,180,-0.006212611704156179
PeMS08,6,181,-0.009373885125580867
PeMS08,6,182,0.0010906031044215412
PeMS08,6,183,-0.0028097641872765343
PeMS08,6,184,-0.006644147309727839
PeMS08,6,185,-0.020224963198374666
PeMS08,6,186,-0.01797532732958936
PeMS08,6,187,-0.02788383111001669
PeMS08,6,188,-0.0376340330583702
PeMS08,6,189,-0.03440322676012499
PeMS08,6,190,-0.034459589257886156
PeMS08,6,191,-0.03673884212002892
PeMS08,6,192,-0.03004823036818059
PeMS08,6,193,-0.03228737835028231
PeMS08,6,194,-0.022881678332862664
PeMS08,6,195,-0.02497374410782419
PeMS08,6,196,-0.021805283823822387
PeMS08,6,197,-0.009552270487372633
PeMS08,6,198,-0.02171387263923488
PeMS08,6,199,-0.013536396379565633
PeMS08,6,200,-0.012622509496292483
PeMS08,6,201,-0.012499119274253767
PeMS08,6,202,-0.03879116328252139
PeMS08,6,203,-0.048055623154284736
PeMS08,6,204,-0.038075719347971146
PeMS08,6,205,-0.042013695413649174
PeMS08,6,206,-0.04286679582627931
PeMS08,6,207,-0.061045348497458414
PeMS08,6,208,-0.06384597788283321
PeMS08,6,209,-0.062119243605612606
PeMS08,6,210,-0.05841889285163769
PeMS08,6,211,-0.06326836512284724
PeMS08,6,212,-0.05441109686578425
PeMS08,6,213,-0.06898095264293326
PeMS08,6,214,-0.05827821510500891
PeMS08,6,215,-0.0548201931307612
PeMS08,6,216,-0.062151639109083084
PeMS08,6,217,-0.050201225993218634
PeMS08,6,218,-0.047686889825635216
PeMS08,6,219,-0.04714853515736466
PeMS08,6,220,-0.05502882178177436
PeMS08,6,221,-0.06250283099061307
PeMS08,6,222,-0.04286702928498793
PeMS08,6,223,-0.04433699738355819
PeMS08,6,224,-0.052697978334951115
PeMS08,6,225,-0.060511551010012675
PeMS08,6,226,-0.06186176747503125
PeMS08,6,227,-0.05850035696177053
PeMS08,6,228,-0.061672936635925976
PeMS08,6,229,-0.05530500243779893
PeMS08,6,230,-0.060091830271749316
PeMS08,6,231,-0.062051833330850015
PeMS08,6,232,-0.0666657879015094
PeMS08,6,233,-0.06822454660235845
PeMS08,6,234,-0.05566344864618279
PeMS08,6,235,-0.06107493481331155
PeMS08,6,236,-0.04913803726445706
PeMS08,6,237,-0.06249674001574262
PeMS08,6,238,-0.04655766597794741
PeMS08,6,239,-0.05114700517512673
PeMS08,6,240,-0.043686043622023274
PeMS08,6,241,-0.042379066170500405
PeMS08,6,242,-0.0355292951761731
PeMS08,6,243,-0.03612267278790701
PeMS08,6,244,-0.026732166063805594
PeMS08,6,245,-0.015772403055669487
PeMS08,6,246,-0.025875584746667873
PeMS08,6,247,-0.023254771927316367
PeMS08,6,248,-0.012929319677362508
PeMS08,6,249,-0.004796661955691619
PeMS08,6,250,-0.00964482726631781
PeMS08,6,251,-0.016735588802996477
PeMS08,6,252,-0.0230078301150602
PeMS08,6,253,-0.028458612767171876
PeMS08,6,254,-0.033017469461643
PeMS08,6,255,-0.031071561257776614
PeMS08,6,256,-0.040111981317691524
PeMS08,6,257,-0.03833658013859247
PeMS08,6,258,-0.04423818319676052
PeMS08,6,259,-0.04335628158306074
PeMS08,6,260,-0.042895850855048274
PeMS08,6,261,-0.030605338346202653
PeMS08,6,262,-0.008351144011272156
PeMS08,6,263,-0.012167045813345977
PeMS08,6,264,0.001293271046491117
PeMS08,6,265,0.006901907358552463
PeMS08,6,266,0.029003706732885288
PeMS08,6,267,0.029780904878864523
PeMS08,6,268,0.040146539168499196
PeMS08,6,269,0.059868400667739304
PeMS08,6,270,0.07298340916961649
PeMS08,6,271,0.07599414495663634
PeMS08,6,272,0.08149627811574307
PeMS08,6,273,0.08264469763364457
PeMS08,6,274,0.08005558152177843
PeMS08,6,275,0.07787419336483885
PeMS08,6,276,0.07125529380662063
PeMS08,6,277,0.05665834798238505
PeMS08,6,278,0.059131078638026247
PeMS08,6,279,0.052070533978690915
PeMS08,6,280,0.05217455550110455
PeMS08,6,281,0.07817333924380221
PeMS08,6,282,0.09632061466657191
PeMS08,6,283,0.12014567027165322
PeMS08,6,284,0.16818551469655826
PeMS08,6,285,0.17379245294706228
PeMS08,6,286,0.20227588927572207
PeMS08,6,287,0.21207725897526383
PeMS08,6,288,0.23648051396968034
PeMS08,6,289,0.22871214907657256
PeMS08,6,290,0.20545357861742714
PeMS08,6,291,0.20161851072906425
PeMS08,6,292,0.16430225324403336
PeMS08,6,293,0.15197242938220393
PeMS08,6,294,0.13166559290131633
PeMS08,6,295,0.10441111774462082
PeMS08,6,296,0.07541226870170761
PeMS08,6,297,0.061104074997999504
PeMS08,6,298,0.04093785871129904
PeMS08,6,299,0.038840164465027714
PeMS08,6,300,0.053647678632899445
PeMS08,6,301,0.037963994027376345
PeMS08,6,302,0.0424450908702359
PeMS08,6,303,0.05204884267305287
PeMS08,6,304,0.046311654133551754
PeMS08,6,305,0.060158225668335515
PeMS08,6,306,0.056583138137697574
PeMS08,6,307,0.06211169991214703
PeMS08,6,308,0.04112510894780063
PeMS08,6,309,0.03738834074880752
PeMS08,6,310,0.040069355493617106
PeMS08,6,311,0.02924243106293571
PeMS08,6,312,0.01493603544291155
PeMS08,6,313,0.006593574716878574
PeMS08,6,314,0.0006025709903636427
PeMS08,6,315,-0.014956067940047514
PeMS08,6,316,0.013087225756260337
PeMS08,6,317,-0.014661638682461306
PeMS08,6,318,-0.011908687595376315
PeMS08,6,319,-0.013578682497529207
PeMS08,6,320,-0.03236518964226066
PeMS08,6,321,-0.007516172663104095
PeMS08,6,322,-0.019051304019518878
PeMS08,6,323,-0.023260602924934724
PeMS08,6,324,-0.01997914283869672
PeMS08,6,325,-0.037466817950828395
PeMS08,6,326,-0.03433598714861498
PeMS08,6,327,-0.03992521539588018
PeMS08,6,328,-0.03853768632571978
PeMS08,6,329,-0.053270239758568476
PeMS08,6,330,-0.044843079138591105
PeMS08,6,331,-0.03460654118501468
PeMS08,6,332,-0.025048660376618258
PeMS08,6,333,-0.025751841002307096
PeMS08,6,334,-0.022879685761675955
PeMS08,6,335,-0.031443481083057896
PeMS08,6,336,-0.029262981060231393
PeMS08,6,337,-0.03281850620451659
PeMS08,6,338,-0.028399779045493925
PeMS08,6,339,-0.026421025539185017
PeMS08,6,340,-0.020018393010529587
PeMS08,6,341,-0.0501935978542188
PeMS08,6,342,-0.03658300173449615
PeMS08,6,343,-0.039473224265080736
PeMS08,6,344,-0.049295043676621776
PeMS08,6,345,-0.049907550395477764
PeMS08,6,346,-0.05236332490569527
PeMS08,6,347,-0.062421474611376065
PeMS08,6,348,-0.06681695400321688
PeMS08,6,349,-0.06668558067271732
PeMS08,6,350,-0.07602385897248846
PeMS08,6,351,-0.07765240270510178
PeMS08,6,352,-0.06966924845462917
PeMS08,6,353,-0.07045536674837724
PeMS08,6,354,-0.06582284799898588
PeMS08,6,355,-0.06033042187352196
PeMS08,6,356,-0.06649626395393321
PeMS08,6,357,-0.0613630559079686
PeMS08,6,358,-0.05715680085255083
PeMS08,6,359,-0.06652319204231075
PeMS08,6,360,-0.06580447819926795
PeMS08,6,361,-0.07420781489513116
PeMS08,6,362,-0.071344571120305
PeMS08,6,363,-0.061082966094991815
PeMS08,6,364,-0.05526975954496961
PeMS08,6,365,-0.059860808379137265
PeMS08,6,366,-0.04893387703162616
PeMS08,6,367,-0.059069135656136994
PeMS08,6,368,-0.04068337133977745
PeMS08,6,369,-0.055641884179334376
PeMS08,6,370,-0.048608904965508175
PeMS08,6,371,-0.04706375512073054
PeMS08,6,372,-0.03485852313712732
PeMS08,6,373,-0.041078564002591404
PeMS08,6,374,-0.0390916879987961
PeMS08,6,375,-0.03365892094293622
PeMS08,6,376,-0.027156948306939925
PeMS08,6,377,-0.03591430603216067
PeMS08,6,378,-0.03978716423487328
PeMS08,6,379,-0.029831251224771253
PeMS08,6,380,-0.021884279723847298
PeMS08,6,381,-0.032504577165043465
PeMS08,6,382,-0.04660891662089827
PeMS08,6,383,-0.031683718693872015
PeMS08,6,384,-0.04673504835164901
PeMS08,6,385,-0.04524418445355685
PeMS08,6,386,-0.043636518227105264
PeMS08,6,387,-0.043090654965412166
PeMS08,6,388,-0.03170943425231119
PeMS08,6,389,-0.04572948404426822
PeMS08,6,390,-0.0411561612680191
PeMS08,6,391,-0.043373955181269006
PeMS08,6,392,-0.037844803128227245
PeMS08,6,393,-0.02093467164802664
PeMS08,6,394,5.4833478373228686e-05
PeMS08,6,395,-0.006166249865694357
PeMS08,6,396,-0.002124312768021088
PeMS08,6,397,-0.0031384403270873136
PeMS08,6,398,0.0030496152409779298
PeMS08,6,399,-0.023649287970086773
PeMS08,6,400,-0.026176067823057026
PeMS08,6,401,-0.029964481230442395
PeMS08,6,402,-0.04119712260372691
PeMS08,6,403,-0.04225484457977762
PeMS08,6,404,-0.04373416319333992
PeMS08,6,405,-0.038170037035837004
PeMS08,6,406,-0.03362549001909782
PeMS08,6,407,-0.0335926386875944
PeMS08,6,408,-0.023543829061077715
PeMS08,6,409,-0.01673892345070658
PeMS08,6,410,0.006641313499469317
PeMS08,6,411,0.025779140104869747
PeMS08,6,412,0.03139190033933473
PeMS08,6,413,0.03145211209349557
PeMS08,6,414,0.02663355115070571
PeMS08,6,415,0.024924837419352343
PeMS08,6,416,0.0406209372661732
PeMS08,6,417,0.027551835752940602
PeMS08,6,418,0.028108535668607184
PeMS08,6,419,0.015699676780887344
PeMS08,6,420,0.015645356944677117
PeMS08,6,421,0.0027703532812521723
PeMS08,6,422,0.00505048145444164
PeMS08,6,423,-0.008912151117270062
PeMS08,6,424,0.005358455972533059
PeMS08,6,425,0.011996735465460052
PeMS08,6,426,0.027225771159908093
PeMS08,6,427,0.04846173341838463
PeMS08,6,428,0.043171786469667746
PeMS08,6,429,0.05954730832086415
PeMS08,6,430,0.06904096030062906
PeMS08,6,431,0.07325937937820538
PeMS08,6,432,0.07289496250287145
PeMS08,6,433,0.07112021323056672
PeMS08,6,434,0.09137949765864437
PeMS08,6,435,0.07580555529846005
PeMS08,6,436,0.06277957346455966
PeMS08,6,437,0.05654409851479199
PeMS08,6,438,0.06278399959461568
PeMS08,6,439,0.05676406648109458
PeMS08,6,440,0.037354891484074455
PeMS08,6,441,0.032289374438450064
PeMS08,6,442,0.0359340246309329
PeMS08,6,443,0.03127215827004426
PeMS08,6,444,0.0291975647101523
PeMS08,6,445,0.0253158508371839
PeMS08,6,446,0.02187260136716011
PeMS08,6,447,0.011540293377945945
PeMS08,6,448,0.015341481871527073
PeMS08,6,449,0.023905379524194175
PeMS08,6,450,0.005493994191325026
PeMS08,6,451,-0.002080280167148482
PeMS08,6,452,-0.008358081295356024
PeMS08,6,453,-0.019027808992308336
PeMS08,6,454,-0.04785556143391589
PeMS08,6,455,-0.04301428192379604
PeMS08,6,456,-0.0462796230246341
PeMS08,6,457,-0.05079604163134249
PeMS08,6,458,-0.05721393253539266
PeMS08,6,459,-0.062112228783248825
PeMS08,6,460,-0.06077884300401782
PeMS08,6,461,-0.06502357471939921
PeMS08,6,462,-0.0551107753590658
PeMS08,6,463,-0.06295395600109459
PeMS08,6,464,-0.044611137396841194
PeMS08,6,465,-0.05591827017002778
PeMS08,6,466,-0.05610150022298634
PeMS08,6,467,-0.05434268700209576
PeMS08,6,468,-0.052927347316924105
PeMS08,6,469,-0.05963839588434746
PeMS08,6,470,-0.049852398720021535
PeMS08,6,471,-0.06532444737553408
PeMS08,6,472,-0.0591382094529714
PeMS08,6,473,-0.0706734618633187
PeMS08,6,474,-0.06633874408049398
PeMS08,6,475,-0.07261860729381509
PeMS08,6,476,-0.06791007809188754
PeMS08,6,477,-0.06356644205888215
PeMS08,6,478,-0.0556740248702059
PeMS08,6,479,-0.05728533980448041
PeMS08,6,480,-0.0470649557482659
PeMS08,6,481,-0.054823197538821825
PeMS08,6,482,-0.061968205210088806
PeMS08,6,483,-0.06588132022823409
PeMS08,6,484,-0.05358160976266812
PeMS08,6,485,-0.05415400412358305
PeMS08,6,486,-0.08299544648001562
PeMS08,6,487,-0.0692342109260227
PeMS08,6,488,-0.06182288836111754
PeMS08,6,489,-0.05611534037086725
PeMS08,6,490,-0.04875954436621147
PeMS08,6,491,-0.04887735945901319
PeMS08,6,492,-0.0523785091071204
PeMS08,6,493,-0.04130955177066313
PeMS08,6,494,-0.057660709787040264
PeMS08,6,495,-0.05701393885642467
PeMS08,6,496,-0.05301982219790236
PeMS08,6,497,-0.049421660104158945
PeMS08,6,498,-0.047569070029145386
PeMS08,6,499,-0.056423318908508345
PeMS08,6,500,-0.058563637353576184
PeMS08,6,501,-0.056892112039522984
PeMS08,6,502,-0.06271790627122566
PeMS08,6,503,-0.0717939348806553
PeMS08,6,504,-0.08590186082705889
PeMS08,6,505,-0.081687289335957
PeMS08,6,506,-0.07446578632033037
PeMS08,6,507,-0.06594348182131257
PeMS08,6,508,-0.07813964979372344
PeMS08,6,509,-0.08050095267678656
PeMS08,6,510,-0.0624254028170646
PeMS08,6,511,-0.05667390484953051
PeMS08,6,512,-0.06465832295309848
PeMS08,6,513,-0.05442466535517192
PeMS08,6,514,-0.06390194672955651
PeMS08,6,515,-0.0496103368253164
PeMS08,6,516,-0.04534431396635057
PeMS08,6,517,-0.040752949862484046
PeMS08,6,518,-0.045346075437560564
PeMS08,6,519,-0.03946935216841132
PeMS08,6,520,-0.0439750278617854
PeMS08,6,521,-0.050082777895032835
PeMS08,6,522,-0.03155951053448076
PeMS08,6,523,-0.03567158822759373
PeMS08,6,524,-0.04523682772040667
PeMS08,6,525,-0.04934772940784072
PeMS08,6,526,-0.056749477185025536
PeMS08,6,527,-0.05709905013017597
PeMS08,6,528,-0.05117527030488149
PeMS08,6,529,-0.0454690926519437
PeMS08,6,530,-0.04567765556331129
PeMS08,6,531,-0.039998323084970054
PeMS08,6,532,-0.03352670609462241
PeMS08,6,533,-0.021831454562157123
PeMS08,6,534,-0.019213222625482494
PeMS08,6,535,-0.028499089309521275
PeMS08,6,536,-0.010406314450095362
PeMS08,6,537,-0.0028449343397313606
PeMS08,6,538,-0.019600036672795914
PeMS08,6,539,-0.01720519334336417
PeMS08,6,540,-0.019692509985234863
PeMS08,6,541,-0.025248255871761646
PeMS08,6,542,-0.02648163973794938
PeMS08,6,543,-0.040062568041644264
PeMS08,6,544,-0.03687677007026448
PeMS08,6,545,-0.048539845692923286
PeMS08,6,546,-0.04486665742292926
PeMS08,6,547,-0.048560006557886226
PeMS08,6,548,-0.041431176935887264
PeMS08,6,549,-0.04136637432978034
PeMS08,6,550,-0.0277230963022181
PeMS08,6,551,-0.00805254392446145
PeMS08,6,552,-0.0030543608680141353
PeMS08,6,553,0.01811986684592265
PeMS08,6,554,0.02608319757104002
PeMS08,6,555,0.05159473870379488
PeMS08,6,556,0.049877618416458644
PeMS08,6,557,0.0644017949080135
PeMS08,6,558,0.06542428318215254
PeMS08,6,559,0.06515694235027075
PeMS08,6,560,0.05944590018400631
PeMS08,6,561,0.06572497071734909
PeMS08,6,562,0.059780963434084504
PeMS08,6,563,0.04397257584711088
PeMS08,6,564,0.03585505136262312
PeMS08,6,565,0.0184412374915943
PeMS08,6,566,0.027456131288803164
PeMS08,6,567,0.03737497224138223
PeMS08,6,568,0.04223941946582225
PeMS08,6,569,0.06720015789402542
PeMS08,6,570,0.07785185311654652
PeMS08,6,571,0.10836262484783803
PeMS08,6,572,0.13678732421765372
PeMS08,6,573,0.1572118480815253
PeMS08,6,574,0.18179876659010996
PeMS08,6,575,0.1855837831761804
PeMS08,6,576,0.21913444950612848
PeMS08,6,577,0.18194055268075834
PeMS08,6,578,0.16978124246903475
PeMS08,6,579,0.15275440733435902
PeMS08,6,580,0.13758374124087897
PeMS08,6,581,0.10567481750819925
PeMS08,6,582,0.07568476838636279
PeMS08,6,583,0.05008260925512998
PeMS08,6,584,0.04756370858363523
PeMS08,6,585,0.02713118515563866
PeMS08,6,586,0.017087532539739887
PeMS08,6,587,0.026834165741012293
PeMS08,6,588,0.03812946419703557
PeMS08,6,589,0.050548283291074934
PeMS08,6,590,0.05849121376606095
PeMS08,6,591,0.06390787932010039
PeMS08,6,592,0.0681734088290357
PeMS08,6,593,0.06706242536000573
PeMS08,6,594,0.07740083040507266
PeMS08,6,595,0.0743147157294183
PeMS08,6,596,0.050053454015176795
PeMS08,6,597,0.03883240723297866
PeMS08,6,598,0.019848703518125288
PeMS08,6,599,0.010776120276662415
PeMS08,6,600,0.0024451855564253154
PeMS08,6,601,-0.00551899662668239
PeMS08,6,602,-0.009122115878657463
PeMS08,6,603,-0.019492135710958498
PeMS08,6,604,-0.022157736122415103
PeMS08,6,605,-0.019750642123269237
PeMS08,6,606,-0.011822151594533944
PeMS08,6,607,-0.01029911215529341
PeMS08,6,608,-0.014817122256253513
PeMS08,6,609,-0.017281281972667765
PeMS08,6,610,-0.01382011818739095
PeMS08,6,611,-0.02013104702181546
PeMS08,6,612,-0.007805202389113061
PeMS08,6,613,-0.019201785982267815
PeMS08,6,614,-0.01799889970118105
PeMS08,6,615,-0.02293699736380804
PeMS08,6,616,-0.013521731598607775
PeMS08,6,617,-0.04184366815695235
PeMS08,6,618,-0.03895382779354716
PeMS08,6,619,-0.03994601454478857
PeMS08,6,620,-0.044138543258836295
PeMS08,6,621,-0.046769003176891116
PeMS08,6,622,-0.06265725626975503
PeMS08,6,623,-0.0499755659436894
PeMS08,6,624,-0.04867760734914492
PeMS08,6,625,-0.05406893573933361
PeMS08,6,626,-0.04677627764912872
PeMS08,6,627,-0.04390176779329722
PeMS08,6,628,-0.030315121623084754
PeMS08,6,629,-0.03909650530643825
PeMS08,6,630,-0.029273188632150463
PeMS08,6,631,-0.039458788021039824
PeMS08,6,632,-0.032500449218821496
PeMS08,6,633,-0.03767800934121582
PeMS08,6,634,-0.04270620915353205
PeMS08,6,635,-0.043082496203208774
PeMS08,6,636,-0.03516462360433837
PeMS08,6,637,-0.04865791359016599
PeMS08,6,638,-0.04939878032354058
PeMS08,6,639,-0.051578776322744824
PeMS08,6,640,-0.043374968061749175
PeMS08,6,641,-0.04796844410678894
PeMS08,6,642,-0.051332058928778686
PeMS08,6,643,-0.0486217247871587
PeMS08,6,644,-0.04732116997244433
PeMS08,6,645,-0.04786079585663084
PeMS08,6,646,-0.05398922606999734
PeMS08,6,647,-0.05219325447659291
PeMS08,6,648,-0.05237245172074875
PeMS08,6,649,-0.04499032254961129
PeMS08,6,650,-0.052545720492188516
PeMS08,6,651,-0.06278296841398236
PeMS08,6,652,-0.050000656167042544
PeMS08,6,653,-0.05178887372120645
PeMS08,6,654,-0.05346625333130319
PeMS08,6,655,-0.053520007934206464
PeMS08,6,656,-0.03372769722461236
PeMS08,6,657,-0.04602919215015606
PeMS08,6,658,-0.03530973604754847
PeMS08,6,659,-0.04128184003759364
PeMS08,6,660,-0.043225902307709355
PeMS08,6,661,-0.043648566179268745
PeMS08,6,662,-0.06414345608182487
PeMS08,6,663,-0.05526082133247186
PeMS08,6,664,-0.06313103513205161
PeMS08,6,665,-0.06475962706433054
PeMS08,6,666,-0.07424968566237436
PeMS08,6,667,-0.07544327322815848
PeMS08,6,668,-0.0749777207847096
PeMS08,6,669,-0.07559450909964552
PeMS08,6,670,-0.07858980817725374
PeMS08,6,671,-0.07297577547745944
PeMS08,6,672,-0.07330279132725437
PeMS08,6,673,-0.07545662278328133
PeMS08,6,674,-0.06415362226706108
PeMS08,6,675,-0.05011605172094699
PeMS08,6,676,-0.03438645033851978
PeMS08,6,677,-0.02538948543572944
PeMS08,6,678,-0.024616985814672882
PeMS08,6,679,-0.0059781655308529065
PeMS08,6,680,-0.002598165380119496
PeMS08,6,681,0.006004412420661409
PeMS08,6,682,0.017237729607657844
PeMS08,6,683,-0.0004299032065436771
PeMS08,6,684,0.017602466401456834
PeMS08,6,685,0.008518190911747416
PeMS08,6,686,-0.006405399956202573
PeMS08,6,687,0.0003664421502197266
PeMS08,6,688,-0.005574794401786924
PeMS08,6,689,-0.01111170405506346
PeMS08,6,690,-0.030547626824438512
PeMS08,6,691,-0.023074021822848408
PeMS08,6,692,-0.03119634569288679
PeMS08,6,693,-0.03555623516145101
PeMS08,6,694,-0.02841373130452898
PeMS08,6,695,-0.03648714283230107
PeMS08,6,696,-0.022046407088713523
PeMS08,6,697,-0.01650580966527324
PeMS08,6,698,-0.005937193247817522
PeMS08,6,699,-0.0030759794468536625
PeMS08,6,700,0.01319540330129378
PeMS08,6,701,0.01834205956906575
PeMS08,6,702,0.03570034603519764
PeMS08,6,703,0.03774566831558513
PeMS08,6,704,0.05106689305673022
PeMS08,6,705,0.052553851070127035
PeMS08,6,706,0.06196001963557227
PeMS08,6,707,0.057026570332374765
PeMS08,6,708,0.053718231566057116
PeMS08,6,709,0.0385653122171219
PeMS08,6,710,0.04575399269214791
PeMS08,6,711,0.05582534619893208
PeMS08,6,712,0.04775306096815102
PeMS08,6,713,0.05480490608916159
PeMS08,6,714,0.046409346630820955
PeMS08,6,715,0.0661182453717681
PeMS08,6,716,0.07748030096763149
PeMS08,6,717,0.08237301363505417
PeMS08,6,718,0.09818813634158431
PeMS08,6,719,0.09714716210944857
PeMS08,6,720,0.11255598308887417
PeMS08,6,721,0.09400670511063187
PeMS08,6,722,0.09779789953041967
PeMS08,6,723,0.08139210264679529
PeMS08,6,724,0.07156847339150643
PeMS08,6,725,0.05483074105042309
PeMS08,6,726,0.04561023304160913
PeMS08,6,727,0.042829242885090886
PeMS08,6,728,0.031446091808878335
PeMS08,6,729,0.03444228590849307
PeMS08,6,730,0.029393937774448212
PeMS08,6,731,0.022791147311726743
PeMS08,6,732,0.0242417334153403
PeMS08,6,733,0.04037104338534577
PeMS08,6,734,0.05164944931480854
PeMS08,6,735,0.045820863658580346
PeMS08,6,736,0.04145911063788106
PeMS08,6,737,0.03870932491342704
PeMS08,6,738,0.03182265220070725
PeMS08,6,739,0.017008697340076154
PeMS08,6,740,-0.0010754834582392206
PeMS08,6,741,0.0004157659836474482
PeMS08,6,742,-0.020502330618716317
PeMS08,6,743,-0.026259050555851732
PeMS08,6,744,-0.0464150395816979
PeMS08,6,745,-0.05516592856267022
PeMS08,6,746,-0.06193236573889799
PeMS08,6,747,-0.056896426795801126
PeMS08,6,748,-0.058398861722635684
PeMS08,6,749,-0.05985171909333403
PeMS08,6,750,-0.032147637109800974
PeMS08,6,751,-0.0343415423496801
PeMS08,6,752,-0.030794294798283977
PeMS08,6,753,-0.021864212067011266
PeMS08,6,754,-0.02243822054931839
PeMS08,6,755,-0.018963690263989346
PeMS08,6,756,-0.013900326148604508
PeMS08,6,757,-0.024138864487632954
PeMS08,6,758,-0.012328921788741145
PeMS08,6,759,-0.01981213227491014
PeMS08,6,760,-0.015887704516672502
PeMS08,6,761,-0.037350685086303015
PeMS08,6,762,-0.03763636338965289
PeMS08,6,763,-0.032052382748905685
PeMS08,6,764,-0.02385683659142311
PeMS08,6,765,-0.02657068440972743
PeMS08,6,766,-0.01705434110776875
PeMS08,6,767,-0.014484450903031475
PeMS08,6,768,-0.014237702871987149
PeMS08,6,769,-0.01892011139852391
PeMS08,6,770,-0.0004100261788226669
PeMS08,6,771,-0.0017185068907345036
PeMS08,6,772,-6.577451492419176e-05
PeMS08,6,773,-0.012211859046428486
PeMS08,6,774,-0.011713952129038498
PeMS08,6,775,-0.014029692943477527
PeMS08,6,776,-0.017340721183191528
PeMS08,6,777,-0.023172252504643456
PeMS08,6,778,-0.02180344445220753
PeMS08,6,779,-0.02556364486320628
PeMS08,6,780,-0.023063420082187026
PeMS08,6,781,-0.02007968731215196
PeMS08,6,782,-0.020167797899625917
PeMS08,6,783,-0.021847384698122592
PeMS08,6,784,-0.011164114976277244
PeMS08,6,785,-0.02223520344103722
PeMS08,6,786,-0.0299781790251001
PeMS08,6,787,-0.02793904089203433
PeMS08,6,788,-0.025288856603991897
PeMS08,6,789,-0.03883263666332117
PeMS08,6,790,-0.04989537611906638
PeMS08,6,791,-0.04479195641373033
PeMS08,6,792,-0.05319299001744669
PeMS08,6,793,-0.07286995132469896
PeMS08,6,794,-0.06456643228744563
PeMS08,6,795,-0.07846680801959459
PeMS08,6,796,-0.0836011966660626
PeMS08,6,797,-0.07986753219492003
PeMS08,6,798,-0.06672243931747733
PeMS08,6,799,-0.07249341810850754
PeMS08,6,800,-0.08004270031410715
PeMS08,6,801,-0.07978660799963662
PeMS08,6,802,-0.07167801081399677
PeMS08,6,803,-0.0664564835546556
PeMS08,6,804,-0.06344278539695665
PeMS08,6,805,-0.06744662287919101
PeMS08,6,806,-0.05790973625456617
PeMS08,6,807,-0.0539587669999696
PeMS08,6,808,-0.051669250760682225
PeMS08,6,809,-0.05839948974806547
PeMS08,6,810,-0.049825208126300376
PeMS08,6,811,-0.05123100667611172
PeMS08,6,812,-0.05480091348808734
PeMS08,6,813,-0.056416909737578486
PeMS08,6,814,-0.05312579232579845
PeMS08,6,815,-0.05799930983873849
PeMS08,6,816,-0.03889509070144727
PeMS08,6,817,-0.04722175614661924
PeMS08,6,818,-0.04394897481522286
PeMS08,6,819,-0.03861319037230838
PeMS08,6,820,-0.02527605546603378
PeMS08,6,821,-0.03021645243028793
PeMS08,6,822,-0.019238042400419667
PeMS08,6,823,-0.009461792187004336
PeMS08,6,824,-0.012048884929289575
PeMS08,6,825,-0.022832066723363586
PeMS08,6,826,-0.03766209581961643
PeMS08,6,827,-0.03194069647852392
PeMS08,6,828,-0.043403629246335236
PeMS08,6,829,-0.05103555855476087
PeMS08,6,830,-0.049176403765335025
PeMS08,6,831,-0.06315312324933268
PeMS08,6,832,-0.04754253632809015
PeMS08,6,833,-0.04913448845931884
PeMS08,6,834,-0.05696263718684184
PeMS08,6,835,-0.04987980703312632
PeMS08,6,836,-0.039986062051124344
PeMS08,6,837,-0.02707829922048209
PeMS08,6,838,-0.018060434184444585
PeMS08,6,839,-0.000540057118183666
PeMS08,6,840,0.011581105836495935
PeMS08,6,841,0.020877511964908318
PeMS08,6,842,0.03570127890020948
PeMS08,6,843,0.046358440511285036
PeMS08,6,844,0.05648714956895197
PeMS08,6,845,0.06445428670167566
PeMS08,6,846,0.05657690412762599
PeMS08,6,847,0.06204226335146707
PeMS08,6,848,0.05471271432659576
PeMS08,6,849,0.04303012025037486
PeMS08,6,850,0.05209799738504953
PeMS08,6,851,0.050242083702707586
PeMS08,6,852,0.03988005235875846
PeMS08,6,853,0.05988639674506505
PeMS08,6,854,0.06366141456867201
PeMS08,6,855,0.08087892094139133
PeMS08,6,856,0.09127413629987961
PeMS08,6,857,0.09914304065046985
PeMS08,6,858,0.12874736614487658
PeMS08,6,859,0.13162054229862347
PeMS08,6,860,0.15386479161217262
PeMS08,6,861,0.16785112893141416
PeMS08,6,862,0.1757010599675347
PeMS08,6,863,0.19363419792692788
PeMS08,6,864,0.20568151902889162
PeMS08,6,865,0.18970969374535973
PeMS08,6,866,0.16714491922205438
PeMS08,6,867,0.15507156190036314
PeMS08,6,868,0.133298576019821
PeMS08,6,869,0.11066644200493884
PeMS08,6,870,0.0892651757389684
PeMS08,6,871,0.07010829433913972
PeMS08,6,872,0.05246352217475009
PeMS08,6,873,0.05035948188639576
PeMS08,6,874,0.05400428750685694
PeMS08,6,875,0.05944882392010103
PeMS08,6,876,0.06873297974047245
PeMS08,6,877,0.07375237432064481
PeMS08,6,878,0.0787424641778901
PeMS08,6,879,0.0898382568596302
PeMS08,6,880,0.09001950927997403
PeMS08,6,881,0.08891752825016691
PeMS08,6,882,0.09524035413233263
PeMS08,6,883,0.07626120618570881
PeMS08,6,884,0.07038421228279527
PeMS08,6,885,0.06467484529846627
PeMS08,6,886,0.0459010465152837
PeMS08,6,887,0.02912089421018156
PeMS08,6,888,0.005151420913473875
PeMS08,6,889,0.006381953552221345
PeMS08,6,890,-0.002631436912167629
PeMS08,6,891,-0.019307326412586402
PeMS08,6,892,-0.015179789929033486
PeMS08,6,893,-0.021707678402107602
PeMS08,6,894,-0.011669183105872085
PeMS08,6,895,-0.00012477582966015062
PeMS08,6,896,-0.012889203628507873
PeMS08,6,897,-0.0011393688042816371
PeMS08,6,898,0.010606450155841517
PeMS08,6,899,-0.005104758581623046
PeMS08,6,900,0.004020856834037841
PeMS08,6,901,0.012251443617711105
PeMS08,6,902,0.013093134013967373
PeMS08,6,903,0.009947971082336679
PeMS08,6,904,0.013342289177577378
PeMS08,6,905,0.01124155139943614
PeMS08,6,906,0.020010626287807472
PeMS08,6,907,0.025970076747752764
PeMS08,6,908,0.016448363682700168
PeMS08,6,909,0.008755926792781386
PeMS08,6,910,0.013126873403038915
PeMS08,6,911,0.018426719145046573
PeMS08,6,912,0.016146168874434586
PeMS08,6,913,0.018982958495648246
PeMS08,6,914,0.026215101352530704
PeMS08,6,915,0.026166737295373953
PeMS08,6,916,0.028833519034531407
PeMS08,6,917,0.02225409569545216
PeMS08,6,918,0.025748328208727383
PeMS08,6,919,0.0204564946983378
PeMS08,6,920,0.017618638339162464
PeMS08,6,921,0.004721153540746293
PeMS08,6,922,0.00586819156282185
PeMS08,6,923,0.012100092284168973
PeMS08,6,924,0.002391048546221327
PeMS08,6,925,0.0056033851685464205
PeMS08,6,926,0.002276971957343934
PeMS08,6,927,0.018550633324523613
PeMS08,6,928,0.022893672643749648
PeMS08,6,929,0.0258974574248055
PeMS08,6,930,0.03161392966669638
PeMS08,6,931,0.01920780629015688
PeMS08,6,932,0.013782215592416753
PeMS08,6,933,0.014868602862666348
PeMS08,6,934,0.007878258650577697
PeMS08,6,935,-0.015787847902642267
PeMS08,6,936,-0.020363791940782538
PeMS08,6,937,-0.03866500367830745
PeMS08,6,938,-0.045857103418153924
PeMS08,6,939,-0.05646506009467542
PeMS08,6,940,-0.05857118263197079
PeMS08,6,941,-0.07193645020560308
PeMS08,6,942,-0.06848417799966248
PeMS08,6,943,-0.07885974981355938
PeMS08,6,944,-0.058136437047732976
PeMS08,6,945,-0.06576427478541087
PeMS08,6,946,-0.05384855801850213
PeMS08,6,947,-0.04279746585590194
PeMS08,6,948,-0.04396923493900372
PeMS08,6,949,-0.029793022452626716
PeMS08,6,950,-0.02407501992760792
PeMS08,6,951,-0.008938848528092567
PeMS08,6,952,-0.00879109401961657
PeMS08,6,953,-0.013706158890556003
PeMS08,6,954,-0.014838715379049322
PeMS08,6,955,-0.012124501723550679
PeMS08,6,956,-0.012081349243727385
PeMS08,6,957,-0.03567119438971917
PeMS08,6,958,-0.04400034771622877
PeMS08,6,959,-0.05462438836267924
PeMS08,6,960,-0.07386501783880578
PeMS08,6,961,-0.060527218451240206
PeMS08,6,962,-0.05863467100800749
PeMS08,6,963,-0.050300234561848824
PeMS08,6,964,-0.0499858043804246
PeMS08,6,965,-0.04318112110794178
PeMS08,6,966,-0.041887446709087006
PeMS08,6,967,-0.019019998123339245
PeMS08,6,968,-0.0009729329642075124
PeMS08,6,969,0.008443866699370205
PeMS08,6,970,0.01980550375007775
PeMS08,6,971,0.023242750770357014
PeMS08,6,972,0.02888535596638271
PeMS08,6,973,0.015608509669398793
PeMS08,6,974,0.025570765538843764
PeMS08,6,975,0.037086620154224065
PeMS08,6,976,0.029496216868822058
PeMS08,6,977,0.011968567520795096
PeMS08,6,978,0.007178250648367901
PeMS08,6,979,0.003023578740677794
PeMS08,6,980,0.001653718133191676
PeMS08,6,981,-0.007442907561851607
PeMS08,6,982,0.008590478632103068
PeMS08,6,983,0.002321544084091542
PeMS08,6,984,0.0032349653068866036
PeMS08,6,985,0.006050939741936265
PeMS08,6,986,0.012088894566779508
PeMS08,6,987,0.03480738424461337
PeMS08,6,988,0.02781447078140507
PeMS08,6,989,0.03621630103094402
PeMS08,6,990,0.027974773461865488
PeMS08,6,991,0.029533603844501738
PeMS08,6,992,0.03838458831856133
PeMS08,6,993,0.027167757853470188
PeMS08,6,994,0.03342929369671075
PeMS08,6,995,0.024265057670456412
PeMS08,6,996,0.017453260489472697
PeMS08,6,997,0.008769723788957868
PeMS08,6,998,0.017218108832580667
PeMS08,6,999,0.01712324568816143
PeMS08,6,1000,0.025229904382596226
PeMS08,6,1001,0.03260720584955535
PeMS08,6,1002,0.03191795789537462
PeMS08,6,1003,0.04761349544781059
PeMS08,6,1004,0.06251200767924779
PeMS08,6,1005,0.0661266750834788
PeMS08,6,1006,0.0825852240135118
PeMS08,6,1007,0.09103020840085708
PeMS08,6,1008,0.0981998116835789
PeMS08,6,1009,0.0925428317502851
PeMS08,6,1010,0.0911602022735809
PeMS08,6,1011,0.07786699548765776
PeMS08,6,1012,0.07371728071994939
PeMS08,6,1013,0.07676258010701265
PeMS08,6,1014,0.061267140452833845
PeMS08,6,1015,0.057894005466057934
PeMS08,6,1016,0.0447666289971941
PeMS08,6,1017,0.046673025291089625
PeMS08,6,1018,0.04182594000565277
PeMS08,6,1019,0.03299487108909916
PeMS08,6,1020,0.03645401046524068
PeMS08,6,1021,0.03713021751871589
PeMS08,6,1022,0.05249494635541119
PeMS08,6,1023,0.03794901130268785
PeMS08,6,1024,0.044565992348989655
PeMS08,6,1025,0.03255534509476467
PeMS08,6,1026,0.022834123836712274
PeMS08,6,1027,0.0341100483143673
PeMS08,6,1028,0.030276731955605034
PeMS08,6,1029,0.019036315955414516
PeMS08,6,1030,-0.001506490321150944
PeMS08,6,1031,-0.011361021221064515
PeMS08,6,1032,-0.020760720807468377
PeMS08,6,1033,-0.027746968424132584
PeMS08,6,1034,-0.04185272688269918
PeMS08,6,1035,-0.06613722235572249
PeMS08,6,1036,-0.05757060682347634
PeMS08,6,1037,-0.06944251006688273
PeMS08,6,1038,-0.06441698218367857
PeMS08,6,1039,-0.06901086859548736
PeMS08,6,1040,-0.058610859169061
PeMS08,6,1041,-0.04937134807977149
PeMS08,6,1042,-0.04677700226862395
PeMS08,6,1043,-0.05196178439084061
PeMS08,6,1044,-0.03000767996673704
PeMS08,6,1045,-0.039841328471650464
PeMS08,6,1046,-0.03131909640077439
PeMS08,6,1047,-0.03936835474939434
PeMS08,6,1048,-0.03576750404658991
PeMS08,6,1049,-0.03760778110732598
PeMS08,6,1050,-0.02753575708130499
PeMS08,6,1051,-0.034396513591845444
PeMS08,6,1052,-0.024588067114558028
PeMS08,6,1053,-0.01468519010590498
PeMS08,6,1054,-0.01234011211023052
PeMS08,6,1055,-0.011576428236289628
PeMS08,6,1056,-0.02369014929974188
PeMS08,6,1057,-0.01623753520487956
PeMS08,6,1058,-0.0032021844252816817
PeMS08,6,1059,0.0013387249159702546
PeMS08,6,1060,0.004758017795170034
PeMS08,6,1061,-0.003229586815979826
PeMS08,6,1062,-0.008178722248862317
PeMS08,6,1063,-0.009006611026468702
PeMS08,6,1064,-0.0011676572397456009
PeMS08,6,1065,-0.004084680127780013
PeMS08,6,1066,-0.01276353923267324
PeMS08,6,1067,-0.013313913761292753
PeMS08,6,1068,-0.01956676763221523
PeMS08,6,1069,-0.017303962926989856
PeMS08,6,1070,-0.02197906185846508
PeMS08,6,1071,-0.02309187359484659
PeMS08,6,1072,-0.012490988355983723
PeMS08,6,1073,-0.017470964608580025
PeMS08,6,1074,-0.023144801183924382
PeMS08,6,1075,-0.02085957378148895
PeMS08,6,1076,-0.01526144321493077
PeMS08,6,1077,-0.021302984498012014
PeMS08,6,1078,-0.03841828123041304
PeMS08,6,1079,-0.03216633115359544
PeMS08,6,1080,-0.033895189333752865
PeMS08,6,1081,-0.0456665653110417
PeMS08,6,1082,-0.04502959698676129
PeMS08,6,1083,-0.04495826885539637
PeMS08,6,1084,-0.04501615935785413
PeMS08,6,1085,-0.04361070216278412
PeMS08,6,1086,-0.031969381727679144
PeMS08,6,1087,-0.038957692927818255
PeMS08,6,1088,-0.048954509656555005
PeMS08,6,1089,-0.05373510624574775
PeMS08,6,1090,-0.06475181700060274
PeMS08,6,1091,-0.06132715494410094
PeMS08,6,1092,-0.05840888437361283
PeMS08,6,1093,-0.057442457023244145
PeMS08,6,1094,-0.059920088442464416
PeMS08,6,1095,-0.06092246463404247
PeMS08,6,1096,-0.05013387087967252
PeMS08,6,1097,-0.03983256447160327
PeMS08,6,1098,-0.024649143899097982
PeMS08,6,1099,-0.030806986531853296
PeMS08,6,1100,-0.03114845322943971
PeMS08,6,1101,-0.030609751750673212
PeMS08,6,1102,-0.028806592273205745
PeMS08,6,1103,-0.027003492889993413
PeMS08,6,1104,-0.030814701673744657
PeMS08,6,1105,-0.021306819448988504
PeMS08,6,1106,-0.013692351557952365
PeMS08,6,1107,-0.01192148147400615
PeMS08,6,1108,-0.0032089200501378167
PeMS08,6,1109,0.0006961985110047759
PeMS08,6,1110,0.0112488862513017
PeMS08,6,1111,0.00936133436221358
PeMS08,6,1112,0.007251921800486059
PeMS08,6,1113,0.01314100550706494
PeMS08,6,1114,0.012453757353012554
PeMS08,6,1115,0.011747881163199735
PeMS08,6,1116,0.005904816292884288
PeMS08,6,1117,-0.020063811393022282
PeMS08,6,1118,-0.021252399880203984
PeMS08,6,1119,-0.032812315940954136
PeMS08,6,1120,-0.0419535741349664
PeMS08,6,1121,-0.046501895347207486
PeMS08,6,1122,-0.05048954953455757
PeMS08,6,1123,-0.053619759782214
PeMS08,6,1124,-0.045416460994291315
PeMS08,6,1125,-0.0432042640180986
PeMS08,6,1126,-0.03470518824723616
PeMS08,6,1127,-0.013717657278957783
PeMS08,6,1128,-0.0030898116328514475
PeMS08,6,1129,0.01309917364592422
PeMS08,6,1130,0.024673142149353764
PeMS08,6,1131,0.036679071219863524
PeMS08,6,1132,0.04177444935493946
PeMS08,6,1133,0.038001734181357404
PeMS08,6,1134,0.036077507499581433
PeMS08,6,1135,0.02683497859663427
PeMS08,6,1136,0.02525268931301789
PeMS08,6,1137,0.030851037904278757
PeMS08,6,1138,0.01674648436131771
PeMS08,6,1139,0.024404938217845153
PeMS08,6,1140,0.022634266638019793
PeMS08,6,1141,0.01973718550411018
PeMS08,6,1142,0.012394109793882216
PeMS08,6,1143,0.025834856610983323
PeMS08,6,1144,0.036018451782752474
PeMS08,6,1145,0.06558343296890128
PeMS08,6,1146,0.0902892575179373
PeMS08,6,1147,0.10704222530198301
PeMS08,6,1148,0.12400954137610147
PeMS08,6,1149,0.1512414392800226
PeMS08,6,1150,0.15899538452512157
PeMS08,6,1151,0.1779230736881156
PeMS08,6,1152,0.1757173089018262
PeMS08,6,1153,0.17555891183899375
PeMS08,6,1154,0.16884013947562235
PeMS08,6,1155,0.1422670454040588
PeMS08,6,1156,0.13368330682671928
PeMS08,6,1157,0.09961062171977547
PeMS08,6,1158,0.0864298502650994
PeMS08,6,1159,0.047465996967315176
PeMS08,6,1160,0.03340995931130115
PeMS08,6,1161,0.011203764134343255
PeMS08,6,1162,-0.00314701475518464
PeMS08,6,1163,0.0015142018318406658
PeMS08,6,1164,-0.005718802152221235
PeMS08,6,1165,-0.007533811184707524
PeMS08,6,1166,0.006331405296137397
PeMS08,6,1167,0.015427921120139415
PeMS08,6,1168,0.032502222566679256
PeMS08,6,1169,0.04130740589184319
PeMS08,6,1170,0.04682296226696399
PeMS08,6,1171,0.0508957273233336
PeMS08,6,1172,0.05041785862559312
PeMS08,6,1173,0.032494486663742043
PeMS08,6,1174,0.03266698082135909
PeMS08,6,1175,0.024610458648413765
PeMS08,6,1176,0.0203672075906218
PeMS08,6,1177,0.007191445020062178
PeMS08,6,1178,-0.006816778347238955
PeMS08,6,1179,-0.013186522428495372
PeMS08,6,1180,-0.018868255336425773
PeMS08,6,1181,-0.036352034626631634
PeMS08,6,1182,-0.03357598241608613
PeMS08,6,1183,-0.048132083865675086
PeMS08,6,1184,-0.0458453049003072
PeMS08,6,1185,-0.040714607864043746
PeMS08,6,1186,-0.04131480283080306
PeMS08,6,1187,-0.042940197962543565
PeMS08,6,1188,-0.03914055046109744
PeMS08,6,1189,-0.02132597489486073
PeMS08,6,1190,-0.023771107482401396
PeMS08,6,1191,-0.012492589578423018
PeMS08,6,1192,0.0005827832023135117
PeMS08,6,1193,-0.0015607742954368167
PeMS08,6,1194,-0.0016631074593016705
PeMS08,6,1195,0.002773981420399451
PeMS08,6,1196,0.007873235639683788
PeMS08,6,1197,0.0019111291301856658
PeMS08,6,1198,0.004551002420711367
PeMS08,6,1199,0.0016747434281415476
PeMS08,6,1200,0.0029934642595871885
PeMS08,6,1201,-0.010764675561020993
PeMS08,6,1202,-0.023402496593462614
PeMS08,6,1203,-0.026466851618743365
PeMS08,6,1204,-0.03201365382641803
PeMS08,6,1205,-0.04477256596363612
PeMS08,6,1206,-0.03187480685875829
PeMS08,6,1207,-0.041738808913973094
PeMS08,6,1208,-0.043840778217657105
PeMS08,6,1209,-0.03833930538956818
PeMS08,6,1210,-0.040928450680172174
PeMS08,6,1211,-0.027879799771683964
PeMS08,6,1212,-0.03924922491927523
PeMS08,6,1213,-0.02343248531637069
PeMS08,6,1214,-0.014004007558376112
PeMS08,6,1215,-0.014837543060839687
PeMS08,6,1216,-0.013942304216593843
PeMS08,6,1217,-0.002532876222264418
PeMS08,6,1218,0.006729534820562583
PeMS08,6,1219,-0.005619263831169101
PeMS08,6,1220,-0.009917913878306758
PeMS08,6,1221,-0.008129771855353591
PeMS08,6,1222,-0.009239098215053018
PeMS08,6,1223,-0.019485534955723572
PeMS08,6,1224,-0.026255080955952196
PeMS08,6,1225,-0.02976389635687684
PeMS08,6,1226,-0.039996878854290076
PeMS08,6,1227,-0.04027549360455989
PeMS08,6,1228,-0.029569053671757085
PeMS08,6,1229,-0.04569854613854847
PeMS08,6,1230,-0.037193286118168
PeMS08,6,1231,-0.039016445041500106
PeMS08,6,1232,-0.01867789741558062
PeMS08,6,1233,-0.028945419852859294
PeMS08,6,1234,-0.0362369453167648
PeMS08,6,1235,-0.03798797950783842
PeMS08,6,1236,-0.042707876088045396
PeMS08,6,1237,-0.04399341647606531
PeMS08,6,1238,-0.0535906542364452
PeMS08,6,1239,-0.0545872557028765
PeMS08,6,1240,-0.053313813487347185
PeMS08,6,1241,-0.0618478372532019
PeMS08,6,1242,-0.06794800522412947
PeMS08,6,1243,-0.06785071889356008
PeMS08,6,1244,-0.05107516993290885
PeMS08,6,1245,-0.05825569639552079
PeMS08,6,1246,-0.058274048385864634
PeMS08,6,1247,-0.0687223777243223
PeMS08,6,1248,-0.05948060019695656
PeMS08,6,1249,-0.05457659855903508
PeMS08,6,1250,-0.05088249131967554
PeMS08,6,1251,-0.048021723619708974
PeMS08,6,1252,-0.046239005164934434
PeMS08,6,1253,-0.048697719010977886
PeMS08,6,1254,-0.055613741288904
PeMS08,6,1255,-0.03736879372632844
PeMS08,6,1256,-0.03192888597970038
PeMS08,6,1257,-0.020209708583056863
PeMS08,6,1258,-0.017466065757773708
PeMS08,6,1259,-0.02491606365413252
PeMS08,6,1260,-0.00867507487887959
PeMS08,6,1261,-0.004263617232879441
PeMS08,6,1262,0.002890646231704453
PeMS08,6,1263,-0.006163529730969321
PeMS08,6,1264,-0.008788291272199966
PeMS08,6,1265,-0.016686623196862323
PeMS08,6,1266,-0.015581172664108491
PeMS08,6,1267,-0.022173469510797118
PeMS08,6,1268,-0.029980858725490642
PeMS08,6,1269,-0.02674250599934252
PeMS08,6,1270,-0.02623585056729448
PeMS08,6,1271,-0.02293930221959237
PeMS08,6,1272,-0.01576192461179632
PeMS08,6,1273,-0.003494062726851645
PeMS08,6,1274,-0.00834321281767949
PeMS08,6,1275,0.0037168485244159577
PeMS08,6,1276,0.011782922457364677
PeMS08,6,1277,0.015862802065832324
PeMS08,6,1278,0.017522097515279104
PeMS08,6,1279,0.020417629416074834
PeMS08,6,1280,0.01466436537182984
PeMS08,6,1281,0.015791997129219748
PeMS08,6,1282,0.0189168019673788
PeMS08,6,1283,0.017659840008140568
PeMS08,6,1284,0.006787356252105223
PeMS08,6,1285,0.00648735541583443
PeMS08,6,1286,0.013771383408619733
PeMS08,6,1287,0.024620637913273156
PeMS08,6,1288,0.03094735783684164
PeMS08,6,1289,0.03310091259286093
PeMS08,6,1290,0.04368680001411002
PeMS08,6,1291,0.0640410541266797
PeMS08,6,1292,0.07362340926937869
PeMS08,6,1293,0.07621361390416398
PeMS08,6,1294,0.08722665711519552
PeMS08,6,1295,0.09216995346211597
PeMS08,6,1296,0.10185556699131415
PeMS08,6,1297,0.09640888077140553
PeMS08,6,1298,0.08853327426988705
PeMS08,6,1299,0.08807123264599521
PeMS08,6,1300,0.07920318206975674
PeMS08,6,1301,0.07798854078290327
PeMS08,6,1302,0.06275681868750521
PeMS08,6,1303,0.07620052241503819
PeMS08,6,1304,0.06729325008947097
PeMS08,6,1305,0.07364376238605254
PeMS08,6,1306,0.058955852365332045
PeMS08,6,1307,0.05323148999530569
PeMS08,6,1308,0.061501892395076745
PeMS08,6,1309,0.06244725205021691
PeMS08,6,1310,0.06864438000630796
PeMS08,6,1311,0.06429081277006965
PeMS08,6,1312,0.052125197822653714
PeMS08,6,1313,0.048611902078850903
PeMS08,6,1314,0.05032715856584875
PeMS08,6,1315,0.029461694974904383
PeMS08,6,1316,0.019487662054446478
PeMS08,6,1317,0.019313684890343578
PeMS08,6,1318,0.002965095922400412
PeMS08,6,1319,-0.00016840115159409905
PeMS08,6,1320,-0.014666686346141256
PeMS08,6,1321,-0.018239465629934226
PeMS08,6,1322,-0.013209451361449982
PeMS08,6,1323,-0.016732119026643334
PeMS08,6,1324,-0.016918648612396357
PeMS08,6,1325,-0.020950912104029724
PeMS08,6,1326,-0.03199755026108858
PeMS08,6,1327,-0.00935391409469325
PeMS08,6,1328,-0.003611772537773699
PeMS08,6,1329,-0.004189081678756059
PeMS08,6,1330,-0.01189094824022023
PeMS08,6,1331,0.0018647423980014672
PeMS08,6,1332,0.0019170303823660604
PeMS08,6,1333,0.0026983757384273404
PeMS08,6,1334,0.009610625540247289
PeMS08,6,1335,-0.0007625317975510423
PeMS08,6,1336,0.0019561184355955373
PeMS08,6,1337,0.0038283604606290083
PeMS08,6,1338,0.00016540510173010273
PeMS08,6,1339,-0.0021326069604884895
PeMS08,6,1340,-0.004508951713421395
PeMS08,6,1341,-0.003598309425922785
PeMS08,6,1342,-0.009889443886196413
PeMS08,6,1343,-0.006626303891917368
PeMS08,6,1344,-0.005358144986726434
PeMS08,6,1345,-0.006537934219647929
PeMS08,6,1346,-0.01500300073742179
PeMS08,6,1347,-0.014981800914824045
PeMS08,6,1348,-0.02270956261623848
PeMS08,6,1349,-0.005809992616895248
PeMS08,6,1350,-0.012222875784116554
PeMS08,6,1351,-0.01500307958797922
PeMS08,6,1352,-0.012747686054754239
PeMS08,6,1353,-0.011101326828431745
PeMS08,6,1354,-0.01968759580257042
PeMS08,6,1355,-0.00962679931065668
PeMS08,6,1356,-0.01324579513571658
PeMS08,6,1357,-0.01972650914801075
PeMS08,6,1358,-0.01954650628140603
PeMS08,6,1359,-0.0231120775636726
PeMS08,6,1360,-0.014872368794915903
PeMS08,6,1361,-0.019459750138191723
PeMS08,6,1362,-0.006514922278671012
PeMS08,6,1363,-0.008565412521496023
PeMS08,6,1364,-0.00441773060644418
PeMS08,6,1365,-0.011006084297309732
PeMS08,6,1366,-0.007481617437199928
PeMS08,6,1367,-0.01015004735148481
PeMS08,6,1368,-0.020443513544040778
PeMS08,6,1369,-0.019588748443209323
PeMS08,6,1370,-0.02690390246983927
PeMS08,6,1371,-0.021793903860460352
PeMS08,6,1372,-0.028509223080241865
PeMS08,6,1373,-0.03012516491310718
PeMS08,6,1374,-0.03306528663769437
PeMS08,6,1375,-0.024709904963042987
PeMS08,6,1376,-0.036997919911532666
PeMS08,6,1377,-0.046908219285987623
PeMS08,6,1378,-0.04839268497976112
PeMS08,6,1379,-0.04541689892529188
PeMS08,6,1380,-0.038157888422503755
PeMS08,6,1381,-0.04236486140148219
PeMS08,6,1382,-0.030441037407335406
PeMS08,6,1383,-0.03270759865690884
PeMS08,6,1384,-0.0409577071895726
PeMS08,6,1385,-0.03601906881328939
PeMS08,6,1386,-0.027682679504733028
PeMS08,6,1387,-0.045419372125070655
PeMS08,6,1388,-0.044776123991730296
PeMS08,6,1389,-0.0614525518414133
PeMS08,6,1390,-0.05680949605374249
PeMS08,6,1391,-0.065500832677184
PeMS08,6,1392,-0.07054092818656194
PeMS08,6,1393,-0.06305777748647073
PeMS08,6,1394,-0.058696755309420756
PeMS08,6,1395,-0.04695870408768591
PeMS08,6,1396,-0.03376435355350132
PeMS08,6,1397,-0.022330714587874875
PeMS08,6,1398,-0.020702425926063504
PeMS08,6,1399,-0.016034289451907466
PeMS08,6,1400,-0.006142086878078017
PeMS08,6,1401,-0.0018836492561688282
PeMS08,6,1402,-0.009258968573369287
PeMS08,6,1403,-0.012114676207047897
PeMS08,6,1404,-0.016826363060563405
PeMS08,6,1405,-0.023659212205980124
PeMS08,6,1406,-0.028707159314976586
PeMS08,6,1407,-0.03146542850530562
PeMS08,6,1408,-0.030964050566278524
PeMS08,6,1409,-0.039966680939930645
PeMS08,6,1410,-0.028326501735147187
PeMS08,6,1411,-0.025362249565326213
PeMS08,6,1412,-0.023070453778454212
PeMS08,6,1413,-0.011336861744583
PeMS08,6,1414,0.0057405197272852645
PeMS08,6,1415,0.014244333657391526
PeMS08,6,1416,0.02398312652310778
PeMS08,6,1417,0.023058037880988497
PeMS08,6,1418,0.04403755806361451
PeMS08,6,1419,0.048057770474706975
PeMS08,6,1420,0.046019952547511705
PeMS08,6,1421,0.04793620130131083
PeMS08,6,1422,0.040973698911678506
PeMS08,6,1423,0.034558132150463924
PeMS08,6,1424,0.023915642422053268
PeMS08,6,1425,0.022238891740215757
PeMS08,6,1426,0.022257109021798373
PeMS08,6,1427,0.018413610597705157
PeMS08,6,1428,0.007609199344979874
PeMS08,6,1429,0.017526653753995793
PeMS08,6,1430,0.003930427327747132
PeMS08,6,1431,0.01296964295526055
PeMS08,6,1432,0.01937326381712801
PeMS08,6,1433,0.01766626695172783
PeMS08,6,1434,0.04179532241618543
PeMS08,6,1435,0.05354549357370113
PeMS08,6,1436,0.061148921054962495
PeMS08,6,1437,0.08509342415708306
PeMS08,6,1438,0.0943302506372401
PeMS08,6,1439,0.1110901376021094
PeMS08,6,1440,0.13179375398555726
PeMS08,6,1441,0.12051370559135677
PeMS08,6,1442,0.11605077123632165
PeMS08,6,1443,0.09985150686968365
PeMS08,6,1444,0.08908955772243733
PeMS08,6,1445,0.07395598390432234
PeMS08,6,1446,0.05463219515244285
PeMS08,6,1447,0.04427724872841513
PeMS08,6,1448,0.026607164428254584
PeMS08,6,1449,0.017921332547286065
PeMS08,6,1450,0.017595394030525256
PeMS08,6,1451,0.025447645403470668
PeMS08,6,1452,0.03511082641404792
PeMS08,6,1453,0.03105083649980758
PeMS08,6,1454,0.042794426619946035
PeMS08,6,1455,0.04974173824818532
PeMS08,6,1456,0.047596623052177586
PeMS08,6,1457,0.04368690617785063
PeMS08,6,1458,0.0416849364876247
PeMS08,6,1459,0.04408151053976888
PeMS08,6,1460,0.031434666979420746
PeMS08,6,1461,0.034897202823239507
PeMS08,6,1462,0.028312566208724493
PeMS08,6,1463,0.0268440968834341
PeMS08,6,1464,0.0190031092412828
PeMS08,6,1465,0.01669723347661093
PeMS08,6,1466,0.019308084795000822
PeMS08,6,1467,0.0167275749401113
PeMS08,6,1468,0.014009087349832246
PeMS08,6,1469,0.012876010255542336
PeMS08,6,1470,0.01272994334875403
PeMS08,6,1471,0.0031245116170619414
PeMS08,6,1472,0.004101975743594006
PeMS08,6,1473,0.0029251671745706186
PeMS08,6,1474,-0.00412653376173715
PeMS08,6,1475,-0.010995098910174562
PeMS08,6,1476,-0.015473943372903932
PeMS08,6,1477,-0.00028284244748739317
PeMS08,6,1478,-0.013899489099459785
PeMS08,6,1479,-0.0042128692441237145
PeMS08,6,1480,-0.016745047191022034
PeMS08,6,1481,-0.015381711737736644
PeMS08,6,1482,-0.007436661764913879
PeMS08,6,1483,-0.005449151242162294
PeMS08,6,1484,0.00027155703405800155
PeMS08,6,1485,0.011294328146174698
PeMS08,6,1486,0.014732359152391924
PeMS08,6,1487,0.015240171578037675
PeMS08,6,1488,0.022900297014971958
PeMS08,6,1489,0.019597112656776598
PeMS08,6,1490,0.011537543126341246
PeMS08,6,1491,0.02357192394409593
PeMS08,6,1492,0.019764425425191683
PeMS08,6,1493,0.01134151790387489
PeMS08,6,1494,0.007107353131003876
PeMS08,6,1495,0.00314972040509539
PeMS08,6,1496,-0.0017912400889280073
PeMS08,6,1497,-0.002647367947372599
PeMS08,6,1498,-0.00687146684667714
PeMS08,6,1499,-0.016641462331517802
PeMS08,6,1500,-0.015879676499704034
PeMS08,6,1501,-0.014418457995572133
PeMS08,6,1502,-0.014167102556363591
PeMS08,6,1503,-0.00931226458545454
PeMS08,6,1504,-0.012692501203980595
PeMS08,6,1505,-0.0037958818650143744
PeMS08,6,1506,-0.0006146154276445611
PeMS08,6,1507,-0.004799785348128784
PeMS08,6,1508,-0.005226669029523583
PeMS08,6,1509,0.0021022875859558502
PeMS08,6,1510,-0.0011331526010889528
PeMS08,6,1511,-0.008860453879066891
PeMS08,6,1512,-0.02247214334804498
PeMS08,6,1513,-0.02438666649751445
PeMS08,6,1514,-0.020148939606997197
PeMS08,6,1515,-0.03389306960070377
PeMS08,6,1516,-0.037222068652810095
PeMS08,6,1517,-0.035392259853205196
PeMS08,6,1518,-0.03355287856096626
PeMS08,6,1519,-0.032607672493633555
PeMS08,6,1520,-0.029450520055925942
PeMS08,6,1521,-0.04015588321576423
PeMS08,6,1522,-0.03930422110053452
PeMS08,6,1523,-0.03355971700547785
PeMS08,6,1524,-0.036471097538261624
PeMS08,6,1525,-0.02967861725404836
PeMS08,6,1526,-0.035542302771035636
PeMS08,6,1527,-0.03799715310375484
PeMS08,6,1528,-0.034560618039809234
PeMS08,6,1529,-0.04215670635417808
PeMS08,6,1530,-0.04291592163104907
PeMS08,6,1531,-0.03457521799201204
PeMS08,6,1532,-0.04343680845391658
PeMS08,6,1533,-0.04452366409771813
PeMS08,6,1534,-0.0441950772257451
PeMS08,6,1535,-0.036458676609331914
PeMS08,6,1536,-0.04684288646656563
PeMS08,6,1537,-0.04101948848512221
PeMS08,6,1538,-0.043454329556785506
PeMS08,6,1539,-0.04402473312257694
PeMS08,6,1540,-0.04942346431472832
PeMS08,6,1541,-0.04675094224716687
PeMS08,6,1542,-0.03511263123881362
PeMS08,6,1543,-0.037446399930645184
PeMS08,6,1544,-0.03028934981743043
PeMS08,6,1545,-0.025052218506937632
PeMS08,6,1546,-0.020388203803414398
PeMS08,6,1547,-0.021731658678465975
PeMS08,6,1548,-0.018244127427461496
PeMS08,6,1549,-0.013277751653067984
PeMS08,6,1550,-0.012052518838146845
PeMS08,6,1551,-0.0100016962463466
PeMS08,6,1552,-0.018047740421527753
PeMS08,6,1553,-0.01915558254132109
PeMS08,6,1554,-0.008478524871282356
PeMS08,6,1555,-0.013937416945686157
PeMS08,6,1556,-0.016379941216105313
PeMS08,6,1557,-0.022241497869852234
PeMS08,6,1558,-0.01535726048046562
PeMS08,6,1559,-0.017139522953990988
PeMS08,6,1560,-0.0158755608676473
PeMS08,6,1561,-0.00779929011350221
PeMS08,6,1562,-0.0063561755911339165
PeMS08,6,1563,0.007728629567766285
PeMS08,6,1564,0.016577991461066456
PeMS08,6,1565,0.014635919839594058
PeMS08,6,1566,0.029679162977209007
PeMS08,6,1567,0.03829151981218923
PeMS08,6,1568,0.023230468367859643
PeMS08,6,1569,0.022351605987816714
PeMS08,6,1570,0.025137429003263094
PeMS08,6,1571,0.02998787685887144
PeMS08,6,1572,0.024758270553750978
PeMS08,6,1573,0.020854371100066074
PeMS08,6,1574,0.029763778874545718
PeMS08,6,1575,0.036215988763692794
PeMS08,6,1576,0.036708771555982254
PeMS08,6,1577,0.034336250168152525
PeMS08,6,1578,0.04863028322315819
PeMS08,6,1579,0.05155620291782313
PeMS08,6,1580,0.059797105354598944
PeMS08,6,1581,0.059084957901483326
PeMS08,6,1582,0.0654764634642441
PeMS08,6,1583,0.07978778745213808
PeMS08,6,1584,0.07028570269769088
PeMS08,6,1585,0.07205173216837764
PeMS08,6,1586,0.07362982546643881
PeMS08,6,1587,0.06315581901556888
PeMS08,6,1588,0.05591231638234116
PeMS08,6,1589,0.05560618908189073
PeMS08,6,1590,0.04566385546008901
PeMS08,6,1591,0.042973443360935414
PeMS08,6,1592,0.036633292554230014
PeMS08,6,1593,0.02381661866437104
PeMS08,6,1594,0.03311678657989445
PeMS08,6,1595,0.032996856272363324
PeMS08,6,1596,0.03340756998428795
PeMS08,6,1597,0.02652680203395506
PeMS08,6,1598,0.027987648636919056
PeMS08,6,1599,0.02385634069551824
PeMS08,6,1600,0.02583498453902776
PeMS08,6,1601,0.014866119629839927
PeMS08,6,1602,0.005969923014396578
PeMS08,6,1603,0.007476272638930507
PeMS08,6,1604,0.008980654422624959
PeMS08,6,1605,0.004886453774903633
PeMS08,6,1606,-0.005207124798312356
PeMS08,6,1607,-0.0003828396251830728
PeMS08,6,1608,0.0031703749995280026
PeMS08,6,1609,0.004442057780967036
PeMS08,6,1610,0.004816124011205037
PeMS08,6,1611,0.012645291238635697
PeMS08,6,1612,0.011298297053808273
PeMS08,6,1613,0.01355368588553137
PeMS08,6,1614,0.010520876463112167
PeMS08,6,1615,0.014302505684742844
PeMS08,6,1616,0.0014908058445224572
PeMS08,6,1617,0.008023204674556134
PeMS08,6,1618,0.006179013626307452
PeMS08,6,1619,0.0027127617104955788
PeMS08,6,1620,-0.00032558775156452005
PeMS08,6,1621,5.306619117776955e-05
PeMS08,6,1622,-0.0029116450076462786
PeMS08,6,1623,-0.0065606902227344005
PeMS08,6,1624,-0.008877001812121895
PeMS08,6,1625,-0.013059534017206952
PeMS08,6,1626,-0.0025811394739366114
PeMS08,6,1627,0.002134168957932836
PeMS08,6,1628,0.017409648178448166
PeMS08,6,1629,0.013623868228165617
PeMS08,6,1630,0.028304808950944386
PeMS08,6,1631,0.034041634276097604
PeMS08,6,1632,0.03044586846613084
PeMS08,6,1633,0.04131872269761579
PeMS08,6,1634,0.03264512800153741
PeMS08,6,1635,0.036513814516188486
PeMS08,6,1636,0.024809826324518856
PeMS08,6,1637,0.013954187257506296
PeMS08,6,1638,0.011049241901267602
PeMS08,6,1639,-0.0007126652297370615
PeMS08,6,1640,0.00267991525758566
PeMS08,6,1641,-0.010274074179729907
PeMS08,6,1642,-0.014132196010855616
PeMS08,6,1643,-0.011993091232302772
PeMS08,6,1644,-0.015838046874519545
PeMS08,6,1645,-0.01139250869772359
PeMS08,6,1646,-0.012367901751651152
PeMS08,6,1647,-0.01158910000394761
PeMS08,6,1648,0.0024520200164596146
PeMS08,6,1649,-0.005357449478035018
PeMS08,6,1650,0.002057751724038582
PeMS08,6,1651,-0.005480286831633661
PeMS08,6,1652,0.002045921777647985
PeMS08,6,1653,-0.014334556508472132
PeMS08,6,1654,-0.02463187186930282
PeMS08,6,1655,-0.02519025722542767
PeMS08,6,1656,-0.022845663210474328
PeMS08,6,1657,-0.03355197561355275
PeMS08,6,1658,-0.033427199436222126
PeMS08,6,1659,-0.03026421861872329
PeMS08,6,1660,-0.026051976554439443
PeMS08,6,1661,-0.029487826372271937
PeMS08,6,1662,-0.024785481423990702
PeMS08,6,1663,-0.026882292107167808
PeMS08,6,1664,-0.031802206979697406
PeMS08,6,1665,-0.02887082121216952
PeMS08,6,1666,-0.032078994970242504
PeMS08,6,1667,-0.031714497151135855
PeMS08,6,1668,-0.04074278748202467
PeMS08,6,1669,-0.03535109337330839
PeMS08,6,1670,-0.03832483889502759
PeMS08,6,1671,-0.032781377310643095
PeMS08,6,1672,-0.04215230069781979
PeMS08,6,1673,-0.040272348365131
PeMS08,6,1674,-0.043243749512328435
PeMS08,6,1675,-0.055389348868828396
PeMS08,6,1676,-0.042933708276594366
PeMS08,6,1677,-0.04685040624775333
PeMS08,6,1678,-0.04640815275970603
PeMS08,6,1679,-0.050148029064741924
PeMS08,6,1680,-0.056505159831583635
PeMS08,6,1681,-0.05411341469736847
PeMS08,6,1682,-0.04489182720568692
PeMS08,6,1683,-0.028826581572555538
PeMS08,6,1684,-0.03397298853500101
PeMS08,6,1685,-0.03364584819280329
PeMS08,6,1686,-0.02742721269479759
PeMS08,6,1687,-0.019073134264703855
PeMS08,6,1688,-0.009579668885150758
PeMS08,6,1689,-0.00729726668584452
PeMS08,6,1690,-0.00548468261244118
PeMS08,6,1691,-0.0008281180160919717
PeMS08,6,1692,0.003743516197992371
PeMS08,6,1693,-0.004113025106817212
PeMS08,6,1694,-0.009209429556688352
PeMS08,6,1695,-0.010802678627051143
PeMS08,6,1696,-0.01662362454195208
PeMS08,6,1697,-0.018916575522897206
PeMS08,6,1698,-0.02233351849415543
PeMS08,6,1699,-0.024209006587292806
PeMS08,6,1700,-0.01191931912729882
PeMS08,6,1701,-0.020923613726871647
PeMS08,6,1702,-0.004290107734453097
PeMS08,6,1703,-0.001328843735335904
PeMS08,6,1704,0.01876250853072596
PeMS08,6,1705,0.028915695981546415
PeMS08,6,1706,0.04003597669546717
PeMS08,6,1707,0.04329050261442734
PeMS08,6,1708,0.04987004005616197
PeMS08,6,1709,0.06107580607428096
PeMS08,6,1710,0.04744683711490166
PeMS08,6,1711,0.04638039481831866
PeMS08,6,1712,0.05390704499020159
PeMS08,6,1713,0.058935258519887276
PeMS08,6,1714,0.04622607520410698
PeMS08,6,1715,0.04745465420498513
PeMS08,6,1716,0.04468416441194826
PeMS08,6,1717,0.04173077812803699
PeMS08,6,1718,0.036198739124327195
PeMS08,6,1719,0.035762121679396575
PeMS08,6,1720,0.03512339947873007
PeMS08,6,1721,0.0631398936726123
PeMS08,6,1722,0.06700376303140523
PeMS08,6,1723,0.07313432050129276
PeMS08,6,1724,0.07226303416168818
PeMS08,6,1725,0.10230540108845115
PeMS08,6,1726,0.09187180190474392
PeMS08,6,1727,0.09719836197207214
PeMS08,6,1728,0.10691019544126504
PeMS08,6,1729,0.09468540051948268
PeMS08,6,1730,0.08985957651011468
PeMS08,6,1731,0.07387386248649493
PeMS08,6,1732,0.07200118295187552
PeMS08,6,1733,0.05262520394454884
PeMS08,6,1734,0.05703166983582473
PeMS08,6,1735,0.05032540993567868
PeMS08,6,1736,0.042967676563641886
PeMS08,6,1737,0.05334194834540158
PeMS08,6,1738,0.05366806809798927
PeMS08,6,1739,0.04567083496401838
PeMS08,6,1740,0.05762346406638472
PeMS08,6,1741,0.048445791721799976
PeMS08,6,1742,0.05953669269241914
PeMS08,6,1743,0.050719137544638464
PeMS08,6,1744,0.04454953374130242
PeMS08,6,1745,0.038421799542236706
PeMS08,6,1746,0.03785729175506324
PeMS08,6,1747,0.035476755943039055
PeMS08,6,1748,0.026627702262470448
PeMS08,6,1749,0.015065848727609923
PeMS08,6,1750,0.019121444020096787
PeMS08,6,1751,0.011983988494105327
PeMS08,6,1752,0.0061017897260166876
PeMS08,6,1753,0.0023121517719420885
PeMS08,6,1754,0.004243152300309612
PeMS08,6,1755,-0.003390520679267413
PeMS08,6,1756,-0.00723101701359689
PeMS08,6,1757,-0.015995522107502713
PeMS08,6,1758,-0.010725406438762505
PeMS08,6,1759,-0.015770305764420886
PeMS08,6,1760,-0.01605693667661905
PeMS08,6,1761,-0.016780512258196167
PeMS08,6,1762,-0.027218440114864923
PeMS08,6,1763,-0.01854930031252127
PeMS08,6,1764,-0.026727529224988555
PeMS08,6,1765,-0.024135832670049356
PeMS08,6,1766,-0.026707714321606593
PeMS08,6,1767,-0.018869760991670707
PeMS08,6,1768,-0.01870108336364141
PeMS08,6,1769,-0.021832503955511912
PeMS08,6,1770,-0.0261852034143086
PeMS08,6,1771,-0.019426589162329293
PeMS08,6,1772,-0.018277433541928418
PeMS08,6,1773,-0.01425964901764771
PeMS08,6,1774,-0.0200112545287155
PeMS08,6,1775,-0.018661015634347324
PeMS08,6,1776,-0.019730351844848656
PeMS08,6,1777,-0.021426782679931682
PeMS08,6,1778,-0.01880981160664783
PeMS08,6,1779,-0.029582331061441786
PeMS08,6,1780,-0.022411385728958
PeMS08,6,1781,-0.026777875642115624
PeMS08,6,1782,-0.020166154247442426
PeMS08,6,1783,-0.01574858398165371
PeMS08,6,1784,-0.014276155081409012
PeMS08,6,1785,-0.011971041965737266
PeMS08,6,1786,-0.006769871612766851
PeMS08,6,1787,-0.007462436983777311
PeMS08,6,1788,-0.0048131264777355265
PeMS08,6,1789,0.0004140018057490116
PeMS08,6,1790,-0.0015365566631449056
PeMS08,6,1791,0.002796587437914327
PeMS08,6,1792,0.004682898805012565
PeMS08,6,1793,0.0057609945978402645
PeMS08,6,1794,0.004186107669734123
PeMS08,6,1795,0.00010907602635402263
PeMS08,6,1796,-0.01638662601054764
PeMS08,6,1797,-0.023889585644409773
PeMS08,6,1798,-0.016584398252242394
PeMS08,6,1799,-0.02889584920364195
PeMS08,6,1800,-0.037322014348703664
PeMS08,6,1801,-0.03996455087233884
PeMS08,6,1802,-0.041350171509625354
PeMS08,6,1803,-0.04369773931636921
PeMS08,6,1804,-0.04095011612018827
PeMS08,6,1805,-0.04887038632664789
PeMS08,6,1806,-0.04050971274062961
PeMS08,6,1807,-0.0430808750182658
PeMS08,6,1808,-0.039165549642093754
PeMS08,6,1809,-0.028966686882777436
PeMS08,6,1810,-0.024688952637252893
PeMS08,6,1811,-0.02437471509825626
PeMS08,6,1812,-0.015818480545887012
PeMS08,6,1813,-0.022013018376906505
PeMS08,6,1814,-0.02696186630570279
PeMS08,6,1815,-0.027019645295353507
PeMS08,6,1816,-0.03359455838867892
PeMS08,6,1817,-0.04049299414824123
PeMS08,6,1818,-0.05970791490234332
PeMS08,6,1819,-0.056769201535795684
PeMS08,6,1820,-0.06563546015924117
PeMS08,6,1821,-0.07240342283571206
PeMS08,6,1822,-0.07244066828248887
PeMS08,6,1823,-0.07634552862784767
PeMS08,6,1824,-0.06442391599707437
PeMS08,6,1825,-0.05366469444747252
PeMS08,6,1826,-0.047818320790404815
PeMS08,6,1827,-0.02943431988021384
PeMS08,6,1828,-0.020036509503236946
PeMS08,6,1829,-0.0013191239033648562
PeMS08,6,1830,0.005858398480862467
PeMS08,6,1831,0.006916541379469922
PeMS08,6,1832,0.01650424883157549
PeMS08,6,1833,0.014737280078888223
PeMS08,6,1834,0.016248063778921438
PeMS08,6,1835,0.011846569780449038
PeMS08,6,1836,0.014200365424375774
PeMS08,6,1837,0.011933229737875218
PeMS08,6,1838,0.009234604485530273
PeMS08,6,1839,-0.005654589337468237
PeMS08,6,1840,-0.00677918202675687
PeMS08,6,1841,-0.00939170942626785
PeMS08,6,1842,-0.009089771252555135
PeMS08,6,1843,-0.01122758448249016
PeMS08,6,1844,-0.01157051658563556
PeMS08,6,1845,0.005377429934728601
PeMS08,6,1846,-0.003554633091053773
PeMS08,6,1847,0.01759104425292217
PeMS08,6,1848,0.0066153590428653835
PeMS08,6,1849,0.025036000735652618
PeMS08,6,1850,0.03373472613033342
PeMS08,6,1851,0.03757752545941547
PeMS08,6,1852,0.04127061362863615
PeMS08,6,1853,0.03110833556665559
PeMS08,6,1854,0.023050294214991354
PeMS08,6,1855,0.013513316172886331
PeMS08,6,1856,0.014125945764610105
PeMS08,6,1857,0.019897932838653338
PeMS08,6,1858,0.007311476414850389
PeMS08,6,1859,0.006136864919665829
PeMS08,6,1860,0.012133584647068877
PeMS08,6,1861,0.009680494047268012
PeMS08,6,1862,0.012398075469837337
PeMS08,6,1863,0.01547444172501757
PeMS08,6,1864,0.019551798261973136
PeMS08,6,1865,0.022778443956934166
PeMS08,6,1866,0.027770890028584835
PeMS08,6,1867,0.032829616467374464
PeMS08,6,1868,0.04357899585696247
PeMS08,6,1869,0.046671773832934464
PeMS08,6,1870,0.047132452883432645
PeMS08,6,1871,0.06120841341435988
PeMS08,6,1872,0.061396502057192014
PeMS08,6,1873,0.06118202253928208
PeMS08,6,1874,0.060824813065090896
PeMS08,6,1875,0.05680276745408347
PeMS08,6,1876,0.05305123688788233
PeMS08,6,1877,0.049661291598621767
PeMS08,6,1878,0.04906491461990317
PeMS08,6,1879,0.029374332963039103
PeMS08,6,1880,0.03236228961629054
PeMS08,6,1881,0.03929221527196292
PeMS08,6,1882,0.045849492869292865
PeMS08,6,1883,0.04137200074654732
PeMS08,6,1884,0.04199667559767263
PeMS08,6,1885,0.042409967222800646
PeMS08,6,1886,0.036437542669731475
PeMS08,6,1887,0.026805759179562415
PeMS08,6,1888,0.026282074094445922
PeMS08,6,1889,0.02609317817625092
PeMS08,6,1890,0.01791043293820358
PeMS08,6,1891,0.009920733928416834
PeMS08,6,1892,-0.0008202906130696824
PeMS08,6,1893,-0.010120848395685169
PeMS08,6,1894,-0.007895475204440554
PeMS08,6,1895,-0.017247858423763716
PeMS08,6,1896,-0.022651131161567913
PeMS08,6,1897,-0.016316037915375118
PeMS08,6,1898,-0.021233254018012845
PeMS08,6,1899,-0.01036515426769784
PeMS08,6,1900,-0.02425933399945318
PeMS08,6,1901,-0.019167898827982477
PeMS08,6,1902,-0.013244242936354953
PeMS08,6,1903,0.0009762933245954466
PeMS08,6,1904,-0.00043161982124051423
PeMS08,6,1905,0.009091343369551228
PeMS08,6,1906,0.004087421651433843
PeMS08,6,1907,0.006868389311297617
PeMS08,6,1908,0.007105191106982395
PeMS08,6,1909,0.0019601237789835285
PeMS08,6,1910,-0.004877460221257288
PeMS08,6,1911,-0.0006080461105284916
PeMS08,6,1912,-0.0012324503626821226
PeMS08,6,1913,-0.006767104223135943
PeMS08,6,1914,-0.010549275568805286
PeMS08,6,1915,-0.014592283719845927
PeMS08,6,1916,-0.00746890345232784
PeMS08,6,1917,-0.002452029718513075
PeMS08,6,1918,-0.0026190741676554376
PeMS08,6,1919,0.005423330555312061
PeMS08,6,1920,-0.0067718798678203925
PeMS08,6,1921,-0.009289876841689956
PeMS08,6,1922,-0.003373177044605864
PeMS08,6,1923,-0.003905144399358056
PeMS08,6,1924,-0.006755712120848346
PeMS08,6,1925,-0.012821132776065858
PeMS08,6,1926,-0.00961639507666077
PeMS08,6,1927,-0.015766719977562977
PeMS08,6,1928,-0.018474816895319834
PeMS08,6,1929,-0.022140359831973943
PeMS08,6,1930,-0.029542457065785076
PeMS08,6,1931,-0.019751028333743578
PeMS08,6,1932,-0.02745818155198359
PeMS08,6,1933,-0.02653987914541864
PeMS08,6,1934,-0.021007924748125857
PeMS08,6,1935,-0.020421398347043
PeMS08,6,1936,-0.021445568941547602
PeMS08,6,1937,-0.015546346436573062
PeMS08,6,1938,-0.010076862922437285
PeMS08,6,1939,-0.01420149231477517
PeMS08,6,1940,-0.01375812052435586
PeMS08,6,1941,-0.022009284866067142
PeMS08,6,1942,-0.019508450652366716
PeMS08,6,1943,-0.020546699054414825
PeMS08,6,1944,-0.026993378975652998
PeMS08,6,1945,-0.03827679879712611
PeMS08,6,1946,-0.0475606897493493
PeMS08,6,1947,-0.032333798434301037
PeMS08,6,1948,-0.046503535324891605
PeMS08,6,1949,-0.0494209360017495
PeMS08,6,1950,-0.04380349119084806
PeMS08,6,1951,-0.048588167485185324
PeMS08,6,1952,-0.04809644299310786
PeMS08,6,1953,-0.06011355128529826
PeMS08,6,1954,-0.05988608671892035
PeMS08,6,1955,-0.051772561345657574
PeMS08,6,1956,-0.055204342028224974
PeMS08,6,1957,-0.05695497724775252
PeMS08,6,1958,-0.06343475656077867
PeMS08,6,1959,-0.05757849389155207
PeMS08,6,1960,-0.06037327176835402
PeMS08,6,1961,-0.06365054456604123
PeMS08,6,1962,-0.06368206179940619
PeMS08,6,1963,-0.06049044312237449
PeMS08,6,1964,-0.05537247903711053
PeMS08,6,1965,-0.0665415383379122
PeMS08,6,1966,-0.0559884773994668
PeMS08,6,1967,-0.05944973928235562
PeMS08,6,1968,-0.05577693193871757
PeMS08,6,1969,-0.04528097226852405
PeMS08,6,1970,-0.049066539893032925
PeMS08,6,1971,-0.041127089419927605
PeMS08,6,1972,-0.03490738779879677
PeMS08,6,1973,-0.03132493586934727
PeMS08,6,1974,-0.020002188507866992
PeMS08,6,1975,-0.019516271904956466
PeMS08,6,1976,-0.006670199528442976
PeMS08,6,1977,-0.004537569289515453
PeMS08,6,1978,0.00010815398135763203
PeMS08,6,1979,-0.0052487565741207816
PeMS08,6,1980,-0.0054931409991423865
PeMS08,6,1981,-0.008694520344318953
PeMS08,6,1982,-0.015460187934080594
PeMS08,6,1983,-0.015725132571849935
PeMS08,6,1984,-0.018826124120439783
PeMS08,6,1985,-0.021297228820783522
PeMS08,6,1986,-0.025041047406861097
PeMS08,6,1987,-0.017286551592251873
PeMS08,6,1988,-0.016791358460170675
PeMS08,6,1989,-0.014910051737925771
PeMS08,6,1990,-0.00927755487131713
PeMS08,6,1991,0.0011054088009215177
PeMS08,6,1992,0.020457587413260984
PeMS08,6,1993,0.02821399224803051
PeMS08,6,1994,0.034223875381371685
PeMS08,6,1995,0.040946048823114645
PeMS08,6,1996,0.03832547037692781
PeMS08,6,1997,0.0393829422598708
PeMS08,6,1998,0.05407398769387898
PeMS08,6,1999,0.046565640451623556
PeMS08,6,2000,0.040000467296615064
PeMS08,6,2001,0.03154106820786813
PeMS08,6,2002,0.0283267541587165
PeMS08,6,2003,0.034022321065148964
PeMS08,6,2004,0.01480351480382108
PeMS08,6,2005,0.018576748182125836
PeMS08,6,2006,0.009968268626755676
PeMS08,6,2007,0.023081585765965924
PeMS08,6,2008,0.032628928608104735
PeMS08,6,2009,0.0497436701755866
PeMS08,6,2010,0.07130875996561538
PeMS08,6,2011,0.09215533773780066
PeMS08,6,2012,0.10318436892334205
PeMS08,6,2013,0.11315277005286829
PeMS08,6,2014,0.13380241948392915
PeMS08,6,2015,0.14602031603682813
PeMS08,6,2016,0.20845926710150386
PeMS08,12,0,1.0
PeMS08,12,1,0.6618241902381158
PeMS08,12,2,0.5861539237228246
PeMS08,12,3,0.5105846496468095
PeMS08,12,4,0.4644207788267411
PeMS08,12,5,0.4099532127838988
PeMS08,12,6,0.35852117221371516
PeMS08,12,7,0.3142753975539656
PeMS08,12,8,0.26335706338823345
PeMS08,12,9,0.2264783252801017
PeMS08,12,10,0.16991070283587867
PeMS08,12,11,0.1268546934309649
PeMS08,12,12,0.10612034205939003
PeMS08,12,13,0.09828539050762332
PeMS08,12,14,0.07741315571567321
PeMS08,12,15,0.0836882130476166
PeMS08,12,16,0.07581151746795808
PeMS08,12,17,0.0685733684372504
PeMS08,12,18,0.06795928062737447
PeMS08,12,19,0.04617752237044474
PeMS08,12,20,0.06727787669563555
PeMS08,12,21,0.07188335706861981
PeMS08,12,22,0.08137148733031545
PeMS08,12,23,0.04879451798420758
PeMS08,12,24,0.0465841469658211
PeMS08,12,25,0.04252540346763638
PeMS08,12,26,0.03888281193338592
PeMS08,12,27,0.02570902383157238
PeMS08,12,28,0.018163993964444406
PeMS08,12,29,0.0156641632077176
PeMS08,12,30,-0.014251873136186878
PeMS08,12,31,-0.010836203830591041
PeMS08,12,32,-0.026735427206019576
PeMS08,12,33,-0.029034623099899473
PeMS08,12,34,-0.05033057613433874
PeMS08,12,35,-0.04390876748121716
PeMS08,12,36,-0.042399272841229976
PeMS08,12,37,-0.03747937308768373
PeMS08,12,38,-0.04976316300728418
PeMS08,12,39,-0.0585070538534442
PeMS08,12,40,-0.06904900929840707
PeMS08,12,41,-0.0757556941431037
PeMS08,12,42,-0.0574820786346368
PeMS08,12,43,-0.08101247341184442
PeMS08,12,44,-0.0654860584843646
PeMS08,12,45,-0.05950896317036082
PeMS08,12,46,-0.06549380739482667
PeMS08,12,47,-0.06576624531415162
PeMS08,12,48,-0.06980803722184158
PeMS08,12,49,-0.0811898024239883
PeMS08,12,50,-0.08005793245589904
PeMS08,12,51,-0.07094321591496855
PeMS08,12,52,-0.07414457424706307
PeMS08,12,53,-0.08320459446140752
PeMS08,12,54,-0.07127927053847292
PeMS08,12,55,-0.0755668919542082
PeMS08,12,56,-0.08933956214233564
PeMS08,12,57,-0.0832682753728223
PeMS08,12,58,-0.06667592224136126
PeMS08,12,59,-0.06420758520476137
PeMS08,12,60,-0.062125298106489146
PeMS08,12,61,-0.06252695196256498
PeMS08,12,62,-0.059709705137598934
PeMS08,12,63,-0.06302182696996296
PeMS08,12,64,-0.06980444016833258
PeMS08,12,65,-0.06196978018583851
PeMS08,12,66,-0.05680402501587417
PeMS08,12,67,-0.06730322610348277
PeMS08,12,68,-0.06555378854409816
PeMS08,12,69,-0.06259233607348405
PeMS08,12,70,-0.05985402940813509
PeMS08,12,71,-0.057704360823998394
PeMS08,12,72,-0.04012746013189669
PeMS08,12,73,-0.035909399363136876
PeMS08,12,74,-0.02858941290493024
PeMS08,12,75,-0.03292763087458317
PeMS08,12,76,-0.027234538691181625
PeMS08,12,77,-0.029847063517177523
PeMS08,12,78,-0.022623396250917742
PeMS08,12,79,-0.025555059591387642
PeMS08,12,80,-0.034722504629560384
PeMS08,12,81,-0.034575111702908654
PeMS08,12,82,-0.03767900105592815
PeMS08,12,83,-0.0459860654294418
PeMS08,12,84,-0.03616018929141534
PeMS08,12,85,-0.04100041541136597
PeMS08,12,86,-0.0485748620741873
PeMS08,12,87,-0.029389489716815823
PeMS08,12,88,-0.031006572638512524
PeMS08,12,89,-0.04404452556885218
PeMS08,12,90,-0.045973976386829506
PeMS08,12,91,-0.03443516255301776
PeMS08,12,92,-0.039284588391406416
PeMS08,12,93,-0.029168439385177804
PeMS08,12,94,-0.023761044334748606
PeMS08,12,95,-0.024167616436783963
PeMS08,12,96,-0.02668066909557667
PeMS08,12,97,-0.027052013145239025
PeMS08,12,98,-0.02971660220257137
PeMS08,12,99,-0.017522548162415642
PeMS08,12,100,-0.005093581467379352
PeMS08,12,101,-0.002671751916546255
PeMS08,12,102,-0.0023590869300021268
PeMS08,12,103,-0.012546777509704976
PeMS08,12,104,-0.014902969296610091
PeMS08,12,105,-0.020858400808208586
PeMS08,12,106,-0.03812792943585708
PeMS08,12,107,-0.04569371623457755
PeMS08,12,108,-0.0541054185938529
PeMS08,12,109,-0.05933877291302284
PeMS08,12,110,-0.07728564409067348
PeMS08,12,111,-0.08850054525229295
PeMS08,12,112,-0.0854854687870141
PeMS08,12,113,-0.061922432166523246
PeMS08,12,114,-0.07174105765753586
PeMS08,12,115,-0.07339643832868356
PeMS08,12,116,-0.05934438623753461
PeMS08,12,117,-0.05528484764450601
PeMS08,12,118,-0.06321667363119436
PeMS08,12,119,-0.05637972624535859
PeMS08,12,120,-0.04487047032087277
PeMS08,12,121,-0.018464877787075052
PeMS08,12,122,-0.01075669535228732
PeMS08,12,123,0.002331880002119593
PeMS08,12,124,-0.0040337498550321715
PeMS08,12,125,-0.010676885690673597
PeMS08,12,126,0.007454962273815703
PeMS08,12,127,-0.01851430278341904
PeMS08,12,128,-0.006430262092608894
PeMS08,12,129,0.004758187252499931
PeMS08,12,130,0.01254411237196629
PeMS08,12,131,0.020967910624134084
PeMS08,12,132,0.03599023035092865
PeMS08,12,133,0.03210267856042143
PeMS08,12,134,0.04386941255464307
PeMS08,12,135,0.0525128831791652
PeMS08,12,136,0.06154338440924933
PeMS08,12,137,0.07834720585270985
PeMS08,12,138,0.0967843023192857
PeMS08,12,139,0.10202741286764654
PeMS08,12,140,0.09640600055493817
PeMS08,12,141,0.10669872126272496
PeMS08,12,142,0.09775041178402412
PeMS08,12,143,0.10538609660394932
PeMS08,12,144,0.10321712211103873
PeMS08,12,145,0.10858261842682958
PeMS08,12,146,0.10396596835718616
PeMS08,12,147,0.11619383067384495
PeMS08,12,148,0.09964657318943465
PeMS08,12,149,0.08809302167254866
PeMS08,12,150,0.09053471720989549
PeMS08,12,151,0.0779506200218675
PeMS08,12,152,0.07019167481009388
PeMS08,12,153,0.06256437251472267
PeMS08,12,154,0.04102444075916635
PeMS08,12,155,0.03625222101455404
PeMS08,12,156,0.010313026988207429
PeMS08,12,157,-0.0005102643922222642
PeMS08,12,158,-0.007103592995510191
PeMS08,12,159,-0.003542126833887691
PeMS08,12,160,-0.0007048072020736664
PeMS08,12,161,0.00025150337012899037
PeMS08,12,162,0.0007514332898401401
PeMS08,12,163,0.011236072054772187
PeMS08,12,164,0.014906890753920822
PeMS08,12,165,0.01920565695692147
PeMS08,12,166,0.02908409207958711
PeMS08,12,167,0.018805548756029845
PeMS08,12,168,0.01882538913394542
PeMS08,12,169,-0.014329670105115024
PeMS08,12,170,-0.012427277384208476
PeMS08,12,171,-0.015472596073270495
PeMS08,12,172,-0.01571795169165047
PeMS08,12,173,-0.029394587125995405
PeMS08,12,174,-0.03344305296977058
PeMS08,12,175,-0.035238538072823476
PeMS08,12,176,-0.04490999680350126
PeMS08,12,177,-0.04385310595219984
PeMS08,12,178,-0.04429186863106028
PeMS08,12,179,-0.03556078053139508
PeMS08,12,180,-0.02615547897297748
PeMS08,12,181,-0.021981575233660216
PeMS08,12,182,-0.016339190100681047
PeMS08,12,183,-0.0197479540006371
PeMS08,12,184,-0.0021087209635988853
PeMS08,12,185,-0.0029303675220063424
PeMS08,12,186,-5.434826382333133e-05
PeMS08,12,187,-0.01255469278553889
PeMS08,12,188,-0.0051665916047311505
PeMS08,12,189,-0.021271023965400742
PeMS08,12,190,-0.019940860602731432
PeMS08,12,191,-0.02330704664508812
PeMS08,12,192,0.0033953893353843357
PeMS08,12,193,-0.014962570528769311
PeMS08,12,194,-0.014949712168148726
PeMS08,12,195,-0.018199512689725455
PeMS08,12,196,-0.01601573337589306
PeMS08,12,197,-0.00929228930123497
PeMS08,12,198,-0.031745139854680034
PeMS08,12,199,-0.01940520782718454
PeMS08,12,200,-0.0141239577657082
PeMS08,12,201,-0.014030703803632303
PeMS08,12,202,-0.03313988913818166
PeMS08,12,203,-0.037600454016026415
PeMS08,12,204,-0.04113214584525727
PeMS08,12,205,-0.045389918250391174
PeMS08,12,206,-0.04443828346349247
PeMS08,12,207,-0.0464269523041433
PeMS08,12,208,-0.03342021096894182
PeMS08,12,209,-0.0502750577698963
PeMS08,12,210,-0.05303903240484438
PeMS08,12,211,-0.06308080292790914
PeMS08,12,212,-0.05190491077595578
PeMS08,12,213,-0.05803754544483461
PeMS08,12,214,-0.060124456377982555
PeMS08,12,215,-0.07331981079016925
PeMS08,12,216,-0.07218176780286732
PeMS08,12,217,-0.06904674128450278
PeMS08,12,218,-0.07311385425290763
PeMS08,12,219,-0.06412906058562365
PeMS08,12,220,-0.08285119893245638
PeMS08,12,221,-0.07321098242708927
PeMS08,12,222,-0.07657982450867062
PeMS08,12,223,-0.06939782500943815
PeMS08,12,224,-0.07678634575512062
PeMS08,12,225,-0.07389892759852026
PeMS08,12,226,-0.06000789199574894
PeMS08,12,227,-0.06323832451589712
PeMS08,12,228,-0.06334387218249765
PeMS08,12,229,-0.06828249041672899
PeMS08,12,230,-0.07311598890998482
PeMS08,12,231,-0.07584246251126497
PeMS08,12,232,-0.07610390687672225
PeMS08,12,233,-0.07795297269882617
PeMS08,12,234,-0.06483357591847981
PeMS08,12,235,-0.07362119919148147
PeMS08,12,236,-0.06411340640725638
PeMS08,12,237,-0.07083495724713328
PeMS08,12,238,-0.06126212279592418
PeMS08,12,239,-0.06134149470625995
PeMS08,12,240,-0.05692516608938443
PeMS08,12,241,-0.04561018318077872
PeMS08,12,242,-0.04661139219214136
PeMS08,12,243,-0.03352650660314386
PeMS08,12,244,-0.04847620433314974
PeMS08,12,245,-0.049898943634275626
PeMS08,12,246,-0.04517245266968868
PeMS08,12,247,-0.05686875201251891
PeMS08,12,248,-0.05276971999466217
PeMS08,12,249,-0.05938132854685936
PeMS08,12,250,-0.0573797670149101
PeMS08,12,251,-0.06794694479787435
PeMS08,12,252,-0.06746264886840285
PeMS08,12,253,-0.06676171378974186
PeMS08,12,254,-0.07116995036617337
PeMS08,12,255,-0.08192289144542045
PeMS08,12,256,-0.0842321052722613
PeMS08,12,257,-0.07122155145260482
PeMS08,12,258,-0.04477325066032747
PeMS08,12,259,-0.04615946350043587
PeMS08,12,260,-0.04632333747146681
PeMS08,12,261,-0.03079617266834844
PeMS08,12,262,-0.016932248260315853
PeMS08,12,263,0.002240219981523263
PeMS08,12,264,-0.007603276460159833
PeMS08,12,265,-0.010465038189493856
PeMS08,12,266,0.012748486393025211
PeMS08,12,267,0.01990938276112958
PeMS08,12,268,0.038109427405093835
PeMS08,12,269,0.034823365149470674
PeMS08,12,270,0.04685922068755788
PeMS08,12,271,0.04586163601914789
PeMS08,12,272,0.045388798566903754
PeMS08,12,273,0.05088772936520756
PeMS08,12,274,0.048558223184558026
PeMS08,12,275,0.061668976258590004
PeMS08,12,276,0.06936672893933347
PeMS08,12,277,0.05701575264400913
PeMS08,12,278,0.07948944725670672
PeMS08,12,279,0.10656085718624211
PeMS08,12,280,0.1133534033792536
PeMS08,12,281,0.14147759503292479
PeMS08,12,282,0.1462731280640397
PeMS08,12,283,0.16363189890437693
PeMS08,12,284,0.2021380345681469
PeMS08,12,285,0.2143666173763596
PeMS08,12,286,0.22539612349874308
PeMS08,12,287,0.2389290369572395
PeMS08,12,288,0.27993025409055633
PeMS08,12,289,0.24895647184174416
PeMS08,12,290,0.24806312132225217
PeMS08,12,291,0.21963195935051846
PeMS08,12,292,0.20329533398876332
PeMS08,12,293,0.19108017317230108
PeMS08,12,294,0.1858798949862295
PeMS08,12,295,0.16659413180240798
PeMS08,12,296,0.1544754194715026
PeMS08,12,297,0.13652454688162435
PeMS08,12,298,0.10325855055677885
PeMS08,12,299,0.10786090507931313
PeMS08,12,300,0.08626653010283908
PeMS08,12,301,0.06615605902598297
PeMS08,12,302,0.029605871653759025
PeMS08,12,303,0.02576482213069899
PeMS08,12,304,0.021589254128995525
PeMS08,12,305,0.024736300680005572
PeMS08,12,306,0.0411088239674721
PeMS08,12,307,0.03067946395472504
PeMS08,12,308,0.020049424708566903
PeMS08,12,309,0.013039930130504562
PeMS08,12,310,0.02269030996092131
PeMS08,12,311,0.007575591676504962
PeMS08,12,312,0.003191749464145747
PeMS08,12,313,0.003043466931996875
PeMS08,12,314,0.008197846591281132
PeMS08,12,315,0.00865462559509196
PeMS08,12,316,0.0019237959910353825
PeMS08,12,317,-0.019371894911423704
PeMS08,12,318,-0.014910237265463228
PeMS08,12,319,-0.027022620258163092
PeMS08,12,320,-0.023806214031965048
PeMS08,12,321,-0.019034097293397757
PeMS08,12,322,-0.03509943044940361
PeMS08,12,323,-0.048000228078726545
PeMS08,12,324,-0.053548773848753804
PeMS08,12,325,-0.05534615486900255
PeMS08,12,326,-0.0575337427147626
PeMS08,12,327,-0.055301375819205786
PeMS08,12,328,-0.06176808332871633
PeMS08,12,329,-0.0671750179180116
PeMS08,12,330,-0.057058749124896724
PeMS08,12,331,-0.05532436827334048
PeMS08,12,332,-0.07041064366547466
PeMS08,12,333,-0.0709239673486636
PeMS08,12,334,-0.0751590910043687
PeMS08,12,335,-0.0673783168920646
PeMS08,12,336,-0.06919363768357213
PeMS08,12,337,-0.07340224244085798
PeMS08,12,338,-0.07386806100053209
PeMS08,12,339,-0.0776410286905309
PeMS08,12,340,-0.08343006437318327
PeMS08,12,341,-0.09191229304244017
PeMS08,12,342,-0.07944161350087356
PeMS08,12,343,-0.07671616033989449
PeMS08,12,344,-0.08071957333505753
PeMS08,12,345,-0.07115039636358632
PeMS08,12,346,-0.06675320834943932
PeMS08,12,347,-0.06834584055332081
PeMS08,12,348,-0.07554657518229363
PeMS08,12,349,-0.08539273346823557
PeMS08,12,350,-0.08267189328179171
PeMS08,12,351,-0.07240789433760292
PeMS08,12,352,-0.06636912952960317
PeMS08,12,353,-0.08824378903756626
PeMS08,12,354,-0.09613743902417327
PeMS08,12,355,-0.09359555239774822
PeMS08,12,356,-0.10013567254589748
PeMS08,12,357,-0.09188753695299462
PeMS08,12,358,-0.08631636674084919
PeMS08,12,359,-0.0929098658110293
PeMS08,12,360,-0.08290947809460933
PeMS08,12,361,-0.08512144067254979
PeMS08,12,362,-0.08227880946304356
PeMS08,12,363,-0.08607377115299508
PeMS08,12,364,-0.0743885284333462
PeMS08,12,365,-0.08504603952796713
PeMS08,12,366,-0.0625148648837017
PeMS08,12,367,-0.06630515572985166
PeMS08,12,368,-0.06679247959521946
PeMS08,12,369,-0.06419615381419008
PeMS08,12,370,-0.053282955106615175
PeMS08,12,371,-0.05803101635158786
PeMS08,12,372,-0.03649180406509382
PeMS08,12,373,-0.03147644037929919
PeMS08,12,374,-0.02244417297145899
PeMS08,12,375,-0.01563582461237281
PeMS08,12,376,-0.01922500935481467
PeMS08,12,377,-0.033518196015514486
PeMS08,12,378,-0.02840303918457436
PeMS08,12,379,-0.013571952484500499
PeMS08,12,380,-0.02388128015847719
PeMS08,12,381,-0.026894041933013375
PeMS08,12,382,-0.0272643121748868
PeMS08,12,383,-0.028163686609020404
PeMS08,12,384,-0.016561821049152062
PeMS08,12,385,-0.030296263487054373
PeMS08,12,386,-0.037063214758103175
PeMS08,12,387,-0.03161857655296852
PeMS08,12,388,-0.019584083704789108
PeMS08,12,389,-0.012954427066764713
PeMS08,12,390,-0.018332914201560746
PeMS08,12,391,-0.01895975532743227
PeMS08,12,392,-0.01214568071143995
PeMS08,12,393,-0.014468201656911388
PeMS08,12,394,-0.009513292963125967
PeMS08,12,395,-0.009976824674216275
PeMS08,12,396,-0.011862499720647204
PeMS08,12,397,0.0013653653494620562
PeMS08,12,398,-0.013311984305420408
PeMS08,12,399,-0.01283814344727423
PeMS08,12,400,-0.010313831977122644
PeMS08,12,401,-0.012660124205072102
PeMS08,12,402,-0.016218954033472947
PeMS08,12,403,-0.03076166903721722
PeMS08,12,404,-0.020104333552405408
PeMS08,12,405,-0.007944706925620196
PeMS08,12,406,-0.002347767478962194
PeMS08,12,407,0.008095497260636736
PeMS08,12,408,0.024808976920872694
PeMS08,12,409,0.03295608891832158
PeMS08,12,410,0.038903086890090324
PeMS08,12,411,0.041317098576001535
PeMS08,12,412,0.04581826077963063
PeMS08,12,413,0.04804661877688883
PeMS08,12,414,0.03839408005147785
PeMS08,12,415,0.021394879799061538
PeMS08,12,416,0.03974659351769271
PeMS08,12,417,0.033208188896906125
PeMS08,12,418,0.040844145178452924
PeMS08,12,419,0.030172727111210274
PeMS08,12,420,0.039743095969445544
PeMS08,12,421,0.03897106579292957
PeMS08,12,422,0.04765584208267089
PeMS08,12,423,0.052441693967568426
PeMS08,12,424,0.04905907297587034
PeMS08,12,425,0.05748064387617527
PeMS08,12,426,0.06411470872504728
PeMS08,12,427,0.06761956165296631
PeMS08,12,428,0.07868767505453023
PeMS08,12,429,0.09661588038853322
PeMS08,12,430,0.0901673384116471
PeMS08,12,431,0.09719918494089404
PeMS08,12,432,0.08124820131745031
PeMS08,12,433,0.10047995687542145
PeMS08,12,434,0.10190563023547607
PeMS08,12,435,0.10599962672871346
PeMS08,12,436,0.10082261267517827
PeMS08,12,437,0.10956786116621604
PeMS08,12,438,0.1135698871255386
PeMS08,12,439,0.09657743364308129
PeMS08,12,440,0.08557093139698632
PeMS08,12,441,0.0635229512633924
PeMS08,12,442,0.08009928732679347
PeMS08,12,443,0.05102862789031461
PeMS08,12,444,0.05425846925606641
PeMS08,12,445,0.03954958102590033
PeMS08,12,446,0.045487336018346425
PeMS08,12,447,0.030915631909375497
PeMS08,12,448,0.02263435743981867
PeMS08,12,449,0.012006855929781754
PeMS08,12,450,0.006878876735567764
PeMS08,12,451,0.010595413588948091
PeMS08,12,452,-0.0012788245675420264
PeMS08,12,453,-0.0039702621271850355
PeMS08,12,454,-0.008966963361721893
PeMS08,12,455,-0.013661971038022748
PeMS08,12,456,-0.016882587422435563
PeMS08,12,457,-0.03168783069677391
PeMS08,12,458,-0.029096888916559767
PeMS08,12,459,-0.03228707741818827
PeMS08,12,460,-0.024990493983848384
PeMS08,12,461,-0.029692353173764195
PeMS08,12,462,-0.03282536000280277
PeMS08,12,463,-0.041697017874184
PeMS08,12,464,-0.039657613602544085
PeMS08,12,465,-0.04887163222612154
PeMS08,12,466,-0.04114549032286908
PeMS08,12,467,-0.03250107972709247
PeMS08,12,468,-0.03308280812929706
PeMS08,12,469,-0.033687605279229316
PeMS08,12,470,-0.04262195625881565
PeMS08,12,471,-0.025667430526639463
PeMS08,12,472,-0.03675750038662107
PeMS08,12,473,-0.01972823832030901
PeMS08,12,474,-0.02138834667918802
PeMS08,12,475,-0.02096311523172029
PeMS08,12,476,-0.029234460703021527
PeMS08,12,477,-0.036443266483296745
PeMS08,12,478,-0.040207402144965106
PeMS08,12,479,-0.0351827756805535
PeMS08,12,480,-0.03433096240455585
PeMS08,12,481,-0.04021043246967424
PeMS08,12,482,-0.05559324778434719
PeMS08,12,483,-0.055299198836421544
PeMS08,12,484,-0.045206363831147116
PeMS08,12,485,-0.05229589930510317
PeMS08,12,486,-0.059124131374051175
PeMS08,12,487,-0.055149486524778156
PeMS08,12,488,-0.04716034202162919
PeMS08,12,489,-0.04195034327167448
PeMS08,12,490,-0.03805217843004626
PeMS08,12,491,-0.041858552994728675
PeMS08,12,492,-0.0334828501886246
PeMS08,12,493,-0.027831217668671807
PeMS08,12,494,-0.04090616755464867
PeMS08,12,495,-0.04038882099924622
PeMS08,12,496,-0.02261333341442049
PeMS08,12,497,-0.02577099213486083
PeMS08,12,498,-0.03876663346327181
PeMS08,12,499,-0.047892444772639445
PeMS08,12,500,-0.03552017300143012
PeMS08,12,501,-0.04201082199887508
PeMS08,12,502,-0.037375636602438464
PeMS08,12,503,-0.050106160128741487
PeMS08,12,504,-0.07123340312535383
PeMS08,12,505,-0.06911758310417816
PeMS08,12,506,-0.05833753863522032
PeMS08,12,507,-0.054565394289209423
PeMS08,12,508,-0.06219043742984487
PeMS08,12,509,-0.07025382636085975
PeMS08,12,510,-0.06409656779320758
PeMS08,12,511,-0.04733981939237879
PeMS08,12,512,-0.04416037351504904
PeMS08,12,513,-0.044940267786195705
PeMS08,12,514,-0.03869348683621887
PeMS08,12,515,-0.03831014329605114
PeMS08,12,516,-0.036581179772264716
PeMS08,12,517,-0.044968619807721225
PeMS08,12,518,-0.039273762714244626
PeMS08,12,519,-0.04123971385446474
PeMS08,12,520,-0.052773857323677745
PeMS08,12,521,-0.05419628461793276
PeMS08,12,522,-0.044494498627552316
PeMS08,12,523,-0.03917961550377101
PeMS08,12,524,-0.04720691936444335
PeMS08,12,525,-0.04691151564023596
PeMS08,12,526,-0.05282523981155297
PeMS08,12,527,-0.04190660638165426
PeMS08,12,528,-0.04664760245598156
PeMS08,12,529,-0.04720088971714976
PeMS08,12,530,-0.04467216976699924
PeMS08,12,531,-0.03853739335658716
PeMS08,12,532,-0.046909386512927774
PeMS08,12,533,-0.03133450532680144
PeMS08,12,534,-0.03830096545974749
PeMS08,12,535,-0.05594787867870621
PeMS08,12,536,-0.046424296597709316
PeMS08,12,537,-0.0502426628568881
PeMS08,12,538,-0.04257165782249866
PeMS08,12,539,-0.03701908136557859
PeMS08,12,540,-0.04765096698243349
PeMS08,12,541,-0.05790042593737611
PeMS08,12,542,-0.05742642013668978
PeMS08,12,543,-0.06574647821692885
PeMS08,12,544,-0.07435181672322214
PeMS08,12,545,-0.060264778632620565
PeMS08,12,546,-0.06468301002160126
PeMS08,12,547,-0.04378428342146622
PeMS08,12,548,-0.03965495852022829
PeMS08,12,549,-0.035101077261471096
PeMS08,12,550,-0.027150350274835193
PeMS08,12,551,-0.013899255440474385
PeMS08,12,552,-0.0039238976995228155
PeMS08,12,553,-0.0021759350089563013
PeMS08,12,554,0.010375328539688427
PeMS08,12,555,0.007564650961343022
PeMS08,12,556,0.019040078196353914
PeMS08,12,557,0.01605161246986509
PeMS08,12,558,0.02803341595351149
PeMS08,12,559,0.02120056277705267
PeMS08,12,560,0.033585592608799744
PeMS08,12,561,0.041416599095470165
PeMS08,12,562,0.043380246732307566
PeMS08,12,563,0.05094904962574773
PeMS08,12,564,0.047618576188351566
PeMS08,12,565,0.04659280763122646
PeMS08,12,566,0.05237575822303596
PeMS08,12,567,0.061940049371654676
PeMS08,12,568,0.07983972521972463
PeMS08,12,569,0.1031869798622451
PeMS08,12,570,0.11070939606988431
PeMS08,12,571,0.12392442805224732
PeMS08,12,572,0.14802155868601588
PeMS08,12,573,0.15990304462876517
PeMS08,12,574,0.17431852853158822
PeMS08,12,575,0.16976011761287715
PeMS08,12,576,0.18520866085716386
PeMS08,12,577,0.1698506193618692
PeMS08,12,578,0.1900974129835569
PeMS08,12,579,0.16988070254547732
PeMS08,12,580,0.16111680018468347
PeMS08,12,581,0.13151793897346234
PeMS08,12,582,0.11795551954794296
PeMS08,12,583,0.09124899908475702
PeMS08,12,584,0.10514054106868892
PeMS08,12,585,0.09383508259934129
PeMS08,12,586,0.07326491015763431
PeMS08,12,587,0.07978844728620506
PeMS08,12,588,0.07846729063461054
PeMS08,12,589,0.07252156636770372
PeMS08,12,590,0.06280656863800554
PeMS08,12,591,0.05155274250316416
PeMS08,12,592,0.05417573439314801
PeMS08,12,593,0.06499708075404542
PeMS08,12,594,0.06280861575821095
PeMS08,12,595,0.05269788411070743
PeMS08,12,596,0.046483952113634076
PeMS08,12,597,0.03528673248318943
PeMS08,12,598,0.022887276551582795
PeMS08,12,599,0.016303334212829413
PeMS08,12,600,0.012384449229087517
PeMS08,12,601,0.0035202807208165837
PeMS08,12,602,0.0025548594880449253
PeMS08,12,603,-0.005488508664336119
PeMS08,12,604,-0.006148747559000904
PeMS08,12,605,-0.0017090323246681874
PeMS08,12,606,0.0034466601282313754
PeMS08,12,607,-0.00492046867133313
PeMS08,12,608,-0.009688787166558434
PeMS08,12,609,-0.02018162302077155
PeMS08,12,610,-0.015359344769270802
PeMS08,12,611,-0.01824971355730345
PeMS08,12,612,-0.029770251755020773
PeMS08,12,613,-0.021616812938682724
PeMS08,12,614,-0.021454387799653717
PeMS08,12,615,-0.019098799820329145
PeMS08,12,616,-0.0182479535127223
PeMS08,12,617,-0.02569328365718101
PeMS08,12,618,-0.039238061630862194
PeMS08,12,619,-0.04281556149393723
PeMS08,12,620,-0.05221828042292325
PeMS08,12,621,-0.04646001399556919
PeMS08,12,622,-0.054644583423763486
PeMS08,12,623,-0.051575757577324154
PeMS08,12,624,-0.038010558964471516
PeMS08,12,625,-0.05133448758334598
PeMS08,12,626,-0.04050615227695225
PeMS08,12,627,-0.048098712019110576
PeMS08,12,628,-0.04810582827294803
PeMS08,12,629,-0.06611664782032337
PeMS08,12,630,-0.04162397661588394
PeMS08,12,631,-0.04938891284477038
PeMS08,12,632,-0.04193246891920225
PeMS08,12,633,-0.043635197011875015
PeMS08,12,634,-0.03927047639093571
PeMS08,12,635,-0.042264720085699786
PeMS08,12,636,-0.03597033205429154
PeMS08,12,637,-0.03372430014269073
PeMS08,12,638,-0.0326432058286942
PeMS08,12,639,-0.03100376246065878
PeMS08,12,640,-0.02662397734745077
PeMS08,12,641,-0.02773621494259128
PeMS08,12,642,-0.03691445501611967
PeMS08,12,643,-0.036781591181211465
PeMS08,12,644,-0.04328760036232653
PeMS08,12,645,-0.03729683288019464
PeMS08,12,646,-0.04435868882198394
PeMS08,12,647,-0.04336007272399526
PeMS08,12,648,-0.04407180272487843
PeMS08,12,649,-0.040201519620295265
PeMS08,12,650,-0.0380908455451253
PeMS08,12,651,-0.04515231901877285
PeMS08,12,652,-0.04306577472039111
PeMS08,12,653,-0.05497712699444707
PeMS08,12,654,-0.051389709332186
PeMS08,12,655,-0.05779838638960914
PeMS08,12,656,-0.058246972420956764
PeMS08,12,657,-0.05644729087315395
PeMS08,12,658,-0.06536904164764747
PeMS08,12,659,-0.05786643676413104
PeMS08,12,660,-0.0631272342687151
PeMS08,12,661,-0.05659589152247056
PeMS08,12,662,-0.05536731220478873
PeMS08,12,663,-0.05354578815240654
PeMS08,12,664,-0.05835323106219149
PeMS08,12,665,-0.059448141381082134
PeMS08,12,666,-0.06419695576392728
PeMS08,12,667,-0.06592153229811736
PeMS08,12,668,-0.06393831281036866
PeMS08,12,669,-0.061558596921701784
PeMS08,12,670,-0.057396663838103004
PeMS08,12,671,-0.04714518539916526
PeMS08,12,672,-0.03904396863711152
PeMS08,12,673,-0.039093115658542586
PeMS08,12,674,-0.03458076456535652
PeMS08,12,675,-0.022297675331745384
PeMS08,12,676,-0.017228143656036803
PeMS08,12,677,-0.018869192267284392
PeMS08,12,678,-0.0074983623163995886
PeMS08,12,679,-0.006651091602494997
PeMS08,12,680,-0.011571967552412951
PeMS08,12,681,-0.00976201574819909
PeMS08,12,682,-0.009225510390626253
PeMS08,12,683,-0.022020059694854124
PeMS08,12,684,-0.01376604218068157
PeMS08,12,685,-0.012927096181827592
PeMS08,12,686,-0.013999330273972403
PeMS08,12,687,-0.02583756602963044
PeMS08,12,688,-0.014728594387217806
PeMS08,12,689,-0.018606751811751414
PeMS08,12,690,-0.01662226516692778
PeMS08,12,691,-0.02601266400452316
PeMS08,12,692,-0.001506022822320294
PeMS08,12,693,0.006458894305863137
PeMS08,12,694,0.015862630861413783
PeMS08,12,695,0.011502560324623016
PeMS08,12,696,0.019752635973247695
PeMS08,12,697,0.040433985861445
PeMS08,12,698,0.0448026493783331
PeMS08,12,699,0.04435843509777586
PeMS08,12,700,0.0540303077407308
PeMS08,12,701,0.05596940565813639
PeMS08,12,702,0.05103405303568031
PeMS08,12,703,0.043722441429085344
PeMS08,12,704,0.05828257437777852
PeMS08,12,705,0.05639325005576754
PeMS08,12,706,0.06451924780340314
PeMS08,12,707,0.0652523185235484
PeMS08,12,708,0.08584770393407673
PeMS08,12,709,0.09111716192997923
PeMS08,12,710,0.09986257859372798
PeMS08,12,711,0.09532117323598067
PeMS08,12,712,0.09915961664781221
PeMS08,12,713,0.10096201510741006
PeMS08,12,714,0.10668911613244247
PeMS08,12,715,0.12024147619048019
PeMS08,12,716,0.10743328209935026
PeMS08,12,717,0.11754668253025558
PeMS08,12,718,0.11031979940578657
PeMS08,12,719,0.134372073575879
PeMS08,12,720,0.11205641447436261
PeMS08,12,721,0.11636746074343729
PeMS08,12,722,0.10413881508021373
PeMS08,12,723,0.11516860454038375
PeMS08,12,724,0.10882534373063805
PeMS08,12,725,0.10390157179427927
PeMS08,12,726,0.09870458151679798
PeMS08,12,727,0.09417957601518256
PeMS08,12,728,0.0912117739241508
PeMS08,12,729,0.07515161877295522
PeMS08,12,730,0.07313917914303401
PeMS08,12,731,0.0546398887165775
PeMS08,12,732,0.05080864867926682
PeMS08,12,733,0.03587222561844028
PeMS08,12,734,0.033400911130374834
PeMS08,12,735,0.020376800535924416
PeMS08,12,736,0.02638775914320258
PeMS08,12,737,0.034957520957574366
PeMS08,12,738,0.014133792699376504
PeMS08,12,739,0.011231359290418689
PeMS08,12,740,-0.016333384815168262
PeMS08,12,741,-0.016889537477068835
PeMS08,12,742,-0.03104727110112723
PeMS08,12,743,-0.04487246080261254
PeMS08,12,744,-0.05076218938241543
PeMS08,12,745,-0.05874666872033542
PeMS08,12,746,-0.07207283435589985
PeMS08,12,747,-0.08722789956939041
PeMS08,12,748,-0.09306235177113335
PeMS08,12,749,-0.09554513126694107
PeMS08,12,750,-0.09915839809469289
PeMS08,12,751,-0.11083348735702189
PeMS08,12,752,-0.09231273948453579
PeMS08,12,753,-0.08546267449545844
PeMS08,12,754,-0.0758619101692302
PeMS08,12,755,-0.0641926064936228
PeMS08,12,756,-0.04072978069653593
PeMS08,12,757,-0.04201644341557351
PeMS08,12,758,-0.03502263540168156
PeMS08,12,759,-0.016570496318946682
PeMS08,12,760,-0.016481145088962
PeMS08,12,761,-0.014689374277974994
PeMS08,12,762,-0.01569008193866372
PeMS08,12,763,-0.02176997503132814
PeMS08,12,764,-0.021840685791771723
PeMS08,12,765,-0.029835774742605868
PeMS08,12,766,-0.029597337073287877
PeMS08,12,767,-0.029310958296655292
PeMS08,12,768,-0.01272699101245135
PeMS08,12,769,-0.02392905343796324
PeMS08,12,770,-0.019624335950912123
PeMS08,12,771,-0.03153916040222376
PeMS08,12,772,-0.024157911651554755
PeMS08,12,773,-0.02924500495471213
PeMS08,12,774,-0.02019766963233357
PeMS08,12,775,-0.03277186991891846
PeMS08,12,776,-0.032510160142951605
PeMS08,12,777,-0.02292693134387231
PeMS08,12,778,-0.03326289912934827
PeMS08,12,779,-0.034650854220764714
PeMS08,12,780,-0.03573813395155632
PeMS08,12,781,-0.03128596973439301
PeMS08,12,782,-0.036154218342384054
PeMS08,12,783,-0.03628164357004584
PeMS08,12,784,-0.029814129651958884
PeMS08,12,785,-0.02886874655452223
PeMS08,12,786,-0.03389632876463293
PeMS08,12,787,-0.030424921099207254
PeMS08,12,788,-0.03362818953673689
PeMS08,12,789,-0.026979030936593824
PeMS08,12,790,-0.033690464598860465
PeMS08,12,791,-0.025822771948738044
PeMS08,12,792,-0.03407769847483213
PeMS08,12,793,-0.048241183339910614
PeMS08,12,794,-0.046245923449119784
PeMS08,12,795,-0.049208405407665606
PeMS08,12,796,-0.054632940242978385
PeMS08,12,797,-0.05004267876748773
PeMS08,12,798,-0.05845242905110021
PeMS08,12,799,-0.05460609144148923
PeMS08,12,800,-0.06310523819398445
PeMS08,12,801,-0.06376756142103158
PeMS08,12,802,-0.06342353658442648
PeMS08,12,803,-0.06154510017955585
PeMS08,12,804,-0.05855730567130232
PeMS08,12,805,-0.06676529814422091
PeMS08,12,806,-0.05326441342046828
PeMS08,12,807,-0.06117344336810161
PeMS08,12,808,-0.06794622332331404
PeMS08,12,809,-0.0749225428396844
PeMS08,12,810,-0.07066851791043506
PeMS08,12,811,-0.06741582305985568
PeMS08,12,812,-0.05718411144891995
PeMS08,12,813,-0.060063187515397264
PeMS08,12,814,-0.05164636834079246
PeMS08,12,815,-0.0454634176708544
PeMS08,12,816,-0.04078499092703072
PeMS08,12,817,-0.03980335215821261
PeMS08,12,818,-0.032208711174372275
PeMS08,12,819,-0.030651077096355832
PeMS08,12,820,-0.037215206626812415
PeMS08,12,821,-0.03450071286222641
PeMS08,12,822,-0.035812674798867114
PeMS08,12,823,-0.030385936401528403
PeMS08,12,824,-0.038672177232317126
PeMS08,12,825,-0.04962259424595884
PeMS08,12,826,-0.04546762228943428
PeMS08,12,827,-0.05527837596054445
PeMS08,12,828,-0.05928507370379276
PeMS08,12,829,-0.06509201424247922
PeMS08,12,830,-0.05399475625976324
PeMS08,12,831,-0.04631515257916387
PeMS08,12,832,-0.030785445201978675
PeMS08,12,833,-0.01930443975593219
PeMS08,12,834,-0.012408957982367741
PeMS08,12,835,-0.003373381625377805
PeMS08,12,836,0.0046590835461416645
PeMS08,12,837,0.015103581266767821
PeMS08,12,838,0.0165837932227795
PeMS08,12,839,0.030977430986041363
PeMS08,12,840,0.039819456844269636
PeMS08,12,841,0.04269803746929446
PeMS08,12,842,0.048477848668995856
PeMS08,12,843,0.051717940070472
PeMS08,12,844,0.04938718687356541
PeMS08,12,845,0.04490502129601194
PeMS08,12,846,0.05099404448114004
PeMS08,12,847,0.05325041545831609
PeMS08,12,848,0.050767680227772914
PeMS08,12,849,0.05436796492856105
PeMS08,12,850,0.057290053000783075
PeMS08,12,851,0.05520545127990442
PeMS08,12,852,0.06018228681496975
PeMS08,12,853,0.07467357859233918
PeMS08,12,854,0.07363940822021958
PeMS08,12,855,0.08109137162145681
PeMS08,12,856,0.09252316907375614
PeMS08,12,857,0.11776960979431662
PeMS08,12,858,0.14192064993128214
PeMS08,12,859,0.156951421282533
PeMS08,12,860,0.1798444599026673
PeMS08,12,861,0.17948203615519123
PeMS08,12,862,0.18704290013836888
PeMS08,12,863,0.18416021488568743
PeMS08,12,864,0.19559323926263278
PeMS08,12,865,0.1735995861676643
PeMS08,12,866,0.1761196721245427
PeMS08,12,867,0.15916181203502383
PeMS08,12,868,0.16479632079859852
PeMS08,12,869,0.15287718715946472
PeMS08,12,870,0.13487599358054922
PeMS08,12,871,0.10679467099773247
PeMS08,12,872,0.11817059669583325
PeMS08,12,873,0.106285435547169
PeMS08,12,874,0.10707715997553924
PeMS08,12,875,0.11657654312444038
PeMS08,12,876,0.11412976030617732
PeMS08,12,877,0.09188941378895178
PeMS08,12,878,0.1002989664431589
PeMS08,12,879,0.0824126816350204
PeMS08,12,880,0.0735934988873985
PeMS08,12,881,0.0766409465023654
PeMS08,12,882,0.0694955979192576
PeMS08,12,883,0.055489302648502714
PeMS08,12,884,0.05301384563896882
PeMS08,12,885,0.04831839982142927
PeMS08,12,886,0.0316499391350808
PeMS08,12,887,0.013209487452773935
PeMS08,12,888,0.010903936628839957
PeMS08,12,889,0.007661135047191483
PeMS08,12,890,0.009149578106677245
PeMS08,12,891,0.010943751419740126
PeMS08,12,892,0.010630280559198207
PeMS08,12,893,0.0002038640495758752
PeMS08,12,894,-0.00540730142383551
PeMS08,12,895,-0.01625449872638983
PeMS08,12,896,-0.008082715000248836
PeMS08,12,897,-0.010141907773966848
PeMS08,12,898,-0.012657415536868015
PeMS08,12,899,-0.019858259619310675
PeMS08,12,900,-0.00029202521823037454
PeMS08,12,901,-0.012183130468471158
PeMS08,12,902,-0.009849174294324362
PeMS08,12,903,0.0010872882510630905
PeMS08,12,904,0.010007846331461543
PeMS08,12,905,0.021279404727260764
PeMS08,12,906,0.01828585064226483
PeMS08,12,907,0.03713888068575571
PeMS08,12,908,0.03382272241689775
PeMS08,12,909,0.030475191583243706
PeMS08,12,910,0.02519968209209893
PeMS08,12,911,0.038482228615872714
PeMS08,12,912,0.03343698792033011
PeMS08,12,913,0.03245169602023487
PeMS08,12,914,0.020295461754700525
PeMS08,12,915,0.013649843178393994
PeMS08,12,916,-0.0027841089131104744
PeMS08,12,917,-0.008996034016078814
PeMS08,12,918,-0.006483552302901591
PeMS08,12,919,-0.019519068579684096
PeMS08,12,920,0.0018341766586128334
PeMS08,12,921,0.0020151679367980515
PeMS08,12,922,-0.0017590590425621145
PeMS08,12,923,0.0052185276714751955
PeMS08,12,924,0.0006319476855923845
PeMS08,12,925,0.006167567321454796
PeMS08,12,926,0.005917687618367453
PeMS08,12,927,0.012430409641912141
PeMS08,12,928,0.009441520754177085
PeMS08,12,929,0.012534925137987868
PeMS08,12,930,0.010683279623999859
PeMS08,12,931,0.009576418806112824
PeMS08,12,932,-0.007615668263578266
PeMS08,12,933,0.0017577196693310151
PeMS08,12,934,-0.0025315797147319034
PeMS08,12,935,-0.01165387576441121
PeMS08,12,936,-0.005584510975885539
PeMS08,12,937,-0.023395586357511693
PeMS08,12,938,-0.01824566050219833
PeMS08,12,939,-0.03495349464163745
PeMS08,12,940,-0.029290681727999528
PeMS08,12,941,-0.04777526664986464
PeMS08,12,942,-0.05709800354598298
PeMS08,12,943,-0.06714650602825262
PeMS08,12,944,-0.0655989433780927
PeMS08,12,945,-0.06646909745714207
PeMS08,12,946,-0.0737833653273407
PeMS08,12,947,-0.0724532042850041
PeMS08,12,948,-0.07802164673427367
PeMS08,12,949,-0.07445509750401444
PeMS08,12,950,-0.07399138324617356
PeMS08,12,951,-0.0771159457546147
PeMS08,12,952,-0.07577509168745171
PeMS08,12,953,-0.07505202870069447
PeMS08,12,954,-0.07224610811630408
PeMS08,12,955,-0.06624205250770121
PeMS08,12,956,-0.057733360563226976
PeMS08,12,957,-0.05384968091086955
PeMS08,12,958,-0.06070499577917959
PeMS08,12,959,-0.0634860398249692
PeMS08,12,960,-0.06993415417521547
PeMS08,12,961,-0.06861203139541355
PeMS08,12,962,-0.05699127221102412
PeMS08,12,963,-0.05230535933869824
PeMS08,12,964,-0.057774684955451454
PeMS08,12,965,-0.05084785159590146
PeMS08,12,966,-0.03800170744455052
PeMS08,12,967,-0.03771403118326083
PeMS08,12,968,-0.01992448870081615
PeMS08,12,969,-0.0014241312197109195
PeMS08,12,970,-0.008016941785986937
PeMS08,12,971,-0.009748026071204834
PeMS08,12,972,-0.006674672929677889
PeMS08,12,973,-0.019555235091440717
PeMS08,12,974,-0.03335852715818925
PeMS08,12,975,-0.030506987528240718
PeMS08,12,976,-0.022522348135115198
PeMS08,12,977,-0.01826375145083337
PeMS08,12,978,-0.015585765383765344
PeMS08,12,979,-0.01881930974851963
PeMS08,12,980,-0.013356863593075115
PeMS08,12,981,-0.010584477662558727
PeMS08,12,982,-0.0010379087152067685
PeMS08,12,983,0.0006618437049503306
PeMS08,12,984,0.004019474589293621
PeMS08,12,985,0.016947279940672393
PeMS08,12,986,0.02015794324368021
PeMS08,12,987,0.022142015697439576
PeMS08,12,988,0.003134801179179228
PeMS08,12,989,0.007980697999629674
PeMS08,12,990,0.004795540249258542
PeMS08,12,991,0.011930083674475882
PeMS08,12,992,0.0002666882387140781
PeMS08,12,993,-0.009404703076563084
PeMS08,12,994,-0.005316291930444426
PeMS08,12,995,-0.0034361897509313194
PeMS08,12,996,0.011933256216816289
PeMS08,12,997,0.017314484371485372
PeMS08,12,998,0.039073363730768675
PeMS08,12,999,0.04996849402394487
PeMS08,12,1000,0.06983152416134969
PeMS08,12,1001,0.06277482237151566
PeMS08,12,1002,0.0734133487441626
PeMS08,12,1003,0.08766297766284571
PeMS08,12,1004,0.09475181132266382
PeMS08,12,1005,0.10350694551726768
PeMS08,12,1006,0.11247437148870273
PeMS08,12,1007,0.13830900899724702
PeMS08,12,1008,0.1418521429932322
PeMS08,12,1009,0.14054018408481403
PeMS08,12,1010,0.11328727621117635
PeMS08,12,1011,0.10952561563438175
PeMS08,12,1012,0.10382161870483722
PeMS08,12,1013,0.09777838931854323
PeMS08,12,1014,0.08120316999226836
PeMS08,12,1015,0.07536043639882452
PeMS08,12,1016,0.06565279257604177
PeMS08,12,1017,0.042993920628094276
PeMS08,12,1018,0.023398949552245012
PeMS08,12,1019,0.003512156674383888
PeMS08,12,1020,0.006198432924749806
PeMS08,12,1021,-0.009864143583514003
PeMS08,12,1022,-0.012477923176583122
PeMS08,12,1023,-0.02107981847208799
PeMS08,12,1024,-0.017227917869063962
PeMS08,12,1025,-0.01084929118417647
PeMS08,12,1026,-0.0239617095368687
PeMS08,12,1027,-0.024656327755045282
PeMS08,12,1028,-0.029014187672879693
PeMS08,12,1029,-0.0154230896194069
PeMS08,12,1030,-0.02756560947533471
PeMS08,12,1031,-0.025025411113381146
PeMS08,12,1032,-0.04766280140881625
PeMS08,12,1033,-0.05206813184080379
PeMS08,12,1034,-0.061047910172082054
PeMS08,12,1035,-0.07213733790647196
PeMS08,12,1036,-0.08084693479357412
PeMS08,12,1037,-0.09965939663615028
PeMS08,12,1038,-0.08735707362450335
PeMS08,12,1039,-0.10678908314673365
PeMS08,12,1040,-0.09729707113746361
PeMS08,12,1041,-0.09892363551003117
PeMS08,12,1042,-0.08820249047474767
PeMS08,12,1043,-0.07803270402747707
PeMS08,12,1044,-0.057788588159520635
PeMS08,12,1045,-0.060720282840454484
PeMS08,12,1046,-0.04954296120483941
PeMS08,12,1047,-0.0485698064039117
PeMS08,12,1048,-0.052164964187167324
PeMS08,12,1049,-0.04420116016381262
PeMS08,12,1050,-0.03507639262661739
PeMS08,12,1051,-0.04647443481965661
PeMS08,12,1052,-0.041547074429941315
PeMS08,12,1053,-0.028903656065421522
PeMS08,12,1054,-0.023934049029886897
PeMS08,12,1055,-0.03311217458955639
PeMS08,12,1056,-0.028635435805399238
PeMS08,12,1057,-0.03207898373053126
PeMS08,12,1058,-0.026347587563968166
PeMS08,12,1059,-0.028465422441011995
PeMS08,12,1060,-0.032031445109374584
PeMS08,12,1061,-0.04021563233371074
PeMS08,12,1062,-0.04210990151908022
PeMS08,12,1063,-0.04865388121480607
PeMS08,12,1064,-0.04871670497994398
PeMS08,12,1065,-0.053227515506022824
PeMS08,12,1066,-0.04418738674655522
PeMS08,12,1067,-0.042601474606004504
PeMS08,12,1068,-0.04505251416615108
PeMS08,12,1069,-0.036818668996026996
PeMS08,12,1070,-0.034668412656344814
PeMS08,12,1071,-0.03677099182203946
PeMS08,12,1072,-0.028131793510061565
PeMS08,12,1073,-0.030649651733707175
PeMS08,12,1074,-0.024143783180920572
PeMS08,12,1075,-0.009578873307235026
PeMS08,12,1076,-0.0044334767048870485
PeMS08,12,1077,-0.013488868944688193
PeMS08,12,1078,-0.011399289555289014
PeMS08,12,1079,-0.02306866119235531
PeMS08,12,1080,-0.01738917657070388
PeMS08,12,1081,-0.022802665490577995
PeMS08,12,1082,-0.027973422578276175
PeMS08,12,1083,-0.030629318126073567
PeMS08,12,1084,-0.03843981668634636
PeMS08,12,1085,-0.028107905844762887
PeMS08,12,1086,-0.035456954606661706
PeMS08,12,1087,-0.04144666397708569
PeMS08,12,1088,-0.043480161893421174
PeMS08,12,1089,-0.043581233687766625
PeMS08,12,1090,-0.047844751334666154
PeMS08,12,1091,-0.040779642430630494
PeMS08,12,1092,-0.045893636759316236
PeMS08,12,1093,-0.04804079665573574
PeMS08,12,1094,-0.04081277609521953
PeMS08,12,1095,-0.0412281913945136
PeMS08,12,1096,-0.05018039553642524
PeMS08,12,1097,-0.06042928274151617
PeMS08,12,1098,-0.05531409457358115
PeMS08,12,1099,-0.05508610942100657
PeMS08,12,1100,-0.04565007948059649
PeMS08,12,1101,-0.028997718131431052
PeMS08,12,1102,-0.022321261452326702
PeMS08,12,1103,-0.008862719823129696
PeMS08,12,1104,0.00185812993548967
PeMS08,12,1105,-0.0004866999063640611
PeMS08,12,1106,-0.004055594067856885
PeMS08,12,1107,0.0042832617687419685
PeMS08,12,1108,0.010823112963354021
PeMS08,12,1109,0.005500408719980483
PeMS08,12,1110,0.008555036045549337
PeMS08,12,1111,0.012303159187859035
PeMS08,12,1112,0.013387987978067839
PeMS08,12,1113,0.0034973274448588253
PeMS08,12,1114,-0.005173498511187321
PeMS08,12,1115,-0.006210475735708718
PeMS08,12,1116,-1.6218611630796167e-05
PeMS08,12,1117,-0.013107705323321448
PeMS08,12,1118,-0.006422968225196636
PeMS08,12,1119,-0.01569740003979758
PeMS08,12,1120,-0.0186254363742686
PeMS08,12,1121,-0.02231959965202208
PeMS08,12,1122,-0.007596652984499509
PeMS08,12,1123,-0.016719395340702076
PeMS08,12,1124,-0.02422066004462876
PeMS08,12,1125,-0.023993040457717083
PeMS08,12,1126,-0.01740787769289554
PeMS08,12,1127,-0.023860875469861074
PeMS08,12,1128,-0.004394367216922897
PeMS08,12,1129,-0.007141418303153316
PeMS08,12,1130,0.006978543634103593
PeMS08,12,1131,0.007974484271775573
PeMS08,12,1132,0.017084490625024044
PeMS08,12,1133,0.013547448862672555
PeMS08,12,1134,0.02517208278118457
PeMS08,12,1135,0.023484493539574644
PeMS08,12,1136,0.02520320584309858
PeMS08,12,1137,0.03244856632765433
PeMS08,12,1138,0.04253809960540134
PeMS08,12,1139,0.040498212352643746
PeMS08,12,1140,0.043841319510761936
PeMS08,12,1141,0.05233124647816506
PeMS08,12,1142,0.05839699814452738
PeMS08,12,1143,0.07166526109367044
PeMS08,12,1144,0.08236875314943969
PeMS08,12,1145,0.09284836449302439
PeMS08,12,1146,0.12718125005900013
PeMS08,12,1147,0.1392158846504798
PeMS08,12,1148,0.15987505081561804
PeMS08,12,1149,0.16407751049175992
PeMS08,12,1150,0.18497828398077246
PeMS08,12,1151,0.17836005765807725
PeMS08,12,1152,0.18476365002735604
PeMS08,12,1153,0.17956412880710293
PeMS08,12,1154,0.18785620287670385
PeMS08,12,1155,0.16774303472415006
PeMS08,12,1156,0.15982169294773674
PeMS08,12,1157,0.14806753526032815
PeMS08,12,1158,0.1252969369411842
PeMS08,12,1159,0.09743214026982153
PeMS08,12,1160,0.07421661137346412
PeMS08,12,1161,0.057127754373148674
PeMS08,12,1162,0.0454227788832076
PeMS08,12,1163,0.055419076789055166
PeMS08,12,1164,0.04484644761738074
PeMS08,12,1165,0.03823397097343953
PeMS08,12,1166,0.034541463340848594
PeMS08,12,1167,0.033697064417809404
PeMS08,12,1168,0.03156447863947979
PeMS08,12,1169,0.03432408330458613
PeMS08,12,1170,0.03224692421929549
PeMS08,12,1171,0.026980492965094707
PeMS08,12,1172,0.0339674003109508
PeMS08,12,1173,0.0273170573875799
PeMS08,12,1174,0.02775193445438119
PeMS08,12,1175,0.02994743722344555
PeMS08,12,1176,0.02801337705222612
PeMS08,12,1177,0.016648876057317474
PeMS08,12,1178,0.001991408211160949
PeMS08,12,1179,0.0059511173938191515
PeMS08,12,1180,-0.009155169395020275
PeMS08,12,1181,-0.013117089348094111
PeMS08,12,1182,-0.022706117232830055
PeMS08,12,1183,-0.03698155961298766
PeMS08,12,1184,-0.04421230088442161
PeMS08,12,1185,-0.046121719450708525
PeMS08,12,1186,-0.05713624600311733
PeMS08,12,1187,-0.06282049057206396
PeMS08,12,1188,-0.05689423171585677
PeMS08,12,1189,-0.05072070259030988
PeMS08,12,1190,-0.03977209509108168
PeMS08,12,1191,-0.044255672709717635
PeMS08,12,1192,-0.042647931793450444
PeMS08,12,1193,-0.03542541785355987
PeMS08,12,1194,-0.029235072026354298
PeMS08,12,1195,-0.01385991297791677
PeMS08,12,1196,-0.007439481931896738
PeMS08,12,1197,-0.003557881959398009
PeMS08,12,1198,-0.0069698171434779636
PeMS08,12,1199,-0.0017755399880066934
PeMS08,12,1200,-0.0019284634287598163
PeMS08,12,1201,-0.0077342128226277895
PeMS08,12,1202,-0.029261133815685333
PeMS08,12,1203,-0.03182974899059518
PeMS08,12,1204,-0.02797460844438175
PeMS08,12,1205,-0.03587428684449021
PeMS08,12,1206,-0.036915843191099314
PeMS08,12,1207,-0.047268125330474434
PeMS08,12,1208,-0.04110870282823927
PeMS08,12,1209,-0.04213371765103029
PeMS08,12,1210,-0.03227312913758712
PeMS08,12,1211,-0.035029720845509135
PeMS08,12,1212,-0.027682284623275814
PeMS08,12,1213,-0.029872413244381474
PeMS08,12,1214,-0.026874864187089963
PeMS08,12,1215,-0.017200101278658883
PeMS08,12,1216,-0.018009703834407358
PeMS08,12,1217,-0.007498799810366862
PeMS08,12,1218,-0.0069325267171816835
PeMS08,12,1219,-0.005789340121296326
PeMS08,12,1220,-0.006936723954017514
PeMS08,12,1221,-0.009374186674337814
PeMS08,12,1222,-0.011338549789118845
PeMS08,12,1223,-0.012904469905570868
PeMS08,12,1224,-0.013212623027105188
PeMS08,12,1225,-0.017328621647607817
PeMS08,12,1226,-0.014558899701957994
PeMS08,12,1227,-0.022753168099021923
PeMS08,12,1228,-0.028814623260301982
PeMS08,12,1229,-0.039372894968801316
PeMS08,12,1230,-0.04045231758623916
PeMS08,12,1231,-0.04720473800448394
PeMS08,12,1232,-0.04738019411156919
PeMS08,12,1233,-0.047277459205970714
PeMS08,12,1234,-0.05405160842289131
PeMS08,12,1235,-0.04978000037735154
PeMS08,12,1236,-0.06312595423553231
PeMS08,12,1237,-0.0708711411913375
PeMS08,12,1238,-0.07607840529784606
PeMS08,12,1239,-0.06662164984112008
PeMS08,12,1240,-0.08046733530338199
PeMS08,12,1241,-0.07642870854212533
PeMS08,12,1242,-0.07479110404945843
PeMS08,12,1243,-0.07810294095815705
PeMS08,12,1244,-0.06906138647676645
PeMS08,12,1245,-0.07832004165877719
PeMS08,12,1246,-0.07310117680608126
PeMS08,12,1247,-0.07602164008473786
PeMS08,12,1248,-0.06254866912135507
PeMS08,12,1249,-0.06670879468967243
PeMS08,12,1250,-0.056459644395175965
PeMS08,12,1251,-0.049061273185042734
PeMS08,12,1252,-0.04709663541337139
PeMS08,12,1253,-0.04643589694559772
PeMS08,12,1254,-0.03456002120338778
PeMS08,12,1255,-0.02521448368663446
PeMS08,12,1256,-0.01685778039474849
PeMS08,12,1257,-0.016347951969288576
PeMS08,12,1258,-0.02537863982721762
PeMS08,12,1259,-0.03432084960922324
PeMS08,12,1260,-0.03867443469402278
PeMS08,12,1261,-0.057282770550448565
PeMS08,12,1262,-0.05980329417968205
PeMS08,12,1263,-0.0679723910989961
PeMS08,12,1264,-0.06557485066775995
PeMS08,12,1265,-0.07680442434572501
PeMS08,12,1266,-0.06763155284439538
PeMS08,12,1267,-0.05829273487322268
PeMS08,12,1268,-0.06083936482482157
PeMS08,12,1269,-0.051229762664235914
PeMS08,12,1270,-0.034492735208395166
PeMS08,12,1271,-0.026896792951602515
PeMS08,12,1272,-0.02124823452407208
PeMS08,12,1273,-0.02202485845550509
PeMS08,12,1274,-0.018790276648637402
PeMS08,12,1275,-0.010207761147978804
PeMS08,12,1276,-0.004320841191744115
PeMS08,12,1277,0.015544089621538077
PeMS08,12,1278,0.02010819456429806
PeMS08,12,1279,0.029080108022986183
PeMS08,12,1280,0.0200024536064012
PeMS08,12,1281,0.01409478695570885
PeMS08,12,1282,0.026192087103786725
PeMS08,12,1283,0.02831957499896789
PeMS08,12,1284,0.030787745447472415
PeMS08,12,1285,0.035092107565832656
PeMS08,12,1286,0.05832196379583033
PeMS08,12,1287,0.06514584959425028
PeMS08,12,1288,0.08037607980758076
PeMS08,12,1289,0.07865630213725833
PeMS08,12,1290,0.085212035772412
PeMS08,12,1291,0.09214190493184395
PeMS08,12,1292,0.09925840656631768
PeMS08,12,1293,0.10993542309193857
PeMS08,12,1294,0.0970546315675483
PeMS08,12,1295,0.11110728613386445
PeMS08,12,1296,0.11747979809751219
PeMS08,12,1297,0.13853328460557307
PeMS08,12,1298,0.12102621493819166
PeMS08,12,1299,0.1274693778779438
PeMS08,12,1300,0.12491587964493676
PeMS08,12,1301,0.1311526579729036
PeMS08,12,1302,0.12674671816753025
PeMS08,12,1303,0.11764099658826836
PeMS08,12,1304,0.10971211441687388
PeMS08,12,1305,0.1063770057316124
PeMS08,12,1306,0.09304277015182899
PeMS08,12,1307,0.08355854240832017
PeMS08,12,1308,0.07956847298696021
PeMS08,12,1309,0.06296312195807856
PeMS08,12,1310,0.05660631983570819
PeMS08,12,1311,0.0505560358056534
PeMS08,12,1312,0.04435231525208484
PeMS08,12,1313,0.03350287339429388
PeMS08,12,1314,0.04013871135945353
PeMS08,12,1315,0.03721447924758481
PeMS08,12,1316,0.04139877846536759
PeMS08,12,1317,0.033373540932007895
PeMS08,12,1318,0.03510553633067456
PeMS08,12,1319,0.028380238413290102
PeMS08,12,1320,0.012434737809541237
PeMS08,12,1321,0.004651671019992426
PeMS08,12,1322,0.010028035726793377
PeMS08,12,1323,-0.0044740880660231125
PeMS08,12,1324,-0.008054534948508038
PeMS08,12,1325,-0.02644584254322908
PeMS08,12,1326,-0.02792265223513616
PeMS08,12,1327,-0.030235927755765165
PeMS08,12,1328,-0.02303365521193309
PeMS08,12,1329,-0.02282731296761372
PeMS08,12,1330,-0.0196047842111451
PeMS08,12,1331,-0.021461725095340323
PeMS08,12,1332,-0.025112963636300566
PeMS08,12,1333,-0.030925360520560784
PeMS08,12,1334,-0.022779207277539716
PeMS08,12,1335,-0.02555415656768097
PeMS08,12,1336,-0.02472634963582022
PeMS08,12,1337,-0.017729306640188597
PeMS08,12,1338,-0.005701176601303777
PeMS08,12,1339,-0.021412716568243423
PeMS08,12,1340,-0.017057398270133705
PeMS08,12,1341,-0.020634889966924693
PeMS08,12,1342,-0.013160719343163775
PeMS08,12,1343,-0.015083879770936313
PeMS08,12,1344,-0.017024713875647534
PeMS08,12,1345,-0.026898493480792807
PeMS08,12,1346,-0.030501447061140063
PeMS08,12,1347,-0.022932346605389016
PeMS08,12,1348,-0.028268642749030348
PeMS08,12,1349,-0.02751391115102317
PeMS08,12,1350,-0.026161937570141392
PeMS08,12,1351,-0.023608044160959126
PeMS08,12,1352,-0.024970281009615465
PeMS08,12,1353,-0.02543881093014715
PeMS08,12,1354,-0.03409358926438001
PeMS08,12,1355,-0.03041961889130563
PeMS08,12,1356,-0.03274082428184423
PeMS08,12,1357,-0.03404547436235055
PeMS08,12,1358,-0.03739671077007141
PeMS08,12,1359,-0.04119788163038326
PeMS08,12,1360,-0.037998002515906994
PeMS08,12,1361,-0.0333034863537525
PeMS08,12,1362,-0.025137792915797253
PeMS08,12,1363,-0.03152957021386544
PeMS08,12,1364,-0.012587060318283478
PeMS08,12,1365,-0.007373058372921315
PeMS08,12,1366,-0.006253856734412091
PeMS08,12,1367,-0.0077159561646006295
PeMS08,12,1368,-0.021156599969080907
PeMS08,12,1369,-0.017220653034986662
PeMS08,12,1370,-0.019030340743894602
PeMS08,12,1371,-0.006434872930448444
PeMS08,12,1372,-0.016634756760456754
PeMS08,12,1373,-0.011923467322326412
PeMS08,12,1374,-0.017045132621837534
PeMS08,12,1375,-0.013609827656959918
PeMS08,12,1376,-0.01212590740741367
PeMS08,12,1377,-0.023563212002776383
PeMS08,12,1378,-0.028035876327055984
PeMS08,12,1379,-0.026978120905525944
PeMS08,12,1380,-0.03469609463042104
PeMS08,12,1381,-0.04032230530296583
PeMS08,12,1382,-0.03762436554193406
PeMS08,12,1383,-0.04841877107233837
PeMS08,12,1384,-0.04416614593368012
PeMS08,12,1385,-0.05217597512250224
PeMS08,12,1386,-0.04824352753639215
PeMS08,12,1387,-0.058973778990460086
PeMS08,12,1388,-0.05652077619054135
PeMS08,12,1389,-0.06202942316843366
PeMS08,12,1390,-0.05178196337809716
PeMS08,12,1391,-0.04783163861699612
PeMS08,12,1392,-0.03590976727903524
PeMS08,12,1393,-0.04941801234931836
PeMS08,12,1394,-0.04852928058256912
PeMS08,12,1395,-0.04514334333927019
PeMS08,12,1396,-0.047165726546507455
PeMS08,12,1397,-0.037544655903313615
PeMS08,12,1398,-0.03925666014411659
PeMS08,12,1399,-0.03858775351514681
PeMS08,12,1400,-0.033120527269196016
PeMS08,12,1401,-0.030697218408604197
PeMS08,12,1402,-0.027013336908814217
PeMS08,12,1403,-0.02378326124972712
PeMS08,12,1404,-0.027764726279637296
PeMS08,12,1405,-0.030643347773900508
PeMS08,12,1406,-0.023621286312405447
PeMS08,12,1407,-0.0203402601427604
PeMS08,12,1408,-0.009752665984391182
PeMS08,12,1409,-0.011529419225643938
PeMS08,12,1410,-0.0011599839247964953
PeMS08,12,1411,-0.006611502788301531
PeMS08,12,1412,-0.007555832968152412
PeMS08,12,1413,-0.011465928656557479
PeMS08,12,1414,-0.009252579518976723
PeMS08,12,1415,-0.013847130626813507
PeMS08,12,1416,-0.009040209097199539
PeMS08,12,1417,-0.003125064826822076
PeMS08,12,1418,0.005351555029800489
PeMS08,12,1419,0.010833086861517991
PeMS08,12,1420,0.0072045508055128115
PeMS08,12,1421,0.0072388381218099354
PeMS08,12,1422,0.0096362947050839
PeMS08,12,1423,0.012323055473412618
PeMS08,12,1424,0.0012447666882108032
PeMS08,12,1425,-0.0013331649815455672
PeMS08,12,1426,0.0047490203922592915
PeMS08,12,1427,0.010085945846143968
PeMS08,12,1428,0.012667611636331956
PeMS08,12,1429,0.01453391365223796
PeMS08,12,1430,0.016001142092447004
PeMS08,12,1431,0.02695323327528083
PeMS08,12,1432,0.033736911649706304
PeMS08,12,1433,0.03376080245107198
PeMS08,12,1434,0.04624509140975177
PeMS08,12,1435,0.05632175622895433
PeMS08,12,1436,0.07402729149280457
PeMS08,12,1437,0.0816049994450959
PeMS08,12,1438,0.09862366865675591
PeMS08,12,1439,0.08792180849357552
PeMS08,12,1440,0.09290081580266951
PeMS08,12,1441,0.08324379266909789
PeMS08,12,1442,0.0967874605799327
PeMS08,12,1443,0.08878651171975924
PeMS08,12,1444,0.08680958302986932
PeMS08,12,1445,0.07411286686671546
PeMS08,12,1446,0.06929318575717933
PeMS08,12,1447,0.05874199060406827
PeMS08,12,1448,0.04496007132626567
PeMS08,12,1449,0.028090874077512856
PeMS08,12,1450,0.031296898519828024
PeMS08,12,1451,0.0211656874696597
PeMS08,12,1452,0.02234516203956752
PeMS08,12,1453,0.02620064352726095
PeMS08,12,1454,0.02474345485598772
PeMS08,12,1455,0.014427075214444729
PeMS08,12,1456,0.008259514804889172
PeMS08,12,1457,0.0011760674031400422
PeMS08,12,1458,0.005503584142687364
PeMS08,12,1459,-0.00138621292449841
PeMS08,12,1460,0.004090250001649084
PeMS08,12,1461,-0.0024577078858989193
PeMS08,12,1462,-0.00041700572777353894
PeMS08,12,1463,0.005062606018244445
PeMS08,12,1464,0.010787027636675309
PeMS08,12,1465,0.007500769612398666
PeMS08,12,1466,-0.0010382268154116344
PeMS08,12,1467,-0.001998495933261318
PeMS08,12,1468,0.001935810109520002
PeMS08,12,1469,0.0006021900740711282
PeMS08,12,1470,-0.0056610267745694064
PeMS08,12,1471,-0.0130960619300933
PeMS08,12,1472,-0.02586297978347083
PeMS08,12,1473,-0.0242846434120754
PeMS08,12,1474,-0.020059291739656378
PeMS08,12,1475,-0.027438409286098614
PeMS08,12,1476,-0.03013409936702021
PeMS08,12,1477,-0.03138296346028394
PeMS08,12,1478,-0.03298625361731883
PeMS08,12,1479,-0.030967282715361647
PeMS08,12,1480,-0.02661789296508759
PeMS08,12,1481,-0.026002715494199344
PeMS08,12,1482,-0.020205268921277025
PeMS08,12,1483,-0.010491002416694085
PeMS08,12,1484,-0.01184702248511779
PeMS08,12,1485,-0.0023310051602270093
PeMS08,12,1486,-0.0029615297222320112
PeMS08,12,1487,-0.003600916606703481
PeMS08,12,1488,0.0043008217770748106
PeMS08,12,1489,0.005768829899681097
PeMS08,12,1490,0.0022210166992587318
PeMS08,12,1491,0.006644999979676086
PeMS08,12,1492,0.00839206259554428
PeMS08,12,1493,0.003719472819915714
PeMS08,12,1494,0.0023622928222836
PeMS08,12,1495,-0.0017401229597631181
PeMS08,12,1496,-0.004248220015443642
PeMS08,12,1497,-0.0013960286922896437
PeMS08,12,1498,-0.0071670202102028695
PeMS08,12,1499,-0.011495188150135689
PeMS08,12,1500,-0.004157278187399191
PeMS08,12,1501,-0.005987882748141345
PeMS08,12,1502,0.0004672305622113668
PeMS08,12,1503,0.0012289391640562465
PeMS08,12,1504,0.0008692565603607545
PeMS08,12,1505,0.0071213016246547646
PeMS08,12,1506,-0.003618130758332024
PeMS08,12,1507,-0.009292292783396841
PeMS08,12,1508,-0.008434654711751179
PeMS08,12,1509,-0.006214227620336069
PeMS08,12,1510,-0.010525040129482124
PeMS08,12,1511,-0.01833887872321585
PeMS08,12,1512,-0.022675102611087797
PeMS08,12,1513,-0.020857130838939947
PeMS08,12,1514,-0.019740714558471432
PeMS08,12,1515,-0.027731340405319507
PeMS08,12,1516,-0.03590133721131911
PeMS08,12,1517,-0.045373099132068564
PeMS08,12,1518,-0.045925719918682724
PeMS08,12,1519,-0.03821125040041184
PeMS08,12,1520,-0.03662007678061161
PeMS08,12,1521,-0.04821584779700748
PeMS08,12,1522,-0.045970341426240915
PeMS08,12,1523,-0.03454463924563746
PeMS08,12,1524,-0.03736589891967102
PeMS08,12,1525,-0.03862201985983446
PeMS08,12,1526,-0.036063039385680985
PeMS08,12,1527,-0.033650175046899766
PeMS08,12,1528,-0.029069228390908787
PeMS08,12,1529,-0.034248886535872936
PeMS08,12,1530,-0.03443274876294943
PeMS08,12,1531,-0.03199148137723056
PeMS08,12,1532,-0.039988017659821025
PeMS08,12,1533,-0.04095880924044459
PeMS08,12,1534,-0.0372998011063653
PeMS08,12,1535,-0.036994014417150105
PeMS08,12,1536,-0.03552472179483364
PeMS08,12,1537,-0.03875228263929775
PeMS08,12,1538,-0.04683949833368017
PeMS08,12,1539,-0.03389378294444032
PeMS08,12,1540,-0.0307905388544032
PeMS08,12,1541,-0.02961185353387137
PeMS08,12,1542,-0.02778422610189952
PeMS08,12,1543,-0.02309880119428166
PeMS08,12,1544,-0.032411501031478336
PeMS08,12,1545,-0.019417747062047873
PeMS08,12,1546,-0.027223981515356283
PeMS08,12,1547,-0.01837816910414472
PeMS08,12,1548,-0.01786299577599577
PeMS08,12,1549,-0.01880744860553211
PeMS08,12,1550,-0.011166073601518061
PeMS08,12,1551,-0.02158347054845533
PeMS08,12,1552,-0.029307163356846362
PeMS08,12,1553,-0.02589532968082982
PeMS08,12,1554,-0.0168739458063744
PeMS08,12,1555,-0.006910169520244743
PeMS08,12,1556,0.003018858226444486
PeMS08,12,1557,-0.007068629241307373
PeMS08,12,1558,-0.009012158433767159
PeMS08,12,1559,-0.007390602809438609
PeMS08,12,1560,-0.0022275418198485497
PeMS08,12,1561,0.0047664764487792746
PeMS08,12,1562,0.012417382366617373
PeMS08,12,1563,0.019546376298421177
PeMS08,12,1564,0.015682225869125436
PeMS08,12,1565,0.024572539810571465
PeMS08,12,1566,0.020895013066444663
PeMS08,12,1567,0.024303771560963153
PeMS08,12,1568,0.022469962489099295
PeMS08,12,1569,0.026871999575951627
PeMS08,12,1570,0.030854416454438604
PeMS08,12,1571,0.028292098762238153
PeMS08,12,1572,0.030476980769836622
PeMS08,12,1573,0.025049459498910964
PeMS08,12,1574,0.041226294526810245
PeMS08,12,1575,0.028632133258086914
PeMS08,12,1576,0.051949608833430264
PeMS08,12,1577,0.043229977599912366
PeMS08,12,1578,0.058646762155512525
PeMS08,12,1579,0.04613503026323503
PeMS08,12,1580,0.04640844603287879
PeMS08,12,1581,0.05744465948650948
PeMS08,12,1582,0.05965941660228454
PeMS08,12,1583,0.07048331936072239
PeMS08,12,1584,0.06716652075557399
PeMS08,12,1585,0.07903607140103115
PeMS08,12,1586,0.0779699795000581
PeMS08,12,1587,0.09039182002400067
PeMS08,12,1588,0.07862848949286057
PeMS08,12,1589,0.07827854796209466
PeMS08,12,1590,0.07162625394974924
PeMS08,12,1591,0.0712796250034796
PeMS08,12,1592,0.07785183498492816
PeMS08,12,1593,0.07668703550481933
PeMS08,12,1594,0.06635656649596179
PeMS08,12,1595,0.059933597434174424
PeMS08,12,1596,0.05129362880407579
PeMS08,12,1597,0.044380505307969116
PeMS08,12,1598,0.03892617809132339
PeMS08,12,1599,0.022999517651472012
PeMS08,12,1600,0.02597903526103706
PeMS08,12,1601,0.01632238390925911
PeMS08,12,1602,0.025179209922683347
PeMS08,12,1603,0.024805271800250484
PeMS08,12,1604,0.022471207310934146
PeMS08,12,1605,0.025959088395540522
PeMS08,12,1606,0.020468733314136827
PeMS08,12,1607,0.023842971217926324
PeMS08,12,1608,0.018953426666537918
PeMS08,12,1609,0.018128298652350067
PeMS08,12,1610,0.014764576538978372
PeMS08,12,1611,0.008377337078379916
PeMS08,12,1612,0.0035478833154221883
PeMS08,12,1613,0.006446586137641698
PeMS08,12,1614,0.013504993170771902
PeMS08,12,1615,0.016130598276013354
PeMS08,12,1616,-0.0005536340510821643
PeMS08,12,1617,-0.005859538598528831
PeMS08,12,1618,-0.0015399775445479327
PeMS08,12,1619,-0.008863327693279787
PeMS08,12,1620,-0.017265431824030477
PeMS08,12,1621,-0.02451063434319775
PeMS08,12,1622,-0.019575539394155062
PeMS08,12,1623,-0.020532465125205707
PeMS08,12,1624,-0.017394538712900903
PeMS08,12,1625,-0.020205925806154594
PeMS08,12,1626,-0.01583791798267053
PeMS08,12,1627,-0.006830014420249741
PeMS08,12,1628,0.009724999428368637
PeMS08,12,1629,0.00033736117167629406
PeMS08,12,1630,0.009737800755090563
PeMS08,12,1631,0.008442694742750239
PeMS08,12,1632,0.017225004098271098
PeMS08,12,1633,0.01160056824540193
PeMS08,12,1634,0.018788396333245912
PeMS08,12,1635,0.019506028664702038
PeMS08,12,1636,0.008768274924434266
PeMS08,12,1637,0.012141988940427277
PeMS08,12,1638,0.0030252009577766406
PeMS08,12,1639,-0.006037932716854828
PeMS08,12,1640,-0.0019948215440943285
PeMS08,12,1641,-0.005826345619879015
PeMS08,12,1642,-0.005285098757373995
PeMS08,12,1643,-0.006003202992848589
PeMS08,12,1644,-0.0059583561033904895
PeMS08,12,1645,-0.01599472124282504
PeMS08,12,1646,-0.010350032640476362
PeMS08,12,1647,-0.019112877010984904
PeMS08,12,1648,-0.018346246560773848
PeMS08,12,1649,-0.006521568465511391
PeMS08,12,1650,-0.006631334271824192
PeMS08,12,1651,-0.011595753773536997
PeMS08,12,1652,-0.003300483079154123
PeMS08,12,1653,-0.01528136419792129
PeMS08,12,1654,-0.021178427180609374
PeMS08,12,1655,-0.0193412344459386
PeMS08,12,1656,-0.02155897019382132
PeMS08,12,1657,-0.025281244862810352
PeMS08,12,1658,-0.03339719480960361
PeMS08,12,1659,-0.032612195711352196
PeMS08,12,1660,-0.0343896411463818
PeMS08,12,1661,-0.028035613500191525
PeMS08,12,1662,-0.033561988227161124
PeMS08,12,1663,-0.030996000081481255
PeMS08,12,1664,-0.020668413821811463
PeMS08,12,1665,-0.0179863929132636
PeMS08,12,1666,-0.02557356557670817
PeMS08,12,1667,-0.03325703637739704
PeMS08,12,1668,-0.033800652796798294
PeMS08,12,1669,-0.02895296471797947
PeMS08,12,1670,-0.03257846769766648
PeMS08,12,1671,-0.040515375711024135
PeMS08,12,1672,-0.04515385084891255
PeMS08,12,1673,-0.05425485796883609
PeMS08,12,1674,-0.06378790753120828
PeMS08,12,1675,-0.07326723351717765
PeMS08,12,1676,-0.07218534006247435
PeMS08,12,1677,-0.07498249017629252
PeMS08,12,1678,-0.07871563641375097
PeMS08,12,1679,-0.06979473438605649
PeMS08,12,1680,-0.068863789504934
PeMS08,12,1681,-0.06982701549035442
PeMS08,12,1682,-0.0681333688684523
PeMS08,12,1683,-0.07026627479600857
PeMS08,12,1684,-0.06716723633726325
PeMS08,12,1685,-0.05227472053824179
PeMS08,12,1686,-0.04623264173977299
PeMS08,12,1687,-0.03644558188008986
PeMS08,12,1688,-0.02789523248161697
PeMS08,12,1689,-0.02353240772310601
PeMS08,12,1690,-0.022212444036765297
PeMS08,12,1691,-0.022616907244932948
PeMS08,12,1692,-0.02024513658449386
PeMS08,12,1693,-0.014475914727186168
PeMS08,12,1694,-0.010899396250983987
PeMS08,12,1695,-0.0046062006564141994
PeMS08,12,1696,-0.003677838739265889
PeMS08,12,1697,-0.0041950438416464494
PeMS08,12,1698,-0.008417283213824546
PeMS08,12,1699,-0.007166659837566002
PeMS08,12,1700,-0.002319541640505334
PeMS08,12,1701,-0.00014670788117411522
PeMS08,12,1702,0.008138534620025789
PeMS08,12,1703,0.0034119175272423973
PeMS08,12,1704,0.004400709400283891
PeMS08,12,1705,0.00976665659478624
PeMS08,12,1706,0.026795554860052213
PeMS08,12,1707,0.02959625677179318
PeMS08,12,1708,0.03890431802261283
PeMS08,12,1709,0.03516452390299738
PeMS08,12,1710,0.043273749581078304
PeMS08,12,1711,0.03172167680763112
PeMS08,12,1712,0.0329386791580423
PeMS08,12,1713,0.038566263693117706
PeMS08,12,1714,0.03601892656231525
PeMS08,12,1715,0.05478344037590551
PeMS08,12,1716,0.06243956860633259
PeMS08,12,1717,0.06961343019068969
PeMS08,12,1718,0.06903550196889521
PeMS08,12,1719,0.07133079149315114
PeMS08,12,1720,0.06648525000231914
PeMS08,12,1721,0.07965459696750159
PeMS08,12,1722,0.0866748245489278
PeMS08,12,1723,0.09236022526331367
PeMS08,12,1724,0.0954780818045248
PeMS08,12,1725,0.09956248556379009
PeMS08,12,1726,0.10857919358436738
PeMS08,12,1727,0.10815071419944479
PeMS08,12,1728,0.1339249630802479
PeMS08,12,1729,0.10547103656854755
PeMS08,12,1730,0.1055774458557736
PeMS08,12,1731,0.09997817744754753
PeMS08,12,1732,0.09121121849984637
PeMS08,12,1733,0.078936803670903
PeMS08,12,1734,0.07640566884493721
PeMS08,12,1735,0.07123789928505476
PeMS08,12,1736,0.0620475090754916
PeMS08,12,1737,0.0573084346972458
PeMS08,12,1738,0.04992277151174754
PeMS08,12,1739,0.04978486763605943
PeMS08,12,1740,0.0554645797240752
PeMS08,12,1741,0.050615482124263506
PeMS08,12,1742,0.04817667459923538
PeMS08,12,1743,0.041275802144866744
PeMS08,12,1744,0.04455917228967487
PeMS08,12,1745,0.03418787431838957
PeMS08,12,1746,0.03470692058337744
PeMS08,12,1747,0.023703029093665774
PeMS08,12,1748,0.03145894755411506
PeMS08,12,1749,0.0219790376075071
PeMS08,12,1750,0.01759546775544129
PeMS08,12,1751,0.0019903044126178483
PeMS08,12,1752,-5.472340863129816e-05
PeMS08,12,1753,0.007180088336824224
PeMS08,12,1754,-0.005788409412398795
PeMS08,12,1755,-0.016370342752065854
PeMS08,12,1756,-0.02328170306702265
PeMS08,12,1757,-0.023873803055580747
PeMS08,12,1758,-0.023179367190594897
PeMS08,12,1759,-0.04217800991514054
PeMS08,12,1760,-0.048389866844477845
PeMS08,12,1761,-0.04844657512754623
PeMS08,12,1762,-0.04720813498361407
PeMS08,12,1763,-0.044463124557062306
PeMS08,12,1764,-0.040771346005594455
PeMS08,12,1765,-0.04939844581761137
PeMS08,12,1766,-0.03905016651874134
PeMS08,12,1767,-0.04650439828849385
PeMS08,12,1768,-0.04110636923279531
PeMS08,12,1769,-0.04529654399582564
PeMS08,12,1770,-0.03558516186109059
PeMS08,12,1771,-0.037673979594507
PeMS08,12,1772,-0.03982533200825915
PeMS08,12,1773,-0.02298140285304914
PeMS08,12,1774,-0.02815031602963933
PeMS08,12,1775,-0.02437854870378258
PeMS08,12,1776,-0.03193940136476672
PeMS08,12,1777,-0.031861274986749094
PeMS08,12,1778,-0.029672377488393884
PeMS08,12,1779,-0.03045868902892484
PeMS08,12,1780,-0.02353522559497954
PeMS08,12,1781,-0.019758199977309564
PeMS08,12,1782,-0.01758447282435422
PeMS08,12,1783,-0.015674410900468755
PeMS08,12,1784,-0.01220198053073748
PeMS08,12,1785,-0.013682396268533249
PeMS08,12,1786,-0.010715469763997154
PeMS08,12,1787,-0.010716349146633393
PeMS08,12,1788,-0.004901429215583721
PeMS08,12,1789,0.0006119403629639616
PeMS08,12,1790,0.0016278019558525747
PeMS08,12,1791,-0.013271754994080736
PeMS08,12,1792,-0.008543262605536011
PeMS08,12,1793,-0.009004039684491946
PeMS08,12,1794,-0.013436160622824019
PeMS08,12,1795,-0.01210846755929948
PeMS08,12,1796,-0.02637449644054209
PeMS08,12,1797,-0.02743390600406915
PeMS08,12,1798,-0.03572244479864633
PeMS08,12,1799,-0.034981502413126614
PeMS08,12,1800,-0.0392922771958196
PeMS08,12,1801,-0.04410762748015321
PeMS08,12,1802,-0.032108416031659655
PeMS08,12,1803,-0.03008098393897321
PeMS08,12,1804,-0.032869897776915485
PeMS08,12,1805,-0.0370630617034633
PeMS08,12,1806,-0.03548968408018854
PeMS08,12,1807,-0.03642616966472696
PeMS08,12,1808,-0.028536586991941778
PeMS08,12,1809,-0.03166613238008431
PeMS08,12,1810,-0.023687815812154383
PeMS08,12,1811,-0.029552019585272364
PeMS08,12,1812,-0.017152475408542683
PeMS08,12,1813,-0.024512180085095717
PeMS08,12,1814,-0.025566351885019226
PeMS08,12,1815,-0.022151379053325076
PeMS08,12,1816,-0.02372392867943626
PeMS08,12,1817,-0.025130772571564153
PeMS08,12,1818,-0.029004921825154066
PeMS08,12,1819,-0.0183391541311174
PeMS08,12,1820,-0.027911826514929933
PeMS08,12,1821,-0.029062127107874456
PeMS08,12,1822,-0.028310306939980975
PeMS08,12,1823,-0.027377879914783614
PeMS08,12,1824,-0.02466413016543123
PeMS08,12,1825,-0.02788521850310755
PeMS08,12,1826,-0.028765673943862997
PeMS08,12,1827,-0.026372532384783074
PeMS08,12,1828,-0.021082292914709935
PeMS08,12,1829,-0.018217530915644965
PeMS08,12,1830,-0.004511575214631362
PeMS08,12,1831,0.0028461739537570005
PeMS08,12,1832,0.0011148783025626008
PeMS08,12,1833,-0.002738520820699454
PeMS08,12,1834,0.005937594109019283
PeMS08,12,1835,0.0017579566567561418
PeMS08,12,1836,0.0005881351830070301
PeMS08,12,1837,-0.0059295169016153676
PeMS08,12,1838,-0.015236216319931155
PeMS08,12,1839,-0.010969617212435969
PeMS08,12,1840,-0.01331832904359662
PeMS08,12,1841,-0.008498698532728175
PeMS08,12,1842,-0.013643207501164803
PeMS08,12,1843,-0.0021933575265052755
PeMS08,12,1844,0.004748606980065605
PeMS08,12,1845,0.0027483617550924885
PeMS08,12,1846,0.0033237815100480915
PeMS08,12,1847,0.0008166020092000305
PeMS08,12,1848,0.001441221632766002
PeMS08,12,1849,0.009687666081815689
PeMS08,12,1850,0.015263393877476642
PeMS08,12,1851,0.00881014198079737
PeMS08,12,1852,0.0026191887304522414
PeMS08,12,1853,-0.005685959648891091
PeMS08,12,1854,-0.0047208092038579785
PeMS08,12,1855,-0.008666044553663894
PeMS08,12,1856,-0.009743820525976695
PeMS08,12,1857,-0.008925716493952515
PeMS08,12,1858,-0.008577027252599822
PeMS08,12,1859,-0.01308536956946843
PeMS08,12,1860,-0.004052528363843926
PeMS08,12,1861,0.013735448430599382
PeMS08,12,1862,0.007318749433335528
PeMS08,12,1863,0.022566816577428057
PeMS08,12,1864,0.027838989048762593
PeMS08,12,1865,0.03277854546459916
PeMS08,12,1866,0.03611725691387452
PeMS08,12,1867,0.03618249002824883
PeMS08,12,1868,0.039523728852674134
PeMS08,12,1869,0.052242759633895415
PeMS08,12,1870,0.04579440254703815
PeMS08,12,1871,0.06154501866716995
PeMS08,12,1872,0.06206155679816026
PeMS08,12,1873,0.059753426827618764
PeMS08,12,1874,0.05934345425295593
PeMS08,12,1875,0.06713315046560814
PeMS08,12,1876,0.06650414642733248
PeMS08,12,1877,0.07145160390964635
PeMS08,12,1878,0.06793719285271871
PeMS08,12,1879,0.053760999306184214
PeMS08,12,1880,0.05073352731363616
PeMS08,12,1881,0.04653243012117284
PeMS08,12,1882,0.03919246459140998
PeMS08,12,1883,0.03550368210615103
PeMS08,12,1884,0.024681601921425364
PeMS08,12,1885,0.01801361197728625
PeMS08,12,1886,0.009089748328783263
PeMS08,12,1887,0.0021729103263379047
PeMS08,12,1888,-0.0009198015431076559
PeMS08,12,1889,-0.0027680256114776193
PeMS08,12,1890,0.004159756775541252
PeMS08,12,1891,-0.010385818840345392
PeMS08,12,1892,-0.011307614821719214
PeMS08,12,1893,-0.007398789577996181
PeMS08,12,1894,-0.005533205793704077
PeMS08,12,1895,-0.012500358814825455
PeMS08,12,1896,-0.018659858680548595
PeMS08,12,1897,-0.02517685673794445
PeMS08,12,1898,-0.02138937180004871
PeMS08,12,1899,-0.018463491056822722
PeMS08,12,1900,-0.021746441082610268
PeMS08,12,1901,-0.024822799887790167
PeMS08,12,1902,-0.018015053170468982
PeMS08,12,1903,-0.006313377376356697
PeMS08,12,1904,-0.01845181399521812
PeMS08,12,1905,-0.016289795288878986
PeMS08,12,1906,-0.013359962220257121
PeMS08,12,1907,-0.003615505253596835
PeMS08,12,1908,-0.00026347913604087296
PeMS08,12,1909,0.006282637983855186
PeMS08,12,1910,0.008444695373398437
PeMS08,12,1911,0.007080205375099075
PeMS08,12,1912,0.005430256070439126
PeMS08,12,1913,0.010496505794479352
PeMS08,12,1914,0.016327434146796865
PeMS08,12,1915,0.010460829324904013
PeMS08,12,1916,0.01223133407144026
PeMS08,12,1917,-0.004646512797125736
PeMS08,12,1918,-0.0036570943958239223
PeMS08,12,1919,0.0031069129625910337
PeMS08,12,1920,-0.0048571179427103475
PeMS08,12,1921,-0.008930780623507387
PeMS08,12,1922,-0.006826598174725154
PeMS08,12,1923,-0.004178743304879521
PeMS08,12,1924,-0.009416206063390739
PeMS08,12,1925,-0.004645486591258791
PeMS08,12,1926,-0.01098098553939955
PeMS08,12,1927,-0.012355455719701178
PeMS08,12,1928,-0.006036105058627508
PeMS08,12,1929,-0.007276093177424439
PeMS08,12,1930,-0.011976721908677363
PeMS08,12,1931,-0.004083254523069421
PeMS08,12,1932,-0.006573430289109716
PeMS08,12,1933,-0.012935588405176111
PeMS08,12,1934,-0.005467858897805792
PeMS08,12,1935,-0.009541554066071323
PeMS08,12,1936,0.0008486434112599588
PeMS08,12,1937,0.0015971930233956951
PeMS08,12,1938,0.00589327970948778
PeMS08,12,1939,-0.0011135165956649847
PeMS08,12,1940,0.006358377813746527
PeMS08,12,1941,-0.003853301661207268
PeMS08,12,1942,-0.005551161487609642
PeMS08,12,1943,-0.0190876648623176
PeMS08,12,1944,-0.022858514513787145
PeMS08,12,1945,-0.025327310736404148
PeMS08,12,1946,-0.03941240848841899
PeMS08,12,1947,-0.043948787414365385
PeMS08,12,1948,-0.05337568046989993
PeMS08,12,1949,-0.053108730707516
PeMS08,12,1950,-0.05331900041100664
PeMS08,12,1951,-0.059092582299536164
PeMS08,12,1952,-0.06927395412373749
PeMS08,12,1953,-0.05855029246161311
PeMS08,12,1954,-0.06230204603054907
PeMS08,12,1955,-0.06490414076895715
PeMS08,12,1956,-0.059143064141957975
PeMS08,12,1957,-0.06004743271190496
PeMS08,12,1958,-0.056357925738214694
PeMS08,12,1959,-0.06828981918239208
PeMS08,12,1960,-0.06731780471771592
PeMS08,12,1961,-0.06658528187756486
PeMS08,12,1962,-0.06943927537844553
PeMS08,12,1963,-0.07159947364707715
PeMS08,12,1964,-0.06879838982920644
PeMS08,12,1965,-0.06393813448670974
PeMS08,12,1966,-0.06804951603895135
PeMS08,12,1967,-0.06689885283169818
PeMS08,12,1968,-0.06300631750966033
PeMS08,12,1969,-0.06782386846641904
PeMS08,12,1970,-0.06732170882796812
PeMS08,12,1971,-0.05570819665900686
PeMS08,12,1972,-0.05812049778052228
PeMS08,12,1973,-0.05810079761490601
PeMS08,12,1974,-0.04796934743745449
PeMS08,12,1975,-0.049160323801676835
PeMS08,12,1976,-0.03716441841398548
PeMS08,12,1977,-0.03295036517720708
PeMS08,12,1978,-0.022017839709821675
PeMS08,12,1979,-0.021998249473780394
PeMS08,12,1980,-0.013580088856633123
PeMS08,12,1981,-0.007543188952025698
PeMS08,12,1982,-0.006064597193311491
PeMS08,12,1983,-0.0043589887837624935
PeMS08,12,1984,0.0029428296086992044
PeMS08,12,1985,0.0059762867594496515
PeMS08,12,1986,0.011567634576412003
PeMS08,12,1987,0.027796650246992984
PeMS08,12,1988,0.018426847749593165
PeMS08,12,1989,0.02378157550606224
PeMS08,12,1990,0.0275469005948944
PeMS08,12,1991,0.03085017870927682
PeMS08,12,1992,0.041538009663729905
PeMS08,12,1993,0.03815797476161251
PeMS08,12,1994,0.0517014917312818
PeMS08,12,1995,0.04878720440842223
PeMS08,12,1996,0.0427845779065036
PeMS08,12,1997,0.04133452705682589
PeMS08,12,1998,0.05214041502469304
PeMS08,12,1999,0.05131283180864844
PeMS08,12,2000,0.05588139532125245
PeMS08,12,2001,0.05776358365466119
PeMS08,12,2002,0.058913359311272916
PeMS08,12,2003,0.06692294699354528
PeMS08,12,2004,0.05988939655839626
PeMS08,12,2005,0.04922916409593636
PeMS08,12,2006,0.059858844308557944
PeMS08,12,2007,0.08586731045848792
PeMS08,12,2008,0.08944652622952753
PeMS08,12,2009,0.10453072308646165
PeMS08,12,2010,0.11263337855184143
PeMS08,12,2011,0.13666062146841595
PeMS08,12,2012,0.15082726070917862
PeMS08,12,2013,0.1545665928992237
PeMS08,12,2014,0.17317111737739516
PeMS08,12,2015,0.20049405721458122
PeMS08,12,2016,0.282110468664465
