dataset,horizon,lag,acf
PeMS04,1,0,1.0
PeMS04,1,1,0.1360030497260628
PeMS04,1,2,0.08206652606092507
PeMS04,1,3,0.09032239313463196
PeMS04,1,4,0.06274077200228546
PeMS04,1,5,0.06942270047232642
PeMS04,1,6,0.04986484475274076
PeMS04,1,7,0.02903069649467386
PeMS04,1,8,0.06689967322530008
PeMS04,1,9,0.051962751234234196
PeMS04,1,10,0.05343404245604832
PeMS04,1,11,0.044125394667504064
PeMS04,1,12,0.008385224812099358
PeMS04,1,13,0.05281207579275488
PeMS04,1,14,0.044816084259893335
PeMS04,1,15,-0.0007874717848755748
PeMS04,1,16,0.037443784307507895
PeMS04,1,17,0.027871895721295944
PeMS04,1,18,0.02482661385238904
PeMS04,1,19,0.009255045465452654
PeMS04,1,20,0.011545575332739987
PeMS04,1,21,0.005471127828730309
PeMS04,1,22,0.052802001607160705
PeMS04,1,23,0.01164420367667753
PeMS04,1,24,0.05186545239116704
PeMS04,1,25,0.0645120580507282
PeMS04,1,26,-0.005369233472506343
PeMS04,1,27,0.007074779354953533
PeMS04,1,28,0.0014205764116010094
PeMS04,1,29,0.012932659384127312
PeMS04,1,30,0.02323386700610613
PeMS04,1,31,0.0031376705005736693
PeMS04,1,32,0.006274744476111767
PeMS04,1,33,0.023005784539714514
PeMS04,1,34,-0.028399333318277833
PeMS04,1,35,0.0021956085992186265
PeMS04,1,36,0.01400878167566211
PeMS04,1,37,0.021233233472204693
PeMS04,1,38,0.015288171658289783
PeMS04,1,39,0.0016616682304085402
PeMS04,1,40,0.016434808811413546
PeMS04,1,41,0.05036156184688077
PeMS04,1,42,0.009125292450536079
PeMS04,1,43,-0.012571769127648508
PeMS04,1,44,0.012062806462230971
PeMS04,1,45,0.02041225255087066
PeMS04,1,46,0.052983836540524146
PeMS04,1,47,0.05214701346435237
PeMS04,1,48,-0.006849129333503248
PeMS04,1,49,0.024911586468074638
PeMS04,1,50,0.0163106575011541
PeMS04,1,51,0.027195727568609832
PeMS04,1,52,0.007040975699328091
PeMS04,1,53,-0.005429442446680358
PeMS04,1,54,0.02529422962951983
PeMS04,1,55,0.011866296931487596
PeMS04,1,56,-0.0029766520072515663
PeMS04,1,57,0.022106736156961276
PeMS04,1,58,0.016413276001616135
PeMS04,1,59,0.009733242128247025
PeMS04,1,60,3.222878871479256e-05
PeMS04,1,61,0.0344102085735571
PeMS04,1,62,0.02041359410647902
PeMS04,1,63,0.005379880305821789
PeMS04,1,64,0.009420562478393997
PeMS04,1,65,0.03747791590951507
PeMS04,1,66,-0.014874608481777737
PeMS04,1,67,0.015580065173992493
PeMS04,1,68,0.026074457290488445
PeMS04,1,69,0.0005776305807489791
PeMS04,1,70,-0.005200003493238172
PeMS04,1,71,-0.010829650163720233
PeMS04,1,72,0.001624867848694105
PeMS04,1,73,0.00861052843844639
PeMS04,1,74,0.01342552279898999
PeMS04,1,75,-0.00948810675156387
PeMS04,1,76,0.011210997106967286
PeMS04,1,77,0.0028760121187116636
PeMS04,1,78,0.04185598822350048
PeMS04,1,79,0.015819438620715803
PeMS04,1,80,0.005916658578746167
PeMS04,1,81,0.021377204845473174
PeMS04,1,82,0.015782338539478784
PeMS04,1,83,0.006996522040493874
PeMS04,1,84,0.029267935441180472
PeMS04,1,85,0.01785760807171725
PeMS04,1,86,0.01628744287920422
PeMS04,1,87,0.0005233938437543639
PeMS04,1,88,0.018065873819111327
PeMS04,1,89,-0.002109151954993352
PeMS04,1,90,0.012922901943682645
PeMS04,1,91,0.0010496984363116836
PeMS04,1,92,0.03199368325928847
PeMS04,1,93,0.008522349029022998
PeMS04,1,94,0.01650101640382007
PeMS04,1,95,0.009583057288233545
PeMS04,1,96,0.017998033500438788
PeMS04,1,97,-0.0005649487909965592
PeMS04,1,98,-0.00032462202434726357
PeMS04,1,99,-0.023346982520726818
PeMS04,1,100,0.01831445841050411
PeMS04,1,101,0.019285455871117626
PeMS04,1,102,-0.021242995497883665
PeMS04,1,103,0.019712934227100114
PeMS04,1,104,0.010085408246801797
PeMS04,1,105,0.021643877079053554
PeMS04,1,106,0.0012492491446614731
PeMS04,1,107,-0.03658205131408628
PeMS04,1,108,0.021130269007479344
PeMS04,1,109,-0.017010614269539367
PeMS04,1,110,-0.012106699184406324
PeMS04,1,111,-0.006143036289879763
PeMS04,1,112,0.0009974767756156186
PeMS04,1,113,-0.010569847534226505
PeMS04,1,114,0.010743311704938183
PeMS04,1,115,0.018130292285860557
PeMS04,1,116,0.018448619759876925
PeMS04,1,117,-0.009704311792589654
PeMS04,1,118,0.015619962646639528
PeMS04,1,119,0.02005086643114351
PeMS04,1,120,0.004375371792551806
PeMS04,1,121,-0.014290400390696928
PeMS04,1,122,0.003395927693990016
PeMS04,1,123,-0.006574654283040132
PeMS04,1,124,0.0018606054178097224
PeMS04,1,125,0.012551982654931354
PeMS04,1,126,0.02862203173882405
PeMS04,1,127,-0.006984871225411483
PeMS04,1,128,0.0003488004877094958
PeMS04,1,129,0.002159760654539788
PeMS04,1,130,0.01772285265659463
PeMS04,1,131,0.005911991996874559
PeMS04,1,132,0.00524991767161547
PeMS04,1,133,0.015479140586249992
PeMS04,1,134,0.027751212946536003
PeMS04,1,135,0.03099043495807585
PeMS04,1,136,0.015306326739406045
PeMS04,1,137,-0.013864035757913692
PeMS04,1,138,-0.0044163157092533
PeMS04,1,139,-0.002030961608502915
PeMS04,1,140,0.0002314687225983556
PeMS04,1,141,0.0010125668992853971
PeMS04,1,142,0.007582298079560145
PeMS04,1,143,0.0016129918083868777
PeMS04,1,144,0.02181658774098737
PeMS04,1,145,0.011902889642679666
PeMS04,1,146,-0.008044258319587386
PeMS04,1,147,0.014159076922807632
PeMS04,1,148,-0.0034313018453453648
PeMS04,1,149,0.007324280683007915
PeMS04,1,150,0.0033951698688282467
PeMS04,1,151,-0.012696746290497897
PeMS04,1,152,-0.0025226781508722006
PeMS04,1,153,-0.007285361672345756
PeMS04,1,154,-0.01410934102946679
PeMS04,1,155,-0.004700386704816755
PeMS04,1,156,-0.02450356650709889
PeMS04,1,157,-0.018417069894046078
PeMS04,1,158,-0.010382873699012474
PeMS04,1,159,-0.016515063411811946
PeMS04,1,160,-0.017770157119304693
PeMS04,1,161,-0.0034309445188421034
PeMS04,1,162,-0.010613256285485758
PeMS04,1,163,-0.010749797203974931
PeMS04,1,164,0.0022723114331503194
PeMS04,1,165,-0.002466366026103815
PeMS04,1,166,-0.007094571142742859
PeMS04,1,167,-0.011989750538308268
PeMS04,1,168,-0.014731461722412405
PeMS04,1,169,0.005178753755978588
PeMS04,1,170,-0.028806856838812473
PeMS04,1,171,-0.03143952072036931
PeMS04,1,172,0.015827142781777274
PeMS04,1,173,-0.007405891002694682
PeMS04,1,174,-0.027958565138853114
PeMS04,1,175,-0.032264594920761544
PeMS04,1,176,-0.011698778944719032
PeMS04,1,177,-0.007014696585580809
PeMS04,1,178,0.0007391855218157523
PeMS04,1,179,-0.02888286736965049
PeMS04,1,180,-0.0003218377243948978
PeMS04,1,181,0.007667176926536891
PeMS04,1,182,-0.042249313499268415
PeMS04,1,183,0.013622225512444415
PeMS04,1,184,0.0017064823921158268
PeMS04,1,185,0.016579099707291923
PeMS04,1,186,0.031633880112066234
PeMS04,1,187,-0.017620227418241017
PeMS04,1,188,-0.00594926293406579
PeMS04,1,189,-0.0015934434496732842
PeMS04,1,190,-0.020495964516811713
PeMS04,1,191,-0.011040349491422553
PeMS04,1,192,-0.023095940137492315
PeMS04,1,193,-0.022324777636794114
PeMS04,1,194,0.007776540189756335
PeMS04,1,195,-0.007541689181970301
PeMS04,1,196,-0.004548188885521811
PeMS04,1,197,0.00303069281446031
PeMS04,1,198,-0.010405904795180856
PeMS04,1,199,-0.002459590448629978
PeMS04,1,200,-0.030498683232048428
PeMS04,1,201,-0.023407451036707296
PeMS04,1,202,0.02810985523142207
PeMS04,1,203,0.012311402807781298
PeMS04,1,204,-0.029560777310505708
PeMS04,1,205,-0.015684323825172604
PeMS04,1,206,-0.0001975771149387835
PeMS04,1,207,-0.03758340069407667
PeMS04,1,208,0.008181306598811182
PeMS04,1,209,0.03140235498999996
PeMS04,1,210,0.0213537084682268
PeMS04,1,211,-0.0015035937234090188
PeMS04,1,212,0.009926372262993645
PeMS04,1,213,0.004426430722918192
PeMS04,1,214,-0.010646020642727468
PeMS04,1,215,-0.02182410167005948
PeMS04,1,216,0.024653591183328636
PeMS04,1,217,0.0010990243626679502
PeMS04,1,218,0.00853149848834246
PeMS04,1,219,0.009615259000749167
PeMS04,1,220,0.00686658102840687
PeMS04,1,221,-0.012090804332008917
PeMS04,1,222,-0.010959044164167004
PeMS04,1,223,0.006210916197061981
PeMS04,1,224,-0.003123369166531748
PeMS04,1,225,-0.0013599746471093853
PeMS04,1,226,0.019228686072435292
PeMS04,1,227,0.00261131390836136
PeMS04,1,228,0.01205046464478083
PeMS04,1,229,-0.009751149191046402
PeMS04,1,230,-0.007637912249445514
PeMS04,1,231,-0.022410445529134484
PeMS04,1,232,0.000778736785061094
PeMS04,1,233,0.008840712244399297
PeMS04,1,234,0.012117191855886153
PeMS04,1,235,0.012391783781334358
PeMS04,1,236,-0.011655039979735675
PeMS04,1,237,-0.018384000293254585
PeMS04,1,238,0.0018173112281965047
PeMS04,1,239,0.006760022767878082
PeMS04,1,240,-0.011467378526100351
PeMS04,1,241,-0.006856037000526605
PeMS04,1,242,-0.005933792218742666
PeMS04,1,243,-0.014912797329147676
PeMS04,1,244,-0.037628547228347534
PeMS04,1,245,-0.01780616680376691
PeMS04,1,246,-0.045398088223809564
PeMS04,1,247,-0.025112290502994166
PeMS04,1,248,0.004715453517268972
PeMS04,1,249,-0.004803901714035083
PeMS04,1,250,-0.04463151322290752
PeMS04,1,251,-0.0008919809927176179
PeMS04,1,252,-0.041968418213712666
PeMS04,1,253,-0.0143889205086919
PeMS04,1,254,-0.01313807335395345
PeMS04,1,255,-0.02912147178628939
PeMS04,1,256,0.021846356427814434
PeMS04,1,257,0.0049378624602923185
PeMS04,1,258,0.009511250571742628
PeMS04,1,259,0.025503239459474292
PeMS04,1,260,0.050094486002077394
PeMS04,1,261,0.038504094812719894
PeMS04,1,262,-0.00013307539824730682
PeMS04,1,263,-0.021892037336517105
PeMS04,1,264,0.038331594733678996
PeMS04,1,265,0.027798951984313282
PeMS04,1,266,0.02117435159786349
PeMS04,1,267,0.029937070365072475
PeMS04,1,268,-0.03164420839203938
PeMS04,1,269,0.041106255618767455
PeMS04,1,270,0.036643584475716556
PeMS04,1,271,-0.001837194962571989
PeMS04,1,272,-0.021005627675951478
PeMS04,1,273,0.02011667984044448
PeMS04,1,274,-0.01564079145100941
PeMS04,1,275,0.003973913966654194
PeMS04,1,276,0.009834514492648772
PeMS04,1,277,0.011369993401965773
PeMS04,1,278,0.028087943699971526
PeMS04,1,279,-0.009402260183531047
PeMS04,1,280,0.00835436871656619
PeMS04,1,281,0.02199023503329776
PeMS04,1,282,-0.029810924930262554
PeMS04,1,283,-0.0027166951376179365
PeMS04,1,284,0.03466814827187854
PeMS04,1,285,-0.01979696866104036
PeMS04,1,286,0.04368688113164193
PeMS04,1,287,0.09332840632700666
PeMS04,1,288,0.004899332920521693
PeMS04,1,289,0.048772570408569055
PeMS04,1,290,0.008135893679722542
PeMS04,1,291,0.04716877923230392
PeMS04,1,292,0.01243488313124819
PeMS04,1,293,-0.020652984709593574
PeMS04,1,294,0.04864630731422941
PeMS04,1,295,-0.020281243013684423
PeMS04,1,296,-0.019028603388697458
PeMS04,1,297,0.05729994409147091
PeMS04,1,298,0.03415386145906398
PeMS04,1,299,0.028562547075209464
PeMS04,1,300,0.04110947271196232
PeMS04,1,301,-0.014835893739618982
PeMS04,1,302,0.05157198201992028
PeMS04,1,303,0.024804592950652245
PeMS04,1,304,-0.009878972825301254
PeMS04,1,305,0.023066110511355837
PeMS04,1,306,0.01974832053730307
PeMS04,1,307,0.036132168204166766
PeMS04,1,308,-0.00520080229115686
PeMS04,1,309,0.011741092072952349
PeMS04,1,310,0.023256486499974825
PeMS04,1,311,0.04085702477043017
PeMS04,1,312,-0.02106866484100523
PeMS04,1,313,0.018358528262009798
PeMS04,1,314,0.027918307185090255
PeMS04,1,315,-0.012188429524825984
PeMS04,1,316,-0.002573047970238103
PeMS04,1,317,-0.009741430007305683
PeMS04,1,318,-0.046748746121702885
PeMS04,1,319,0.012841944834356644
PeMS04,1,320,-0.037772508771414214
PeMS04,1,321,0.03239363619884317
PeMS04,1,322,0.004720639224104858
PeMS04,1,323,-4.177818712085244e-06
PeMS04,1,324,-0.0007495561969237274
PeMS04,1,325,-0.005645794889862411
PeMS04,1,326,-0.025196965070026667
PeMS04,1,327,-0.007428520909202101
PeMS04,1,328,0.002462358691957546
PeMS04,1,329,-0.008427467903080924
PeMS04,1,330,0.01030961638401902
PeMS04,1,331,0.010691297227645266
PeMS04,1,332,-0.014715543197940946
PeMS04,1,333,-0.00034072375950272777
PeMS04,1,334,-0.010276078225517262
PeMS04,1,335,0.0017722387798012568
PeMS04,1,336,-0.007645273371854588
PeMS04,1,337,-0.03387476324190989
PeMS04,1,338,0.015048953921670515
PeMS04,1,339,0.010867451200975778
PeMS04,1,340,-0.012604134320435391
PeMS04,1,341,-0.00579733216040061
PeMS04,1,342,-0.005134405179712078
PeMS04,1,343,0.012235046405881207
PeMS04,1,344,0.019399011149304837
PeMS04,1,345,-0.00744623914918798
PeMS04,1,346,-0.010166278351271882
PeMS04,1,347,-0.0012854880672690126
PeMS04,1,348,0.004616028881862503
PeMS04,1,349,0.006613468280005608
PeMS04,1,350,-0.017457171410783047
PeMS04,1,351,0.022004785256076062
PeMS04,1,352,0.034255535459483365
PeMS04,1,353,0.018327146309612817
PeMS04,1,354,-0.00023509402749048632
PeMS04,1,355,-0.008208033759236063
PeMS04,1,356,-0.029959098117087805
PeMS04,1,357,-0.01424477432597283
PeMS04,1,358,-0.004651098153799621
PeMS04,1,359,-0.00716521675346937
PeMS04,1,360,-0.014153751664175724
PeMS04,1,361,0.018199831476942808
PeMS04,1,362,-0.01265531915612795
PeMS04,1,363,-0.016367581486623373
PeMS04,1,364,-0.030875411869417835
PeMS04,1,365,0.018018964932760884
PeMS04,1,366,0.008725864718046752
PeMS04,1,367,-0.019440758943383065
PeMS04,1,368,-0.01659812399084571
PeMS04,1,369,-0.026733516151392085
PeMS04,1,370,-0.02525110557421541
PeMS04,1,371,-0.007276554125356905
PeMS04,1,372,0.00042676305899673483
PeMS04,1,373,-0.007814581752691254
PeMS04,1,374,0.010319700800124638
PeMS04,1,375,0.005091359407111642
PeMS04,1,376,0.01025528722862946
PeMS04,1,377,0.011921186896872535
PeMS04,1,378,-0.020079084378240294
PeMS04,1,379,-0.021159509845083278
PeMS04,1,380,-0.014793025134534753
PeMS04,1,381,-0.018791257649522046
PeMS04,1,382,-0.03405520177779504
PeMS04,1,383,-0.010843395112908185
PeMS04,1,384,-0.0014524482864342512
PeMS04,1,385,0.0016193967858410543
PeMS04,1,386,-0.02206092722909518
PeMS04,1,387,-0.022730147983380293
PeMS04,1,388,-0.011864695858212124
PeMS04,1,389,-0.0035003708018882377
PeMS04,1,390,-0.0037784717973699286
PeMS04,1,391,-0.002433738932167048
PeMS04,1,392,-0.013222494817987328
PeMS04,1,393,0.0001322876058585839
PeMS04,1,394,-0.01654746388923893
PeMS04,1,395,-0.01418497952024298
PeMS04,1,396,-0.02307145032419312
PeMS04,1,397,-0.022321027174421394
PeMS04,1,398,-0.022555808649501026
PeMS04,1,399,-0.019346492320695696
PeMS04,1,400,-0.009585537839850368
PeMS04,1,401,-0.013677350266350504
PeMS04,1,402,-1.4506821619225144e-05
PeMS04,1,403,0.0008860024829665405
PeMS04,1,404,-0.021546932334211476
PeMS04,1,405,-0.001625040000659611
PeMS04,1,406,0.008446189860934478
PeMS04,1,407,-0.0017530848592454292
PeMS04,1,408,0.0005449618193556229
PeMS04,1,409,-0.0011086006838053263
PeMS04,1,410,0.011171280915045004
PeMS04,1,411,-0.00019554319145340796
PeMS04,1,412,0.020770710800122487
PeMS04,1,413,0.015559508970762914
PeMS04,1,414,-0.015538071948665183
PeMS04,1,415,0.025453351110318684
PeMS04,1,416,0.0038247481910397
PeMS04,1,417,0.008673452548563273
PeMS04,1,418,0.01332360090918943
PeMS04,1,419,-0.0030343782193863857
PeMS04,1,420,0.011461056569655055
PeMS04,1,421,-0.007639615546128926
PeMS04,1,422,0.010030676078465174
PeMS04,1,423,-0.004336018405451697
PeMS04,1,424,0.008960883550718926
PeMS04,1,425,0.013906304036938114
PeMS04,1,426,0.009306189542783
PeMS04,1,427,-0.006987507595086194
PeMS04,1,428,0.016577844339767
PeMS04,1,429,0.023214220970648333
PeMS04,1,430,-0.010444622740389337
PeMS04,1,431,0.010033726169352278
PeMS04,1,432,-0.011553047477311633
PeMS04,1,433,0.004289716982357561
PeMS04,1,434,0.007943894366321144
PeMS04,1,435,-0.0005753407597801596
PeMS04,1,436,-0.017761978915894313
PeMS04,1,437,4.5625237575915806e-05
PeMS04,1,438,-0.010143355916617889
PeMS04,1,439,0.00031542586669408747
PeMS04,1,440,-0.014355793110106594
PeMS04,1,441,0.005201522444675051
PeMS04,1,442,-0.0055145766918501425
PeMS04,1,443,0.004622159192369231
PeMS04,1,444,-0.012925624770879994
PeMS04,1,445,0.0002874338423284323
PeMS04,1,446,-0.017565014157336665
PeMS04,1,447,-0.0015375826149090107
PeMS04,1,448,-0.033171309592741664
PeMS04,1,449,-0.01113140744237489
PeMS04,1,450,-0.0043941346979976086
PeMS04,1,451,-0.015189906109960738
PeMS04,1,452,-0.025736789247053086
PeMS04,1,453,-0.00013282942209486275
PeMS04,1,454,-0.01912445816035154
PeMS04,1,455,-2.1164791028015072e-05
PeMS04,1,456,-0.007866930237693932
PeMS04,1,457,-0.019934731829458555
PeMS04,1,458,-0.016986603128983924
PeMS04,1,459,0.002409550853283374
PeMS04,1,460,-0.02563383969104757
PeMS04,1,461,-0.03413469405767102
PeMS04,1,462,-0.03163343693453329
PeMS04,1,463,-0.023529620091919754
PeMS04,1,464,-0.017518391875220314
PeMS04,1,465,-0.011861086090979255
PeMS04,1,466,-0.017815265093246612
PeMS04,1,467,-0.02696781914080359
PeMS04,1,468,-0.04238122537176146
PeMS04,1,469,-0.01072861227656189
PeMS04,1,470,-0.0034890389684496315
PeMS04,1,471,-0.0017314028771691107
PeMS04,1,472,0.009055646008842835
PeMS04,1,473,-0.006255547766215962
PeMS04,1,474,-0.026452103285519914
PeMS04,1,475,-0.004254038289173054
PeMS04,1,476,-0.03212814838750126
PeMS04,1,477,-0.020595568848606027
PeMS04,1,478,-0.009413218235972253
PeMS04,1,479,-0.020932059544984324
PeMS04,1,480,0.013748923423108498
PeMS04,1,481,-0.03628246505753219
PeMS04,1,482,-0.011340251166869071
PeMS04,1,483,0.0035646554436158232
PeMS04,1,484,-0.02357804722774666
PeMS04,1,485,-0.010659956662729569
PeMS04,1,486,-0.006344532091686692
PeMS04,1,487,-0.02684708359230831
PeMS04,1,488,-0.012345829102392408
PeMS04,1,489,0.02329544009961569
PeMS04,1,490,-0.02717800236311703
PeMS04,1,491,-0.011424136438083713
PeMS04,1,492,-0.02778724692711525
PeMS04,1,493,0.026136577268242853
PeMS04,1,494,0.013041735452314894
PeMS04,1,495,0.01128151540874097
PeMS04,1,496,0.02040774835234515
PeMS04,1,497,0.0054562937787283545
PeMS04,1,498,-0.044869035662560154
PeMS04,1,499,0.024872032998564622
PeMS04,1,500,0.018490504643520485
PeMS04,1,501,-0.02089307255702202
PeMS04,1,502,0.006542440355939747
PeMS04,1,503,-0.005571134922814693
PeMS04,1,504,-0.01695825421338168
PeMS04,1,505,-0.02190632830640198
PeMS04,1,506,-0.02777271205992431
PeMS04,1,507,-0.007815127585068589
PeMS04,1,508,0.0008413529637313833
PeMS04,1,509,-0.021775514072744334
PeMS04,1,510,-0.006643633907288645
PeMS04,1,511,-0.01206043004375022
PeMS04,1,512,-0.03375176830441994
PeMS04,1,513,-0.015985015484404883
PeMS04,1,514,-0.0038899034339440197
PeMS04,1,515,0.004154113307479471
PeMS04,1,516,0.019754286601777134
PeMS04,1,517,0.0028121224394036526
PeMS04,1,518,0.012469837849039383
PeMS04,1,519,0.018931424772615
PeMS04,1,520,0.008707884104304548
PeMS04,1,521,-0.005577259511723875
PeMS04,1,522,-0.012466269868934336
PeMS04,1,523,0.004276949665801591
PeMS04,1,524,0.0008122941474341225
PeMS04,1,525,0.008886641804057585
PeMS04,1,526,-0.014660640438912765
PeMS04,1,527,-0.011446386076522517
PeMS04,1,528,-0.028034807143693493
PeMS04,1,529,0.0003745878972846768
PeMS04,1,530,0.003834756317710136
PeMS04,1,531,-0.014139476973068681
PeMS04,1,532,0.0034003145238863486
PeMS04,1,533,-0.016618646839012163
PeMS04,1,534,0.001578024463193554
PeMS04,1,535,-0.010564427907021216
PeMS04,1,536,-0.024307808655814694
PeMS04,1,537,-0.011642883344790116
PeMS04,1,538,-0.0029361812755982985
PeMS04,1,539,-0.016944654394875282
PeMS04,1,540,0.02354532020189702
PeMS04,1,541,-0.0062683715617975625
PeMS04,1,542,-0.02063762717286012
PeMS04,1,543,0.024573412448643594
PeMS04,1,544,-0.022590725751226743
PeMS04,1,545,0.008692987285879899
PeMS04,1,546,-0.01638509131028043
PeMS04,1,547,0.0075870246202567205
PeMS04,1,548,0.0020745015388340757
PeMS04,1,549,-0.0090805634112493
PeMS04,1,550,-0.011337885498794246
PeMS04,1,551,-0.0015455636810403277
PeMS04,1,552,-0.05405867494478693
PeMS04,1,553,-0.016198699216848623
PeMS04,1,554,0.014844132722410242
PeMS04,1,555,-0.025912750203576727
PeMS04,1,556,0.02217085731061625
PeMS04,1,557,0.00577213942096748
PeMS04,1,558,-0.03044222357729353
PeMS04,1,559,-0.032820461821668215
PeMS04,1,560,-0.03877551918821697
PeMS04,1,561,0.013099868412094923
PeMS04,1,562,0.0010552582089379489
PeMS04,1,563,0.022419857914911502
PeMS04,1,564,0.0314402158740703
PeMS04,1,565,0.023290224356758208
PeMS04,1,566,-0.033489060781377554
PeMS04,1,567,0.006038145373785214
PeMS04,1,568,-0.0033844181416978216
PeMS04,1,569,0.009661395714299628
PeMS04,1,570,0.03003069676347569
PeMS04,1,571,0.016000639213301356
PeMS04,1,572,-0.03496924591690591
PeMS04,1,573,-0.03364798943325681
PeMS04,1,574,0.024827288763134392
PeMS04,1,575,0.02444166897931719
PeMS04,1,576,0.005662922594186639
PeMS04,1,577,0.035433804343489826
PeMS04,1,578,0.06487140949551716
PeMS04,1,579,-0.00665391396464547
PeMS04,1,580,0.007248166993944438
PeMS04,1,581,0.030719747013225246
PeMS04,1,582,-0.08230287457518543
PeMS04,1,583,-0.0014691948132934819
PeMS04,1,584,-0.04515659280092242
PeMS04,1,585,-0.014842060757199899
PeMS04,1,586,0.012247652358167924
PeMS04,1,587,-0.012097837170109222
PeMS04,1,588,-0.0021248840213838505
PeMS04,1,589,0.010145584746501133
PeMS04,1,590,-0.017434319121265546
PeMS04,1,591,0.0012482318128960803
PeMS04,1,592,-0.004727401074451309
PeMS04,1,593,0.008675801044105452
PeMS04,1,594,0.02790259960867253
PeMS04,1,595,-0.028526136882295463
PeMS04,1,596,0.01893816787850276
PeMS04,1,597,-0.02241450619575926
PeMS04,1,598,-0.02062403963370018
PeMS04,1,599,-0.0005675365233817995
PeMS04,1,600,0.0011287871012088766
PeMS04,1,601,0.001137866767543805
PeMS04,1,602,-0.01419172813203395
PeMS04,1,603,0.009661085493883443
PeMS04,1,604,-0.04651683640866664
PeMS04,1,605,-0.011236627447070555
PeMS04,1,606,-0.04039454431562603
PeMS04,1,607,-0.007823907557304286
PeMS04,1,608,-0.012014002733303383
PeMS04,1,609,0.0035560984738685565
PeMS04,1,610,-0.008531242869312125
PeMS04,1,611,0.0006632531865325402
PeMS04,1,612,-0.0011584932872146852
PeMS04,1,613,0.0013666583996972059
PeMS04,1,614,-0.01676362629391113
PeMS04,1,615,-0.019835065486731446
PeMS04,1,616,0.01923078466563662
PeMS04,1,617,-0.010725996698336772
PeMS04,1,618,-0.018962696545702002
PeMS04,1,619,0.009915670690457888
PeMS04,1,620,-0.03635097352080776
PeMS04,1,621,-0.0060609833584658575
PeMS04,1,622,-0.008472392925124044
PeMS04,1,623,-0.026362299131715877
PeMS04,1,624,-0.010727322484163164
PeMS04,1,625,0.018777614172385076
PeMS04,1,626,0.008445554865216873
PeMS04,1,627,0.0032686111610308313
PeMS04,1,628,0.02528335085240029
PeMS04,1,629,0.008859942934029658
PeMS04,1,630,0.017018893868049074
PeMS04,1,631,-0.003460143920687089
PeMS04,1,632,0.001963864686544077
PeMS04,1,633,-0.01824173999544915
PeMS04,1,634,-0.014552782511508358
PeMS04,1,635,0.0026633003791005022
PeMS04,1,636,-0.029414222970943496
PeMS04,1,637,-0.015931613463296468
PeMS04,1,638,0.018632224070650454
PeMS04,1,639,-0.025775550811402544
PeMS04,1,640,-0.000772082863781975
PeMS04,1,641,0.022973847481756685
PeMS04,1,642,0.018078359338615173
PeMS04,1,643,0.007208869060881341
PeMS04,1,644,0.001999840923277602
PeMS04,1,645,-0.011286042566072916
PeMS04,1,646,0.004687257852154548
PeMS04,1,647,-0.01459184733764108
PeMS04,1,648,0.0037020599510520173
PeMS04,1,649,0.046979513336932135
PeMS04,1,650,0.014356799234599158
PeMS04,1,651,-0.008190849328478718
PeMS04,1,652,-0.001827348405508147
PeMS04,1,653,-0.006741793970665147
PeMS04,1,654,0.023638084242994885
PeMS04,1,655,0.007770208283825963
PeMS04,1,656,0.010371892609701701
PeMS04,1,657,0.01366692585414433
PeMS04,1,658,0.020523537190666758
PeMS04,1,659,-0.0030859957536369595
PeMS04,1,660,-0.02020441432271672
PeMS04,1,661,-0.012111659625985653
PeMS04,1,662,-0.020646799838562407
PeMS04,1,663,0.008713011197686646
PeMS04,1,664,0.004065391107153527
PeMS04,1,665,-0.010860274531097301
PeMS04,1,666,-0.004257871024840722
PeMS04,1,667,-0.02190360359343431
PeMS04,1,668,-0.019238998276186182
PeMS04,1,669,-0.011889095488170189
PeMS04,1,670,-0.016204697986736988
PeMS04,1,671,-0.01675844379194485
PeMS04,1,672,-0.0003245072050823675
PeMS04,1,673,-0.01331691686851914
PeMS04,1,674,0.002138204559522297
PeMS04,1,675,-0.03397830512210936
PeMS04,1,676,-0.02707092223039037
PeMS04,1,677,-0.006296258855436434
PeMS04,1,678,-0.010454145737086197
PeMS04,1,679,0.02432025861431023
PeMS04,1,680,0.0005962616256296868
PeMS04,1,681,-0.026174895173741126
PeMS04,1,682,0.004910043153176035
PeMS04,1,683,-0.011516319686635754
PeMS04,1,684,-0.031244859615365116
PeMS04,1,685,-0.02520281760286767
PeMS04,1,686,-0.02693466942721477
PeMS04,1,687,-0.013642683685207612
PeMS04,1,688,-0.024434853637821177
PeMS04,1,689,-0.01515142531682914
PeMS04,1,690,-0.021937217356863884
PeMS04,1,691,-0.012536523189167556
PeMS04,1,692,-0.03278636971254275
PeMS04,1,693,0.016517075768041616
PeMS04,1,694,-0.000447974129075523
PeMS04,1,695,0.015617658154108345
PeMS04,1,696,-0.015448072059972066
PeMS04,1,697,-0.014881991086228633
PeMS04,1,698,-0.0077163719930141905
PeMS04,1,699,0.017780903983587084
PeMS04,1,700,-0.009626487149225971
PeMS04,1,701,0.002409372002502267
PeMS04,1,702,-0.012834481670860654
PeMS04,1,703,0.0040543660765265865
PeMS04,1,704,0.015031798295009469
PeMS04,1,705,0.0042386225375719575
PeMS04,1,706,0.0008080613653821617
PeMS04,1,707,0.006797696504669046
PeMS04,1,708,-0.020569111896096552
PeMS04,1,709,0.014736421998812239
PeMS04,1,710,0.009523298736707696
PeMS04,1,711,0.009628194860587138
PeMS04,1,712,-0.003367346691663396
PeMS04,1,713,-0.008368031379740636
PeMS04,1,714,0.007691476824748896
PeMS04,1,715,0.016915656724636557
PeMS04,1,716,-0.00610509941201989
PeMS04,1,717,-0.00163375821033679
PeMS04,1,718,0.004069797858073566
PeMS04,1,719,0.03422646691552961
PeMS04,1,720,0.005801635819541478
PeMS04,1,721,-0.004944406800567228
PeMS04,1,722,-0.007984643281229555
PeMS04,1,723,0.005350579361552122
PeMS04,1,724,-0.0004802925013104037
PeMS04,1,725,-0.003941780618708213
PeMS04,1,726,-0.003817039593113526
PeMS04,1,727,0.0043973170542489495
PeMS04,1,728,0.008216657289865316
PeMS04,1,729,-0.008843048443763461
PeMS04,1,730,-0.02012644617325348
PeMS04,1,731,-0.0004113935842444055
PeMS04,1,732,-0.005512112275261006
PeMS04,1,733,-0.025319021787752975
PeMS04,1,734,-0.01673460523456772
PeMS04,1,735,-0.024710778939774566
PeMS04,1,736,-0.0034983391811614574
PeMS04,1,737,-0.008046384095896307
PeMS04,1,738,-0.011863941937463202
PeMS04,1,739,-0.021421216223046793
PeMS04,1,740,-0.0042227805866575634
PeMS04,1,741,0.013450061131312988
PeMS04,1,742,0.003531935891099335
PeMS04,1,743,-0.013843142010082403
PeMS04,1,744,-0.03285323405099403
PeMS04,1,745,-0.004488919936438393
PeMS04,1,746,0.0160198554092544
PeMS04,1,747,-0.0023926352716861134
PeMS04,1,748,0.010709061834305856
PeMS04,1,749,-0.006361061934705966
PeMS04,1,750,0.025719558763581153
PeMS04,1,751,-0.0138294636262484
PeMS04,1,752,-0.02859881859600817
PeMS04,1,753,0.0019094453920224018
PeMS04,1,754,-0.005476157375834121
PeMS04,1,755,-0.010139729818671742
PeMS04,1,756,0.0037914447783703644
PeMS04,1,757,-0.02630702848736785
PeMS04,1,758,4.8405883698037436e-05
PeMS04,1,759,0.019975183168440675
PeMS04,1,760,-0.006604711358763717
PeMS04,1,761,-0.018340728152957574
PeMS04,1,762,-0.005925487196362794
PeMS04,1,763,0.0029613586596525044
PeMS04,1,764,0.0010851560102818271
PeMS04,1,765,-0.01105521861303794
PeMS04,1,766,0.024441508483035782
PeMS04,1,767,-0.006734733362329122
PeMS04,1,768,-0.017141398755892698
PeMS04,1,769,-0.013739350594683694
PeMS04,1,770,-0.036462271663429614
PeMS04,1,771,-0.02542989917932725
PeMS04,1,772,0.010858296232569932
PeMS04,1,773,0.025342959695388422
PeMS04,1,774,0.025143525468659677
PeMS04,1,775,0.0029183049247443805
PeMS04,1,776,0.007538698864411072
PeMS04,1,777,0.026079718552772236
PeMS04,1,778,0.003076275329508805
PeMS04,1,779,-0.01240500727969852
PeMS04,1,780,-0.002717255987606573
PeMS04,1,781,-0.0261584419164624
PeMS04,1,782,-0.014270648377767403
PeMS04,1,783,0.01339404444678844
PeMS04,1,784,-0.022144190410699732
PeMS04,1,785,-0.026161793513709553
PeMS04,1,786,0.008133563377100316
PeMS04,1,787,0.003280799026482482
PeMS04,1,788,0.003913141275969069
PeMS04,1,789,0.004121900846031759
PeMS04,1,790,-0.02627455870328067
PeMS04,1,791,-0.02140320885986882
PeMS04,1,792,0.009016175562007282
PeMS04,1,793,-0.006557440960859965
PeMS04,1,794,-0.000980689122270764
PeMS04,1,795,0.0015151389286465467
PeMS04,1,796,-0.001571143026227611
PeMS04,1,797,0.022711169759345326
PeMS04,1,798,0.002521954264140181
PeMS04,1,799,0.003358699283311558
PeMS04,1,800,-0.014163810041869427
PeMS04,1,801,-0.017453532120441654
PeMS04,1,802,0.010183757823515579
PeMS04,1,803,0.010307858980914868
PeMS04,1,804,0.0005885725836564373
PeMS04,1,805,-0.0018368002214081487
PeMS04,1,806,-0.02628013549664544
PeMS04,1,807,-0.017497082618828295
PeMS04,1,808,-0.005151578400701403
PeMS04,1,809,0.00115017032024501
PeMS04,1,810,0.02805505833471956
PeMS04,1,811,-0.02863360452495648
PeMS04,1,812,0.00758660330094531
PeMS04,1,813,0.0084625724769615
PeMS04,1,814,-0.03912906226931452
PeMS04,1,815,-0.03722363279871164
PeMS04,1,816,-0.05234013177405508
PeMS04,1,817,-0.010652032932701708
PeMS04,1,818,-0.008633750953348677
PeMS04,1,819,-0.01993238875198283
PeMS04,1,820,-0.02911792460824058
PeMS04,1,821,-0.023350029958478378
PeMS04,1,822,-0.0178127856007837
PeMS04,1,823,-0.0074935112231227724
PeMS04,1,824,-0.010385465766033684
PeMS04,1,825,-0.019011614470743315
PeMS04,1,826,-0.0108982150657605
PeMS04,1,827,0.019541876157475553
PeMS04,1,828,-0.002515457164141392
PeMS04,1,829,-0.007093392175433229
PeMS04,1,830,-0.005208677566112216
PeMS04,1,831,-0.024890363154168867
PeMS04,1,832,0.018020134673915666
PeMS04,1,833,-0.029603221856718674
PeMS04,1,834,0.04562112862251564
PeMS04,1,835,0.01080422126694116
PeMS04,1,836,-0.010680074534747603
PeMS04,1,837,0.00945593353680953
PeMS04,1,838,-0.021421343136496206
PeMS04,1,839,-0.015845868983482447
PeMS04,1,840,0.011724550548051315
PeMS04,1,841,0.016630443592024813
PeMS04,1,842,0.020366825584494607
PeMS04,1,843,0.023086445212760712
PeMS04,1,844,0.02159672192307634
PeMS04,1,845,-0.007016077660491414
PeMS04,1,846,-0.022358527877367574
PeMS04,1,847,-0.006040784222695743
PeMS04,1,848,-0.010993322434471785
PeMS04,1,849,-0.013329685693017027
PeMS04,1,850,0.024091943948615746
PeMS04,1,851,-0.0018971380077782633
PeMS04,1,852,0.010943806401796211
PeMS04,1,853,-0.005935846894453116
PeMS04,1,854,0.03166374391113473
PeMS04,1,855,-0.003795619968972529
PeMS04,1,856,-0.0026690786898672433
PeMS04,1,857,-0.011329861384210908
PeMS04,1,858,0.011484170170482456
PeMS04,1,859,-3.706790104817037e-05
PeMS04,1,860,-0.018733402460403746
PeMS04,1,861,-0.013431696265431928
PeMS04,1,862,0.005365040872879237
PeMS04,1,863,0.015133658526143267
PeMS04,1,864,0.013998657802848197
PeMS04,1,865,0.0375511661153302
PeMS04,1,866,0.012514401442507718
PeMS04,1,867,0.03410447848419768
PeMS04,1,868,0.012624242258749883
PeMS04,1,869,-0.020666367628969905
PeMS04,1,870,0.0030090905276716345
PeMS04,1,871,-0.007241068606398971
PeMS04,1,872,-0.015787936151597584
PeMS04,1,873,-0.017747263247472403
PeMS04,1,874,-0.012365595725970912
PeMS04,1,875,-0.012165639248822352
PeMS04,1,876,0.02177974404569999
PeMS04,1,877,0.021851840716378974
PeMS04,1,878,0.0007947302184805584
PeMS04,1,879,-0.021456837235652934
PeMS04,1,880,0.010872278350667132
PeMS04,1,881,-0.005926046166724827
PeMS04,1,882,-0.012060854372744775
PeMS04,1,883,-0.006715379981396106
PeMS04,1,884,-0.027931456430804663
PeMS04,1,885,-0.02784810160842901
PeMS04,1,886,-0.04943542298061378
PeMS04,1,887,-0.03577976639649741
PeMS04,1,888,0.005953676744078904
PeMS04,1,889,-0.00285721554339007
PeMS04,1,890,0.03259986304051586
PeMS04,1,891,-0.011114169697810396
PeMS04,1,892,0.009017778827049142
PeMS04,1,893,-0.01310760745206955
PeMS04,1,894,-0.017545308574272084
PeMS04,1,895,0.0011081957299298052
PeMS04,1,896,-0.031855951181990534
PeMS04,1,897,-0.027707230774658816
PeMS04,1,898,-0.026684574418263225
PeMS04,1,899,-0.02446037181075122
PeMS04,1,900,0.0038689557639384753
PeMS04,1,901,0.00695771173933671
PeMS04,1,902,-0.006786176097331783
PeMS04,1,903,-0.029482047648455936
PeMS04,1,904,-0.019234102361453082
PeMS04,1,905,-0.0010692472765960281
PeMS04,1,906,-0.011457466850544214
PeMS04,1,907,-0.008680604093977407
PeMS04,1,908,-0.011401077795907159
PeMS04,1,909,-0.0066235657786905735
PeMS04,1,910,-0.03590208751549138
PeMS04,1,911,-0.04426907313385362
PeMS04,1,912,0.012875315114425691
PeMS04,1,913,0.016047662938470653
PeMS04,1,914,-0.007814978770744437
PeMS04,1,915,-0.0017629125540411358
PeMS04,1,916,-0.00312343014267858
PeMS04,1,917,0.021192290174687222
PeMS04,1,918,-0.0035091810786924537
PeMS04,1,919,0.005719336456334661
PeMS04,1,920,0.003988635909133567
PeMS04,1,921,-0.015928906105306204
PeMS04,1,922,0.026100581474343135
PeMS04,1,923,-0.010652914068290987
PeMS04,1,924,-0.017259265326025924
PeMS04,1,925,-0.024860454421663233
PeMS04,1,926,-0.022183187465363716
PeMS04,1,927,0.022227586558111613
PeMS04,1,928,-0.0008071353478389733
PeMS04,1,929,-0.013737075942705075
PeMS04,1,930,-0.0019935630745479033
PeMS04,1,931,-0.00675636291885828
PeMS04,1,932,0.0024214994126878255
PeMS04,1,933,-0.027146490344416897
PeMS04,1,934,-0.04105746202478847
PeMS04,1,935,-0.01649804595239526
PeMS04,1,936,-0.010033727446807255
PeMS04,1,937,-0.008104283684858844
PeMS04,1,938,0.010117442064596147
PeMS04,1,939,0.005362799066429431
PeMS04,1,940,0.004675271635244038
PeMS04,1,941,-0.00567565625556678
PeMS04,1,942,0.006766517616160285
PeMS04,1,943,0.001499413220684013
PeMS04,1,944,0.015674213615425696
PeMS04,1,945,0.007802834030589514
PeMS04,1,946,-0.004025171978208655
PeMS04,1,947,-0.0012281167299574972
PeMS04,1,948,-0.028957228954743543
PeMS04,1,949,0.0015634470599099988
PeMS04,1,950,-0.01181443409523499
PeMS04,1,951,-0.002824725740679519
PeMS04,1,952,0.02708724393882253
PeMS04,1,953,0.020135322958463427
PeMS04,1,954,0.014656227988273263
PeMS04,1,955,0.015777176729648776
PeMS04,1,956,0.007981806404584969
PeMS04,1,957,-0.01624907746752347
PeMS04,1,958,0.013005092019822148
PeMS04,1,959,0.015533055862496929
PeMS04,1,960,0.004908573192696103
PeMS04,1,961,-0.021374991639310014
PeMS04,1,962,-0.007720780450466627
PeMS04,1,963,0.005742416089003559
PeMS04,1,964,-0.015452264362052453
PeMS04,1,965,-0.024875981160046048
PeMS04,1,966,0.010285198698682716
PeMS04,1,967,-0.010108720209422
PeMS04,1,968,0.014158249302322965
PeMS04,1,969,-0.007895790850081956
PeMS04,1,970,-0.00918301316956352
PeMS04,1,971,0.0033243635105453233
PeMS04,1,972,-0.02133681965165495
PeMS04,1,973,-0.008527046853134046
PeMS04,1,974,-0.0045324815874742625
PeMS04,1,975,-0.03744271151133391
PeMS04,1,976,-0.0013832705554894997
PeMS04,1,977,-0.0063905475448061844
PeMS04,1,978,-0.01643733266166233
PeMS04,1,979,0.01108541621352045
PeMS04,1,980,-0.004350111703477009
PeMS04,1,981,-0.019513803189310903
PeMS04,1,982,-0.01611813450147994
PeMS04,1,983,-0.02972647185020595
PeMS04,1,984,0.0007473687318227343
PeMS04,1,985,-0.0038346897157204157
PeMS04,1,986,-0.011886909356770704
PeMS04,1,987,-0.013065877845072692
PeMS04,1,988,-0.005586784192179483
PeMS04,1,989,-0.0009982574293097726
PeMS04,1,990,-0.007030941043752198
PeMS04,1,991,-0.014016649268815436
PeMS04,1,992,-0.0014920638186808942
PeMS04,1,993,0.013608219278441297
PeMS04,1,994,-0.008987013090380002
PeMS04,1,995,-0.011569429216493413
PeMS04,1,996,0.0009135286208169129
PeMS04,1,997,-0.010683454848535334
PeMS04,1,998,-0.0007107403947937187
PeMS04,1,999,-0.028775976699592087
PeMS04,1,1000,-0.013658424163441311
PeMS04,1,1001,-0.007991549460610021
PeMS04,1,1002,-0.0020692053033366416
PeMS04,1,1003,-0.0006171070672429194
PeMS04,1,1004,-0.007247451022369595
PeMS04,1,1005,-0.015839258331082764
PeMS04,1,1006,0.003571795022228148
PeMS04,1,1007,-0.006676343257968962
PeMS04,1,1008,0.0031683174632429556
PeMS04,1,1009,-0.005143942982747259
PeMS04,1,1010,-0.00924041377643472
PeMS04,1,1011,-0.0313994618270097
PeMS04,1,1012,-0.001869027410013961
PeMS04,1,1013,-0.01979939261376417
PeMS04,1,1014,-0.0008112816559330472
PeMS04,1,1015,-0.008715117996121381
PeMS04,1,1016,-0.005117230747202886
PeMS04,1,1017,-0.019607650407292867
PeMS04,1,1018,-0.012525863924673874
PeMS04,1,1019,-0.028563306880606636
PeMS04,1,1020,-0.0048504182934815615
PeMS04,1,1021,-0.016904494268934457
PeMS04,1,1022,-0.029503657042439225
PeMS04,1,1023,-0.01196028140712778
PeMS04,1,1024,-0.013106639766171204
PeMS04,1,1025,0.0004260182496176072
PeMS04,1,1026,-0.013685777098017068
PeMS04,1,1027,0.0028899730821142365
PeMS04,1,1028,-0.005604119801985771
PeMS04,1,1029,-0.02558958155843136
PeMS04,1,1030,-0.013329781474121423
PeMS04,1,1031,0.0006310948215236105
PeMS04,1,1032,0.007796047895993923
PeMS04,1,1033,0.004757689489881298
PeMS04,1,1034,0.015513929838096591
PeMS04,1,1035,0.009734138008725222
PeMS04,1,1036,0.012090201814192866
PeMS04,1,1037,0.009784426117296529
PeMS04,1,1038,-0.002591927553813168
PeMS04,1,1039,-0.0012435670622184445
PeMS04,1,1040,0.0028663325664223553
PeMS04,1,1041,-0.016738476907418948
PeMS04,1,1042,0.0009568959923480716
PeMS04,1,1043,0.012216392463345422
PeMS04,1,1044,0.0032366100333027746
PeMS04,1,1045,0.007378691538146304
PeMS04,1,1046,-0.011172777980495584
PeMS04,1,1047,-0.00829229837756579
PeMS04,1,1048,0.011794271272027984
PeMS04,1,1049,-0.017072351546827798
PeMS04,1,1050,-0.001441955792685853
PeMS04,1,1051,-0.02209135997148256
PeMS04,1,1052,0.01556264436647003
PeMS04,1,1053,0.03160388811250156
PeMS04,1,1054,-0.006557096410673653
PeMS04,1,1055,-0.025606009104600532
PeMS04,1,1056,0.005997880103522323
PeMS04,1,1057,0.011807557596684556
PeMS04,1,1058,-0.001200926200693111
PeMS04,1,1059,0.004547733456919914
PeMS04,1,1060,0.014942231199511194
PeMS04,1,1061,0.00921640879189669
PeMS04,1,1062,0.017502787944144935
PeMS04,1,1063,0.008348578080616786
PeMS04,1,1064,0.02445875089608714
PeMS04,1,1065,0.0042690313371051905
PeMS04,1,1066,0.0018488338133092336
PeMS04,1,1067,0.0198019506124365
PeMS04,1,1068,0.009092085659052469
PeMS04,1,1069,0.017228580678261968
PeMS04,1,1070,0.018414769468574274
PeMS04,1,1071,0.016668800637462174
PeMS04,1,1072,0.01750040391377318
PeMS04,1,1073,0.003457004506439502
PeMS04,1,1074,0.004915989617778034
PeMS04,1,1075,-0.007545673050674033
PeMS04,1,1076,-0.0027868026568611004
PeMS04,1,1077,0.0038233736871829778
PeMS04,1,1078,0.014053060366286283
PeMS04,1,1079,0.003500633979095008
PeMS04,1,1080,0.00805401415497412
PeMS04,1,1081,0.010456745958212369
PeMS04,1,1082,-0.016763595653351827
PeMS04,1,1083,-0.02711836381224639
PeMS04,1,1084,0.0022849639552555865
PeMS04,1,1085,0.005255094743443156
PeMS04,1,1086,0.014790818844870025
PeMS04,1,1087,-0.010275478878445439
PeMS04,1,1088,0.024159707202465564
PeMS04,1,1089,0.03493732181650669
PeMS04,1,1090,-0.003671714466413594
PeMS04,1,1091,0.005810900465754003
PeMS04,1,1092,0.004358975225649725
PeMS04,1,1093,-0.005991710272094561
PeMS04,1,1094,0.02020240341666336
PeMS04,1,1095,-0.014831913174079088
PeMS04,1,1096,0.01041692885821442
PeMS04,1,1097,0.017526145203675996
PeMS04,1,1098,-0.012682913481067575
PeMS04,1,1099,0.0314454841185388
PeMS04,1,1100,-0.0027202079291188093
PeMS04,1,1101,7.012000736049374e-06
PeMS04,1,1102,-0.007353980864683763
PeMS04,1,1103,0.011545344014714092
PeMS04,1,1104,0.008209591414972617
PeMS04,1,1105,0.0005284261696047004
PeMS04,1,1106,-0.01935566919298339
PeMS04,1,1107,0.014483661709892258
PeMS04,1,1108,0.010091057896054531
PeMS04,1,1109,0.0070068683374192526
PeMS04,1,1110,0.03554141503081204
PeMS04,1,1111,0.012979358994779536
PeMS04,1,1112,-0.006997780938504125
PeMS04,1,1113,0.0025890924753513983
PeMS04,1,1114,-0.006952341600821608
PeMS04,1,1115,-0.00867447293082116
PeMS04,1,1116,0.001271684553050553
PeMS04,1,1117,-0.018815221050017546
PeMS04,1,1118,0.006170751649755673
PeMS04,1,1119,0.011727471590994057
PeMS04,1,1120,-0.016405460183997248
PeMS04,1,1121,0.03916954305941692
PeMS04,1,1122,-0.00918272079036452
PeMS04,1,1123,-0.01822884325716348
PeMS04,1,1124,0.012864544637547555
PeMS04,1,1125,0.0014200587410710562
PeMS04,1,1126,0.025299379145476596
PeMS04,1,1127,0.007888804198809095
PeMS04,1,1128,0.02270152061578648
PeMS04,1,1129,0.03436902136067121
PeMS04,1,1130,-0.010781163987602737
PeMS04,1,1131,0.019825013655426455
PeMS04,1,1132,0.012025588779941023
PeMS04,1,1133,-0.013307204651443178
PeMS04,1,1134,0.02287756152103023
PeMS04,1,1135,0.0031265173289730876
PeMS04,1,1136,0.024133586709723178
PeMS04,1,1137,-0.010244413603343779
PeMS04,1,1138,-0.0004003917764450874
PeMS04,1,1139,0.01720847248494107
PeMS04,1,1140,0.019076067359727635
PeMS04,1,1141,0.022855486065439617
PeMS04,1,1142,-0.005525705150947088
PeMS04,1,1143,0.01631380924033712
PeMS04,1,1144,-0.020072105991337724
PeMS04,1,1145,-0.008387777452529
PeMS04,1,1146,-0.0018305376846128876
PeMS04,1,1147,-0.02608944736034312
PeMS04,1,1148,0.023959309032823773
PeMS04,1,1149,0.046013930694157636
PeMS04,1,1150,0.023083188621979916
PeMS04,1,1151,0.0223511432792164
PeMS04,1,1152,0.01569794633730926
PeMS04,1,1153,0.0283807791261978
PeMS04,1,1154,0.03924860004931382
PeMS04,1,1155,0.002457158093771683
PeMS04,1,1156,0.014124781645346527
PeMS04,1,1157,0.029338751210998548
PeMS04,1,1158,0.010256980336007365
PeMS04,1,1159,-0.008112409106101916
PeMS04,1,1160,0.00926413122734103
PeMS04,1,1161,0.011137485588807299
PeMS04,1,1162,0.03762677229485725
PeMS04,1,1163,-0.005912945558926251
PeMS04,1,1164,0.003244098261241948
PeMS04,1,1165,0.038139159748792714
PeMS04,1,1166,0.026507036174900692
PeMS04,1,1167,-0.012020414669156003
PeMS04,1,1168,0.013056621405352827
PeMS04,1,1169,0.002515922501833811
PeMS04,1,1170,0.025929564264279562
PeMS04,1,1171,0.02129902295429842
PeMS04,1,1172,0.01593944327455037
PeMS04,1,1173,0.03472712415505751
PeMS04,1,1174,0.02234216702301343
PeMS04,1,1175,0.04006341503298321
PeMS04,1,1176,0.007857062365293545
PeMS04,1,1177,-0.003395420106322792
PeMS04,1,1178,0.006811476477512287
PeMS04,1,1179,0.02527891038653661
PeMS04,1,1180,-0.014491476889398554
PeMS04,1,1181,-0.028799652723650516
PeMS04,1,1182,0.011283351532381787
PeMS04,1,1183,-0.006197890596113799
PeMS04,1,1184,0.02119474711591247
PeMS04,1,1185,-0.04154338123310928
PeMS04,1,1186,0.00494192524017072
PeMS04,1,1187,0.016259877058559618
PeMS04,1,1188,0.022187164967738236
PeMS04,1,1189,-0.006691961704621304
PeMS04,1,1190,-0.028823271203869436
PeMS04,1,1191,-0.03332271083899474
PeMS04,1,1192,-0.018492989558759068
PeMS04,1,1193,-0.014625882156520114
PeMS04,1,1194,-0.018223503220154175
PeMS04,1,1195,-0.02622095140452709
PeMS04,1,1196,-0.016725337863755328
PeMS04,1,1197,-0.02223432362813584
PeMS04,1,1198,-0.035690568561865504
PeMS04,1,1199,-0.014531124970236613
PeMS04,1,1200,-0.017192600039867133
PeMS04,1,1201,-0.02242747981967261
PeMS04,1,1202,-0.02100432343010647
PeMS04,1,1203,-0.006121480340258321
PeMS04,1,1204,-0.009130334532234026
PeMS04,1,1205,-0.008519596510893408
PeMS04,1,1206,0.00331838740175194
PeMS04,1,1207,-0.010631683587739695
PeMS04,1,1208,-0.0076794096026357546
PeMS04,1,1209,-0.021344920084421754
PeMS04,1,1210,-0.008870576958091111
PeMS04,1,1211,-0.003177115424071352
PeMS04,1,1212,0.01960945484775538
PeMS04,1,1213,0.010202751391663498
PeMS04,1,1214,0.00020249619702835216
PeMS04,1,1215,0.01282077632094848
PeMS04,1,1216,-0.008327743670469049
PeMS04,1,1217,-0.01118113900497174
PeMS04,1,1218,0.012085888714527251
PeMS04,1,1219,0.03970822223920994
PeMS04,1,1220,0.016570405958271108
PeMS04,1,1221,0.005408067301162382
PeMS04,1,1222,-0.0002710996647091868
PeMS04,1,1223,0.007045199393812482
PeMS04,1,1224,0.003697593186142355
PeMS04,1,1225,-0.0009732728336476259
PeMS04,1,1226,-0.009239996623452654
PeMS04,1,1227,0.006428496992177045
PeMS04,1,1228,0.0022056471526815473
PeMS04,1,1229,0.013060652238332911
PeMS04,1,1230,0.001812558283649929
PeMS04,1,1231,-0.017729211370115135
PeMS04,1,1232,-0.029875636655287086
PeMS04,1,1233,0.008909977279998897
PeMS04,1,1234,-0.01947402328739932
PeMS04,1,1235,-0.023275945785151696
PeMS04,1,1236,-0.013626231420039745
PeMS04,1,1237,-0.005152421429358129
PeMS04,1,1238,-0.01189023648130858
PeMS04,1,1239,-0.010510603252881097
PeMS04,1,1240,-0.02227069859968522
PeMS04,1,1241,-0.0022448348839062596
PeMS04,1,1242,0.017737625647705948
PeMS04,1,1243,0.03313976149828678
PeMS04,1,1244,0.011881701662375786
PeMS04,1,1245,-0.0018588994787565494
PeMS04,1,1246,-0.011111852798512938
PeMS04,1,1247,0.00032752756605302513
PeMS04,1,1248,-0.005288138322765891
PeMS04,1,1249,-0.004133374824197459
PeMS04,1,1250,0.009252639144712398
PeMS04,1,1251,-0.0049003956885558244
PeMS04,1,1252,0.0045060628422770276
PeMS04,1,1253,0.004189352702969524
PeMS04,1,1254,0.040410080984543004
PeMS04,1,1255,0.011747384404918085
PeMS04,1,1256,0.010818357852485585
PeMS04,1,1257,0.035094729431003155
PeMS04,1,1258,-0.002257470182601744
PeMS04,1,1259,-0.022956185045099605
PeMS04,1,1260,0.004357481477340995
PeMS04,1,1261,-0.005827874386385619
PeMS04,1,1262,-0.0016712449651457822
PeMS04,1,1263,0.007109937539574757
PeMS04,1,1264,-0.017108295853494354
PeMS04,1,1265,0.012082508913560013
PeMS04,1,1266,0.03024180229886368
PeMS04,1,1267,0.007959604144328959
PeMS04,1,1268,0.020280190713473832
PeMS04,1,1269,0.0037950922565699423
PeMS04,1,1270,0.01418514795397327
PeMS04,1,1271,-0.005274373341319008
PeMS04,1,1272,-0.019989601923847983
PeMS04,1,1273,-0.0009653823075043683
PeMS04,1,1274,0.02442349151079285
PeMS04,1,1275,0.007869518636084273
PeMS04,1,1276,-0.005971572660952319
PeMS04,1,1277,-0.040565692480904775
PeMS04,1,1278,-0.01993137261123498
PeMS04,1,1279,0.00012423452005758283
PeMS04,1,1280,0.005874714546482795
PeMS04,1,1281,-0.011305459137321328
PeMS04,1,1282,-0.000390381907336254
PeMS04,1,1283,-0.008789361562838945
PeMS04,1,1284,0.013772808001423182
PeMS04,1,1285,-0.005703745158744967
PeMS04,1,1286,-0.009749789802453944
PeMS04,1,1287,-0.007319971833529507
PeMS04,1,1288,-0.013236211637988155
PeMS04,1,1289,-0.013696950703102236
PeMS04,1,1290,-0.005315942984742796
PeMS04,1,1291,0.01004087536318691
PeMS04,1,1292,0.020702369087169374
PeMS04,1,1293,0.014997533960956778
PeMS04,1,1294,0.006898055280480313
PeMS04,1,1295,0.0003165390015138123
PeMS04,1,1296,0.009891145142955722
PeMS04,1,1297,0.02776877892390317
PeMS04,1,1298,0.010121803140762633
PeMS04,1,1299,-0.00976754704469715
PeMS04,1,1300,-0.0038572629406084095
PeMS04,1,1301,-0.0007588584226633951
PeMS04,1,1302,0.002183387551076632
PeMS04,1,1303,-0.0005336486823768679
PeMS04,1,1304,0.006226021912508281
PeMS04,1,1305,0.011425155902424778
PeMS04,1,1306,0.014962230015121418
PeMS04,1,1307,0.010119500347968787
PeMS04,1,1308,0.004616724343870022
PeMS04,1,1309,-0.0022941004971866272
PeMS04,1,1310,-0.0041241357599916635
PeMS04,1,1311,-0.009143978331329107
PeMS04,1,1312,0.008206297453800894
PeMS04,1,1313,0.0023252391574587485
PeMS04,1,1314,-0.013840117638253413
PeMS04,1,1315,-0.007883384803995896
PeMS04,1,1316,-0.024295789850478033
PeMS04,1,1317,0.00832753862380993
PeMS04,1,1318,-0.010441789198759016
PeMS04,1,1319,0.0036221118339495742
PeMS04,1,1320,-0.0015160194222928781
PeMS04,1,1321,0.018351833700062305
PeMS04,1,1322,-0.0010575885160130007
PeMS04,1,1323,0.010067713422301026
PeMS04,1,1324,-0.018403739921176818
PeMS04,1,1325,-0.01956804798197326
PeMS04,1,1326,-0.01767062503572668
PeMS04,1,1327,-0.004079764336687337
PeMS04,1,1328,0.0035189403341597163
PeMS04,1,1329,0.004372025326270771
PeMS04,1,1330,-0.008502858383189394
PeMS04,1,1331,-0.008804533933953678
PeMS04,1,1332,-0.017348453554768786
PeMS04,1,1333,-0.007990258250470459
PeMS04,1,1334,0.001075806299488845
PeMS04,1,1335,-0.016518555561726052
PeMS04,1,1336,-0.01588183391419492
PeMS04,1,1337,0.025808722803131873
PeMS04,1,1338,-0.011891674841372515
PeMS04,1,1339,-0.0030979327933356557
PeMS04,1,1340,-0.021279000557116998
PeMS04,1,1341,-0.028830876340611652
PeMS04,1,1342,0.0036054555248151644
PeMS04,1,1343,0.005800036583374445
PeMS04,1,1344,0.0031785920575776176
PeMS04,1,1345,-0.01761523190407386
PeMS04,1,1346,-0.015201963568764678
PeMS04,1,1347,0.005514704008725301
PeMS04,1,1348,0.0003737460023126857
PeMS04,1,1349,-0.012499288402520686
PeMS04,1,1350,-0.005473459162123693
PeMS04,1,1351,-0.005247855421421212
PeMS04,1,1352,0.0028586419058855513
PeMS04,1,1353,-0.00025180429159243526
PeMS04,1,1354,-0.010119178778621202
PeMS04,1,1355,0.005454547135903593
PeMS04,1,1356,0.0032385259368856467
PeMS04,1,1357,0.0017937198325418719
PeMS04,1,1358,0.020241486137730805
PeMS04,1,1359,0.021984124885764428
PeMS04,1,1360,0.003109586065940499
PeMS04,1,1361,-0.002415241041757565
PeMS04,1,1362,0.015793661827757682
PeMS04,1,1363,0.0020281736435761827
PeMS04,1,1364,-0.0013654264779298813
PeMS04,1,1365,0.011447569418148397
PeMS04,1,1366,0.02762933085123661
PeMS04,1,1367,0.023982970409459833
PeMS04,1,1368,0.011369173228377239
PeMS04,1,1369,0.0024501024263773514
PeMS04,1,1370,0.011904382018257189
PeMS04,1,1371,-0.0014810248409144887
PeMS04,1,1372,0.012521759447375342
PeMS04,1,1373,0.0007676230224994438
PeMS04,1,1374,0.015211142522455241
PeMS04,1,1375,0.019235650425187788
PeMS04,1,1376,-0.0008562905322539177
PeMS04,1,1377,-0.0001224379803102714
PeMS04,1,1378,0.01663418358927061
PeMS04,1,1379,-0.006693573185688941
PeMS04,1,1380,-0.009067002423195058
PeMS04,1,1381,-5.1390067488709866e-05
PeMS04,1,1382,-0.0035891836384026473
PeMS04,1,1383,-0.01755368962733507
PeMS04,1,1384,0.0065868940844352715
PeMS04,1,1385,-0.0023320825625442972
PeMS04,1,1386,0.005832037241123125
PeMS04,1,1387,-0.011142538342041453
PeMS04,1,1388,0.012178416801265088
PeMS04,1,1389,-0.00547308365991276
PeMS04,1,1390,0.012278362231394795
PeMS04,1,1391,0.013631480740804579
PeMS04,1,1392,-0.023496814729877382
PeMS04,1,1393,-0.034940653077314775
PeMS04,1,1394,-0.002320959027214518
PeMS04,1,1395,0.012301926097262153
PeMS04,1,1396,0.00797378563731306
PeMS04,1,1397,0.02724844108395193
PeMS04,1,1398,0.00618155865495439
PeMS04,1,1399,-0.008607037867302962
PeMS04,1,1400,0.012810269859686902
PeMS04,1,1401,-0.003278847373337175
PeMS04,1,1402,0.002147066907385112
PeMS04,1,1403,-0.003360991034933867
PeMS04,1,1404,0.0060395123675106455
PeMS04,1,1405,0.022479959777902677
PeMS04,1,1406,-0.009655787697140027
PeMS04,1,1407,-0.010721372858218576
PeMS04,1,1408,0.001627439586976617
PeMS04,1,1409,0.011657427879252906
PeMS04,1,1410,0.0006618450421241525
PeMS04,1,1411,0.00892345762373167
PeMS04,1,1412,-0.012551882588909838
PeMS04,1,1413,0.021176417030628707
PeMS04,1,1414,-0.008185561502835883
PeMS04,1,1415,0.0037230411252142616
PeMS04,1,1416,-0.022912714461968124
PeMS04,1,1417,-0.0037377092364869824
PeMS04,1,1418,-0.002474484156311166
PeMS04,1,1419,-0.009643350425642355
PeMS04,1,1420,0.03360058132335167
PeMS04,1,1421,0.004635249867528395
PeMS04,1,1422,0.018532604242336125
PeMS04,1,1423,0.0037145137282536085
PeMS04,1,1424,-0.007126689559075843
PeMS04,1,1425,-0.03242473238477988
PeMS04,1,1426,-0.0197954533405324
PeMS04,1,1427,-0.01073341773385782
PeMS04,1,1428,0.0036374040397998673
PeMS04,1,1429,-0.0173385467811456
PeMS04,1,1430,-0.002863158076967761
PeMS04,1,1431,-0.018978046293599716
PeMS04,1,1432,-0.0024674943117999532
PeMS04,1,1433,0.012389840110005986
PeMS04,1,1434,-0.04136979957130613
PeMS04,1,1435,0.0185617329324074
PeMS04,1,1436,-0.004427129577515187
PeMS04,1,1437,-0.002398420936789604
PeMS04,1,1438,0.04518809006861688
PeMS04,1,1439,0.01238437746510147
PeMS04,1,1440,0.009361498696893482
PeMS04,1,1441,0.026776346458992684
PeMS04,1,1442,0.00042456228587671544
PeMS04,1,1443,0.009073725846227251
PeMS04,1,1444,-0.009205150033888814
PeMS04,1,1445,0.011145783288284073
PeMS04,1,1446,0.015503786369930392
PeMS04,1,1447,0.0006705997085308614
PeMS04,1,1448,-0.00023382219729106967
PeMS04,1,1449,-0.01355333762480789
PeMS04,1,1450,-0.022486346977365988
PeMS04,1,1451,0.0075632573154669125
PeMS04,1,1452,0.026951015802738024
PeMS04,1,1453,0.02099853999083088
PeMS04,1,1454,-0.010375418604506585
PeMS04,1,1455,0.007049454352106637
PeMS04,1,1456,-0.003800167992971219
PeMS04,1,1457,-0.009882399593839514
PeMS04,1,1458,-0.01921897253040619
PeMS04,1,1459,0.006644059161792358
PeMS04,1,1460,0.01675899812014165
PeMS04,1,1461,-0.025556007131322837
PeMS04,1,1462,0.016772994735706575
PeMS04,1,1463,-0.0036532882447008457
PeMS04,1,1464,-0.02444403985463423
PeMS04,1,1465,-0.010535688957679996
PeMS04,1,1466,-0.00798492660648823
PeMS04,1,1467,-0.013633085361690344
PeMS04,1,1468,-0.014134166039816367
PeMS04,1,1469,0.010896483541112459
PeMS04,1,1470,0.011757026515964513
PeMS04,1,1471,-0.00048381954657167434
PeMS04,1,1472,-0.0061616790581112135
PeMS04,1,1473,-0.0024496494756417134
PeMS04,1,1474,-0.011042676901096154
PeMS04,1,1475,-0.011530395687719254
PeMS04,1,1476,-0.0023992101046235266
PeMS04,1,1477,-0.007739256253691511
PeMS04,1,1478,-0.006088892422881424
PeMS04,1,1479,-0.006618315438881328
PeMS04,1,1480,-0.023682574562376713
PeMS04,1,1481,-0.006669003026505821
PeMS04,1,1482,0.0008913968681006717
PeMS04,1,1483,-0.013773798539176683
PeMS04,1,1484,0.002455556633925427
PeMS04,1,1485,-0.008704838170402754
PeMS04,1,1486,0.008612200201211727
PeMS04,1,1487,0.011550380240798118
PeMS04,1,1488,-0.03550775272722534
PeMS04,1,1489,-0.032430706078032785
PeMS04,1,1490,0.0031876187289915626
PeMS04,1,1491,-0.016539955417812384
PeMS04,1,1492,0.006246872211456529
PeMS04,1,1493,0.03260202736837479
PeMS04,1,1494,-0.0014747462965564282
PeMS04,1,1495,-0.015060012999980256
PeMS04,1,1496,6.256317572839085e-05
PeMS04,1,1497,0.009426470638028782
PeMS04,1,1498,-0.005069178051961943
PeMS04,1,1499,-0.012845090726249214
PeMS04,1,1500,0.0015498110203918298
PeMS04,1,1501,0.0041720001957217916
PeMS04,1,1502,-0.008085192990478171
PeMS04,1,1503,0.0037998905567139963
PeMS04,1,1504,-0.031007281061352338
PeMS04,1,1505,-0.005998373989009792
PeMS04,1,1506,0.01078925092461992
PeMS04,1,1507,-0.012538220722622367
PeMS04,1,1508,-0.00416900543952021
PeMS04,1,1509,-0.006163971954079313
PeMS04,1,1510,-0.02005900564242774
PeMS04,1,1511,-0.02542651762995935
PeMS04,1,1512,-0.009798537011231264
PeMS04,1,1513,-0.012822890959220675
PeMS04,1,1514,-0.002223910446755535
PeMS04,1,1515,-0.02574670447289392
PeMS04,1,1516,-0.001710065604328816
PeMS04,1,1517,0.017195037278592402
PeMS04,1,1518,-0.020154599669572115
PeMS04,1,1519,0.007777692273883873
PeMS04,1,1520,0.007756153526544487
PeMS04,1,1521,-0.002005502362392806
PeMS04,1,1522,-0.0018891591092357655
PeMS04,1,1523,0.007890622493405516
PeMS04,1,1524,-0.0281180281406467
PeMS04,1,1525,-0.015126003169742308
PeMS04,1,1526,-0.02401795337350311
PeMS04,1,1527,0.01572274558360982
PeMS04,1,1528,-0.01102167296867931
PeMS04,1,1529,-0.0205572933467602
PeMS04,1,1530,-0.002298314818521023
PeMS04,1,1531,-0.002263509787893895
PeMS04,1,1532,-0.005915146824352147
PeMS04,1,1533,0.018237939671032478
PeMS04,1,1534,0.006552588583042324
PeMS04,1,1535,-0.005676584199577496
PeMS04,1,1536,0.004297487845534253
PeMS04,1,1537,-0.028950724673549432
PeMS04,1,1538,-0.03079120039849134
PeMS04,1,1539,-0.01987850902851152
PeMS04,1,1540,-0.015510178565386844
PeMS04,1,1541,0.012333729603093613
PeMS04,1,1542,-0.012203550862682017
PeMS04,1,1543,-0.0018085977059566461
PeMS04,1,1544,0.013426661775000641
PeMS04,1,1545,-0.0005322133057207079
PeMS04,1,1546,-0.0021880945410210077
PeMS04,1,1547,-0.018181951333985556
PeMS04,1,1548,-0.019164606772838037
PeMS04,1,1549,0.0012997286972284278
PeMS04,1,1550,-0.006141702294035027
PeMS04,1,1551,-0.0002854814624201406
PeMS04,1,1552,-0.012338945613901626
PeMS04,1,1553,-0.006781445826307579
PeMS04,1,1554,-0.007014005926641973
PeMS04,1,1555,-0.010909684782081135
PeMS04,1,1556,-0.00918268761914054
PeMS04,1,1557,0.0011606093118432326
PeMS04,1,1558,0.0095820993408504
PeMS04,1,1559,-0.006954997363280148
PeMS04,1,1560,-0.005267870262752125
PeMS04,1,1561,-0.0021366512703706693
PeMS04,1,1562,-0.001843423569917767
PeMS04,1,1563,-0.005803775696498778
PeMS04,1,1564,-0.011238418909135272
PeMS04,1,1565,-0.006215289629000782
PeMS04,1,1566,-0.0014548491693777547
PeMS04,1,1567,0.005705244896607552
PeMS04,1,1568,-0.004590471309674395
PeMS04,1,1569,-0.006897835260270358
PeMS04,1,1570,0.0011816943092557899
PeMS04,1,1571,0.018161383403863494
PeMS04,1,1572,-0.006023850362162507
PeMS04,1,1573,0.006657009914905373
PeMS04,1,1574,-0.018673576934085147
PeMS04,1,1575,0.0019675507382282994
PeMS04,1,1576,-0.004497642893646341
PeMS04,1,1577,-0.0013179269655873868
PeMS04,1,1578,0.010032491115560423
PeMS04,1,1579,0.0030266751182148398
PeMS04,1,1580,0.00516623052912599
PeMS04,1,1581,0.027475938746459275
PeMS04,1,1582,0.017780937528690057
PeMS04,1,1583,0.0171144679109766
PeMS04,1,1584,0.006877198264665898
PeMS04,1,1585,0.010077732861166058
PeMS04,1,1586,0.010218914316947336
PeMS04,1,1587,0.010542283922595713
PeMS04,1,1588,0.009334446700284138
PeMS04,1,1589,0.004030955256865644
PeMS04,1,1590,0.01992289617603945
PeMS04,1,1591,0.009581410363373906
PeMS04,1,1592,0.007612355233388104
PeMS04,1,1593,0.0041228627838765936
PeMS04,1,1594,0.0051310466744045645
PeMS04,1,1595,0.01704102641043027
PeMS04,1,1596,0.017035354508369963
PeMS04,1,1597,-0.001036064285818449
PeMS04,1,1598,0.02130608575320583
PeMS04,1,1599,0.024485132752045696
PeMS04,1,1600,0.013745805558511896
PeMS04,1,1601,0.02776862274831548
PeMS04,1,1602,-0.012050442477345548
PeMS04,1,1603,-6.318976105414365e-05
PeMS04,1,1604,0.01468036325444067
PeMS04,1,1605,-0.001934990509132662
PeMS04,1,1606,-0.008266590436711152
PeMS04,1,1607,0.0026891206804938728
PeMS04,1,1608,0.008300632674497885
PeMS04,1,1609,0.004915027905286521
PeMS04,1,1610,-0.005968624285389044
PeMS04,1,1611,-0.013269315889371042
PeMS04,1,1612,-0.017985294815395434
PeMS04,1,1613,-0.005619974047456573
PeMS04,1,1614,-0.003602888904551287
PeMS04,1,1615,-0.0021313179055468426
PeMS04,1,1616,0.00497511240181125
PeMS04,1,1617,0.00318032102668032
PeMS04,1,1618,-0.0030813140945608938
PeMS04,1,1619,0.003877668644382827
PeMS04,1,1620,-0.008428880280358328
PeMS04,1,1621,-0.0019622164325125025
PeMS04,1,1622,-0.00656194063289889
PeMS04,1,1623,0.0005283682358809269
PeMS04,1,1624,-0.014567918947771675
PeMS04,1,1625,-0.0029391961507007377
PeMS04,1,1626,0.009138653049356205
PeMS04,1,1627,-0.003003430943206786
PeMS04,1,1628,-0.0006974268577381424
PeMS04,1,1629,0.005788788512241993
PeMS04,1,1630,-0.002676153976633689
PeMS04,1,1631,0.013911924961440838
PeMS04,1,1632,-0.022522061639890987
PeMS04,1,1633,-0.01736670923369321
PeMS04,1,1634,-0.018055863167662455
PeMS04,1,1635,-0.009162239250245577
PeMS04,1,1636,-0.0030130179011090895
PeMS04,1,1637,-0.0009060148293581156
PeMS04,1,1638,-0.007047349416850185
PeMS04,1,1639,0.016866544171785847
PeMS04,1,1640,-0.005236276404397199
PeMS04,1,1641,0.001058609938684523
PeMS04,1,1642,0.008481473372465747
PeMS04,1,1643,-0.001865950072726036
PeMS04,1,1644,0.0017752819110883659
PeMS04,1,1645,0.014179134846066872
PeMS04,1,1646,0.021237270290831885
PeMS04,1,1647,-0.00193829206808656
PeMS04,1,1648,-0.009654982385983203
PeMS04,1,1649,-0.017301009429477827
PeMS04,1,1650,0.0030281490959905774
PeMS04,1,1651,-0.0037952535702377205
PeMS04,1,1652,-0.017772732842482607
PeMS04,1,1653,-0.008429115801349784
PeMS04,1,1654,0.0006221851842205254
PeMS04,1,1655,0.027259349987601225
PeMS04,1,1656,0.011776619819605373
PeMS04,1,1657,0.006041888793980084
PeMS04,1,1658,0.0016640422262058708
PeMS04,1,1659,0.0003957660849262514
PeMS04,1,1660,-0.015385593630224325
PeMS04,1,1661,0.0003844863125815191
PeMS04,1,1662,2.4903526742085468e-05
PeMS04,1,1663,0.0031277978290082994
PeMS04,1,1664,0.007411098365250334
PeMS04,1,1665,0.020001932068362403
PeMS04,1,1666,0.02557585267944021
PeMS04,1,1667,0.018016463069175214
PeMS04,1,1668,0.01153812874718309
PeMS04,1,1669,0.015529871218858906
PeMS04,1,1670,0.011867934406095505
PeMS04,1,1671,-0.002261870410633256
PeMS04,1,1672,0.02872069545198704
PeMS04,1,1673,0.007829604723178347
PeMS04,1,1674,0.0013644509988530722
PeMS04,1,1675,0.019131970219703573
PeMS04,1,1676,0.013284736901478581
PeMS04,1,1677,0.022886077934978852
PeMS04,1,1678,0.015923745406717985
PeMS04,1,1679,-0.004614460892350992
PeMS04,1,1680,0.003933533715390377
PeMS04,1,1681,-0.0005908991616248476
PeMS04,1,1682,-0.0017156899725745101
PeMS04,1,1683,-0.004535742652514767
PeMS04,1,1684,0.004699056745187582
PeMS04,1,1685,0.0016658352487172714
PeMS04,1,1686,0.01652560215317872
PeMS04,1,1687,-0.005099728593758284
PeMS04,1,1688,0.017300381279879484
PeMS04,1,1689,-0.006304922074277107
PeMS04,1,1690,-0.009359470032462004
PeMS04,1,1691,-0.0068085803818316495
PeMS04,1,1692,-0.010114178041729788
PeMS04,1,1693,0.00793358208536164
PeMS04,1,1694,-0.00034414246384063937
PeMS04,1,1695,0.016769529279163448
PeMS04,1,1696,0.004129237847456303
PeMS04,1,1697,0.02520453307071048
PeMS04,1,1698,-0.014156742544677674
PeMS04,1,1699,0.009127278700945088
PeMS04,1,1700,0.013208775489364671
PeMS04,1,1701,0.003202265051621457
PeMS04,1,1702,0.02441228817236468
PeMS04,1,1703,0.024390077507846695
PeMS04,1,1704,0.00651680830647426
PeMS04,1,1705,0.026036546396576495
PeMS04,1,1706,0.0061523468390987926
PeMS04,1,1707,0.027785837735150976
PeMS04,1,1708,0.00850779012084724
PeMS04,1,1709,0.027052024253997248
PeMS04,1,1710,0.01964301793807878
PeMS04,1,1711,0.021795099572472026
PeMS04,1,1712,0.006358044400152561
PeMS04,1,1713,0.03974540828874397
PeMS04,1,1714,0.009828909210863835
PeMS04,1,1715,0.003148156072454133
PeMS04,1,1716,0.014178055435756901
PeMS04,1,1717,0.01959560554791195
PeMS04,1,1718,0.015376563941852396
PeMS04,1,1719,0.03911945957066337
PeMS04,1,1720,-0.004131226948293723
PeMS04,1,1721,-0.018587527180101017
PeMS04,1,1722,0.020168587514539794
PeMS04,1,1723,-0.020721580706080888
PeMS04,1,1724,-0.008272396782889662
PeMS04,1,1725,0.00938156775193114
PeMS04,1,1726,0.00197760052983177
PeMS04,1,1727,0.009399733557280783
PeMS04,1,1728,-0.025250927829728972
PeMS04,1,1729,0.039857081921451855
PeMS04,1,1730,0.027317118480259372
PeMS04,1,1731,-0.002202271140375712
PeMS04,1,1732,0.00562280332716621
PeMS04,1,1733,-6.125704287374324e-05
PeMS04,1,1734,0.006848556356945924
PeMS04,1,1735,0.026030891015080094
PeMS04,1,1736,-0.001072669321938705
PeMS04,1,1737,-0.00019399794003462483
PeMS04,1,1738,0.0009432560319490325
PeMS04,1,1739,0.019434252330695113
PeMS04,1,1740,-0.0013777626431552552
PeMS04,1,1741,-0.007375223721872655
PeMS04,1,1742,0.009099776063039461
PeMS04,1,1743,0.029921309302916498
PeMS04,1,1744,0.0012996606536126245
PeMS04,1,1745,0.007888298423047597
PeMS04,1,1746,0.0017339302973700006
PeMS04,1,1747,0.025248547358294043
PeMS04,1,1748,-0.027860519772824503
PeMS04,1,1749,0.006567267978525208
PeMS04,1,1750,0.009326306722072894
PeMS04,1,1751,0.014718662364490511
PeMS04,1,1752,0.013496570844868466
PeMS04,1,1753,0.0049654265252529525
PeMS04,1,1754,0.002657217485246249
PeMS04,1,1755,-0.0012338590851069693
PeMS04,1,1756,-0.0008177904856868684
PeMS04,1,1757,-0.002413828805034882
PeMS04,1,1758,-0.013703590857774204
PeMS04,1,1759,-0.005629707757753979
PeMS04,1,1760,-0.010366826753358106
PeMS04,1,1761,-0.021092999273156058
PeMS04,1,1762,0.010283073413725766
PeMS04,1,1763,-0.004303991216854041
PeMS04,1,1764,-0.007510354267841911
PeMS04,1,1765,-0.00806309780747501
PeMS04,1,1766,-0.014966946405385042
PeMS04,1,1767,-0.011412380850042743
PeMS04,1,1768,-0.010914778263621626
PeMS04,1,1769,-0.0019178392511707437
PeMS04,1,1770,-0.015211585368583231
PeMS04,1,1771,-0.004062400483816898
PeMS04,1,1772,-0.03398500788260967
PeMS04,1,1773,-0.017837999654797026
PeMS04,1,1774,-0.005957247883122553
PeMS04,1,1775,-0.00669258096346498
PeMS04,1,1776,-0.009571185528553208
PeMS04,1,1777,0.0007954891082088951
PeMS04,1,1778,0.004762589326508593
PeMS04,1,1779,-0.006871548049500147
PeMS04,1,1780,-0.006574258292577122
PeMS04,1,1781,0.01342367963071402
PeMS04,1,1782,-0.0035154244266442994
PeMS04,1,1783,0.005105655097125874
PeMS04,1,1784,0.01176713906027681
PeMS04,1,1785,0.003863280403986399
PeMS04,1,1786,0.008741186705133014
PeMS04,1,1787,0.006242351990169683
PeMS04,1,1788,-0.001851929740757689
PeMS04,1,1789,0.003201546649515906
PeMS04,1,1790,0.01048314811396077
PeMS04,1,1791,0.00012759535475687791
PeMS04,1,1792,0.004642594222415263
PeMS04,1,1793,0.01388118284436466
PeMS04,1,1794,-0.006432098203560782
PeMS04,1,1795,-0.000757173067556108
PeMS04,1,1796,0.016379608555941495
PeMS04,1,1797,0.006705097079965712
PeMS04,1,1798,0.0007632762829473522
PeMS04,1,1799,-0.0058118615809354835
PeMS04,1,1800,0.015627957632869484
PeMS04,1,1801,-0.00012361913160780608
PeMS04,1,1802,-0.00977409385146318
PeMS04,1,1803,0.009748680908641545
PeMS04,1,1804,-0.0034568014694071818
PeMS04,1,1805,-0.005667967920188649
PeMS04,1,1806,0.006934164375416812
PeMS04,1,1807,-0.003613300228689287
PeMS04,1,1808,0.015313918280858723
PeMS04,1,1809,-0.008443749929117781
PeMS04,1,1810,0.011055813012602373
PeMS04,1,1811,0.01017631076637607
PeMS04,1,1812,-0.00590336071909301
PeMS04,1,1813,-0.006861866834607245
PeMS04,1,1814,0.02522474587970903
PeMS04,1,1815,-0.014315461151308604
PeMS04,1,1816,-0.02067764663588199
PeMS04,1,1817,-0.004652304115244345
PeMS04,1,1818,-0.007395494336927325
PeMS04,1,1819,0.010592941100997037
PeMS04,1,1820,-0.012462411983351603
PeMS04,1,1821,-0.006727124988267533
PeMS04,1,1822,0.004510013990882032
PeMS04,1,1823,-0.013885126412237063
PeMS04,1,1824,-0.003915565642920385
PeMS04,1,1825,-0.007509783707265844
PeMS04,1,1826,-0.02413732565455083
PeMS04,1,1827,-0.004623680080729544
PeMS04,1,1828,-0.0026704440909820887
PeMS04,1,1829,-0.0066746085554669436
PeMS04,1,1830,0.005936240960274613
PeMS04,1,1831,0.013287256399222316
PeMS04,1,1832,-0.001930282048327482
PeMS04,1,1833,0.000548781931593415
PeMS04,1,1834,-0.019663933272511067
PeMS04,1,1835,0.0058748909779277785
PeMS04,1,1836,-0.0030218018537312642
PeMS04,1,1837,-0.002490820436544961
PeMS04,1,1838,-0.0018084121227583366
PeMS04,1,1839,-0.01605316254218829
PeMS04,1,1840,-0.009525256576771167
PeMS04,1,1841,-0.012066269442432267
PeMS04,1,1842,0.006893343128042343
PeMS04,1,1843,0.01130680650183772
PeMS04,1,1844,0.011954783679884893
PeMS04,1,1845,-0.013939210426789085
PeMS04,1,1846,-0.017686984180465767
PeMS04,1,1847,-0.00015398883134863105
PeMS04,1,1848,-0.008493550668417333
PeMS04,1,1849,-0.011422102066386526
PeMS04,1,1850,-0.003477018263924527
PeMS04,1,1851,-0.006152648762419632
PeMS04,1,1852,-0.008605784418809182
PeMS04,1,1853,-0.009808747089941025
PeMS04,1,1854,0.004825941390385131
PeMS04,1,1855,0.011223708017906954
PeMS04,1,1856,-0.006245523091163698
PeMS04,1,1857,-0.002859809148621838
PeMS04,1,1858,0.0013671731711548277
PeMS04,1,1859,-7.459954701725108e-05
PeMS04,1,1860,-0.014416570257124308
PeMS04,1,1861,-0.002220228434978996
PeMS04,1,1862,-0.00909574325104656
PeMS04,1,1863,-0.021378010456294765
PeMS04,1,1864,-0.014283889590896768
PeMS04,1,1865,-0.012218200682329412
PeMS04,1,1866,-0.005617714764073125
PeMS04,1,1867,0.0027279745347629017
PeMS04,1,1868,-0.00398175233348676
PeMS04,1,1869,0.009616832703671785
PeMS04,1,1870,-0.0015844156587961808
PeMS04,1,1871,-0.0008428234914157859
PeMS04,1,1872,0.003663518274493019
PeMS04,1,1873,0.0016324983305000275
PeMS04,1,1874,0.003935405775000446
PeMS04,1,1875,0.004438513172911213
PeMS04,1,1876,-0.011423677085986633
PeMS04,1,1877,0.010002613952144546
PeMS04,1,1878,0.0012182063689470848
PeMS04,1,1879,-0.0035948787443684394
PeMS04,1,1880,0.002176042365080543
PeMS04,1,1881,-0.001925406026429279
PeMS04,1,1882,0.006559224457420181
PeMS04,1,1883,0.0012866087406099413
PeMS04,1,1884,0.004292431321138612
PeMS04,1,1885,0.007866734554943087
PeMS04,1,1886,0.011428916780106215
PeMS04,1,1887,-0.0029350346850329063
PeMS04,1,1888,-0.006081176437400427
PeMS04,1,1889,-0.013961297866123183
PeMS04,1,1890,0.0016136575642950975
PeMS04,1,1891,0.007374809981457185
PeMS04,1,1892,-0.01864310318196091
PeMS04,1,1893,-0.006941788531540858
PeMS04,1,1894,-0.0034940924976797727
PeMS04,1,1895,-0.0009462604962103329
PeMS04,1,1896,-0.0018623545781991267
PeMS04,1,1897,0.005886655839316083
PeMS04,1,1898,0.013632038510125068
PeMS04,1,1899,-0.006697485036558561
PeMS04,1,1900,-0.01609546927864686
PeMS04,1,1901,-0.012207667794123472
PeMS04,1,1902,0.009195632403671583
PeMS04,1,1903,-0.013231373903018944
PeMS04,1,1904,-0.005497171748666504
PeMS04,1,1905,-0.006926347093853551
PeMS04,1,1906,0.005058386870776583
PeMS04,1,1907,-0.007948645356317546
PeMS04,1,1908,-0.006028072920350265
PeMS04,1,1909,-0.022146410071490506
PeMS04,1,1910,-0.0199746055933682
PeMS04,1,1911,0.006192169711906059
PeMS04,1,1912,-0.00357826437069656
PeMS04,1,1913,-0.016707670271877795
PeMS04,1,1914,-0.013843913471337673
PeMS04,1,1915,0.004631454491894734
PeMS04,1,1916,-0.0037585311646637113
PeMS04,1,1917,-0.022575881372566567
PeMS04,1,1918,-0.009264199507455398
PeMS04,1,1919,-0.016856012852230182
PeMS04,1,1920,-0.0006817353310714803
PeMS04,1,1921,-0.009083262578119181
PeMS04,1,1922,-0.01177186005372406
PeMS04,1,1923,-0.005695661300807255
PeMS04,1,1924,0.009386259517988348
PeMS04,1,1925,-0.0029381359440903585
PeMS04,1,1926,-0.001256007753115238
PeMS04,1,1927,-0.009603139529429212
PeMS04,1,1928,0.006495495910004261
PeMS04,1,1929,0.005641934744526576
PeMS04,1,1930,-0.004516778841239494
PeMS04,1,1931,0.0027834283476657964
PeMS04,1,1932,0.0018754410529049834
PeMS04,1,1933,0.009416415828398727
PeMS04,1,1934,0.008213508365709894
PeMS04,1,1935,0.004467194788026263
PeMS04,1,1936,0.006735171068392049
PeMS04,1,1937,0.01366577396597701
PeMS04,1,1938,0.014290369288903848
PeMS04,1,1939,-0.012960483347469827
PeMS04,1,1940,-0.0030127848672519475
PeMS04,1,1941,-0.010802190124515106
PeMS04,1,1942,0.006293407985907232
PeMS04,1,1943,-0.004080082786240153
PeMS04,1,1944,-0.0019468455059251158
PeMS04,1,1945,-0.0030217880373207295
PeMS04,1,1946,-0.005409520723202076
PeMS04,1,1947,0.0015152497313785825
PeMS04,1,1948,0.0010710288515466896
PeMS04,1,1949,-0.013252761253152364
PeMS04,1,1950,-0.031886109259915155
PeMS04,1,1951,-0.0024440564509293676
PeMS04,1,1952,-0.005509378164258952
PeMS04,1,1953,-0.004774289517913649
PeMS04,1,1954,-0.004923690871901856
PeMS04,1,1955,0.009375116916208305
PeMS04,1,1956,-0.00486467621755972
PeMS04,1,1957,-0.004900747752806019
PeMS04,1,1958,0.005116960877766294
PeMS04,1,1959,0.00028233016481629095
PeMS04,1,1960,-0.001425712852244991
PeMS04,1,1961,0.006113086152825298
PeMS04,1,1962,0.014919214205012294
PeMS04,1,1963,-0.0060617790619819645
PeMS04,1,1964,-0.005714532162174307
PeMS04,1,1965,0.008082092348197505
PeMS04,1,1966,0.00409965075903216
PeMS04,1,1967,0.003914459497419511
PeMS04,1,1968,-0.017980063181706685
PeMS04,1,1969,0.018048330299082562
PeMS04,1,1970,0.01795291795372174
PeMS04,1,1971,0.00044046042593571096
PeMS04,1,1972,0.0079913996137853
PeMS04,1,1973,-0.0009205472048142375
PeMS04,1,1974,0.016988025502402235
PeMS04,1,1975,0.02907545825443523
PeMS04,1,1976,0.007979478724871151
PeMS04,1,1977,0.0011442005401282246
PeMS04,1,1978,0.0008158179610609114
PeMS04,1,1979,-0.0016448151233070096
PeMS04,1,1980,-0.0021129457920858125
PeMS04,1,1981,-0.006318520983428975
PeMS04,1,1982,-0.01794592840657361
PeMS04,1,1983,0.015213827815352703
PeMS04,1,1984,0.00212404826143851
PeMS04,1,1985,0.0020149097706009477
PeMS04,1,1986,0.002704165255806064
PeMS04,1,1987,0.002192316878486181
PeMS04,1,1988,-0.008956766973631927
PeMS04,1,1989,-0.003266196570859847
PeMS04,1,1990,-0.0193343122230034
PeMS04,1,1991,0.023080668138888632
PeMS04,1,1992,0.010997912382280334
PeMS04,1,1993,-0.004467149703517265
PeMS04,1,1994,0.01185310016016653
PeMS04,1,1995,-0.004167578430434111
PeMS04,1,1996,-0.0031736501287031394
PeMS04,1,1997,-0.005219904349864002
PeMS04,1,1998,0.01629475644318246
PeMS04,1,1999,0.018567554725029665
PeMS04,1,2000,0.013792736698211244
PeMS04,1,2001,0.0077051964569910735
PeMS04,1,2002,0.025191822146653026
PeMS04,1,2003,0.017419131478768283
PeMS04,1,2004,0.0049772514229683975
PeMS04,1,2005,0.018457312603215672
PeMS04,1,2006,0.02375157093704414
PeMS04,1,2007,0.02560154384947961
PeMS04,1,2008,0.015347401374457536
PeMS04,1,2009,0.0018545639217103043
PeMS04,1,2010,0.00792618953592133
PeMS04,1,2011,0.029528791103658154
PeMS04,1,2012,0.021546040645360472
PeMS04,1,2013,0.007493973220451994
PeMS04,1,2014,0.014589407101007718
PeMS04,1,2015,-0.011227451797888203
PeMS04,1,2016,0.21298088563777687
PeMS04,6,0,1.0
PeMS04,6,1,0.5031409159155267
PeMS04,6,2,0.45462410672560216
PeMS04,6,3,0.3689337675409558
PeMS04,6,4,0.26026065544491084
PeMS04,6,5,0.2032589218434434
PeMS04,6,6,0.08720960066945949
PeMS04,6,7,0.057564062500033944
PeMS04,6,8,0.09599998886314563
PeMS04,6,9,0.07157843996392706
PeMS04,6,10,0.10093378706491885
PeMS04,6,11,0.11006385239456015
PeMS04,6,12,0.09534117225524431
PeMS04,6,13,0.1126663553623964
PeMS04,6,14,0.10060505349762258
PeMS04,6,15,0.0894134181010032
PeMS04,6,16,0.08810428784421954
PeMS04,6,17,0.06843978977396725
PeMS04,6,18,0.06246660569885344
PeMS04,6,19,0.06607705116412982
PeMS04,6,20,0.06977560153733099
PeMS04,6,21,0.06660138710844145
PeMS04,6,22,0.09277921263505752
PeMS04,6,23,0.06567859805673654
PeMS04,6,24,0.09600334513128679
PeMS04,6,25,0.09392172994325095
PeMS04,6,26,0.06795600667112967
PeMS04,6,27,0.06072671064301959
PeMS04,6,28,0.053635709653875395
PeMS04,6,29,0.032333616859563825
PeMS04,6,30,0.035207628169454754
PeMS04,6,31,-0.0002690906211124502
PeMS04,6,32,0.020293789440122417
PeMS04,6,33,0.02367146655023718
PeMS04,6,34,0.02429090225119653
PeMS04,6,35,0.05462457960443927
PeMS04,6,36,0.0651123450603179
PeMS04,6,37,0.060508421805818766
PeMS04,6,38,0.06708253767621526
PeMS04,6,39,0.049288556488695186
PeMS04,6,40,0.05388139361686676
PeMS04,6,41,0.06622751021431891
PeMS04,6,42,0.045771349550575886
PeMS04,6,43,0.045905038331434535
PeMS04,6,44,0.046319155923211536
PeMS04,6,45,0.05976536102024189
PeMS04,6,46,0.06452725387187314
PeMS04,6,47,0.05860001496250294
PeMS04,6,48,0.053786128488465576
PeMS04,6,49,0.07027398004306244
PeMS04,6,50,0.06159772173473477
PeMS04,6,51,0.07046434973382829
PeMS04,6,52,0.062456235820055696
PeMS04,6,53,0.04932321897518107
PeMS04,6,54,0.06992146594316828
PeMS04,6,55,0.04813538351294724
PeMS04,6,56,0.039758810377608
PeMS04,6,57,0.05265207627517602
PeMS04,6,58,0.04220209258596286
PeMS04,6,59,0.05707971964615441
PeMS04,6,60,0.04037524337559906
PeMS04,6,61,0.0641370244078232
PeMS04,6,62,0.04867961288181874
PeMS04,6,63,0.03990727639583556
PeMS04,6,64,0.04358392584316817
PeMS04,6,65,0.03055849067193092
PeMS04,6,66,0.004697317762993066
PeMS04,6,67,0.005952515563389886
PeMS04,6,68,-0.0011055489535749677
PeMS04,6,69,0.0031282832367522766
PeMS04,6,70,0.0016277297869141266
PeMS04,6,71,0.016310069663224038
PeMS04,6,72,0.02408792342773041
PeMS04,6,73,0.04275938828899564
PeMS04,6,74,0.042891567878575676
PeMS04,6,75,0.045437177811586314
PeMS04,6,76,0.05584521787010857
PeMS04,6,77,0.03458077891292772
PeMS04,6,78,0.05854422163344605
PeMS04,6,79,0.06958923974218559
PeMS04,6,80,0.044552696934293326
PeMS04,6,81,0.06023147921151298
PeMS04,6,82,0.04782082226250823
PeMS04,6,83,0.048383976392735985
PeMS04,6,84,0.05572604903396488
PeMS04,6,85,0.03163903243378541
PeMS04,6,86,0.035849315551991175
PeMS04,6,87,0.021005418586981562
PeMS04,6,88,0.016263356560033547
PeMS04,6,89,-0.006167577025626778
PeMS04,6,90,-0.005148311296801758
PeMS04,6,91,-0.01906862420869322
PeMS04,6,92,0.0007966356264863465
PeMS04,6,93,0.004313477696082296
PeMS04,6,94,0.008742836467308565
PeMS04,6,95,0.022152108649023887
PeMS04,6,96,0.028415203793809688
PeMS04,6,97,0.023710458189819403
PeMS04,6,98,0.038551576637545715
PeMS04,6,99,0.025071974583706764
PeMS04,6,100,0.05101553879562599
PeMS04,6,101,0.04782798715632927
PeMS04,6,102,0.0381101917276212
PeMS04,6,103,0.05555326911693465
PeMS04,6,104,0.04492398424029363
PeMS04,6,105,0.03947763391623258
PeMS04,6,106,0.046612272450569266
PeMS04,6,107,0.014110482025639236
PeMS04,6,108,0.04774426014021199
PeMS04,6,109,0.012987321828104675
PeMS04,6,110,-0.00711176798215191
PeMS04,6,111,-0.013504507869362147
PeMS04,6,112,-0.0031589373588354805
PeMS04,6,113,0.0038197804695087297
PeMS04,6,114,0.007565150219696544
PeMS04,6,115,0.013591372086234432
PeMS04,6,116,0.027208025088591485
PeMS04,6,117,0.018354750964100934
PeMS04,6,118,0.02239332950815882
PeMS04,6,119,0.01570817430106886
PeMS04,6,120,0.007679049671999357
PeMS04,6,121,-0.002819440663024141
PeMS04,6,122,0.009745669834385288
PeMS04,6,123,-0.0010052952499345256
PeMS04,6,124,0.010793674113881976
PeMS04,6,125,-0.006308139927938509
PeMS04,6,126,0.0029177510516995393
PeMS04,6,127,0.0038482458383782593
PeMS04,6,128,0.001381260917062997
PeMS04,6,129,0.0026524496781587577
PeMS04,6,130,0.0028581415643404518
PeMS04,6,131,-0.006495198798605259
PeMS04,6,132,-0.008514520140169726
PeMS04,6,133,-0.004075693196034715
PeMS04,6,134,0.0017516553456287005
PeMS04,6,135,0.0004506836314760296
PeMS04,6,136,0.0006711782776901113
PeMS04,6,137,-0.0017710932400665244
PeMS04,6,138,0.012268647591773511
PeMS04,6,139,-0.00830302994670921
PeMS04,6,140,0.005843931546466827
PeMS04,6,141,-0.0012592916683986997
PeMS04,6,142,-0.0012967060351420133
PeMS04,6,143,0.009473785435795025
PeMS04,6,144,0.014509596190050966
PeMS04,6,145,0.01258761172019444
PeMS04,6,146,0.021854963994580593
PeMS04,6,147,0.017570409366224327
PeMS04,6,148,0.01001991954139698
PeMS04,6,149,0.016501813858979898
PeMS04,6,150,0.007491430813321057
PeMS04,6,151,-0.009806536150649832
PeMS04,6,152,-0.020453587383718063
PeMS04,6,153,-0.03416324347298926
PeMS04,6,154,-0.037115986284993276
PeMS04,6,155,-0.047856575453483985
PeMS04,6,156,-0.040189658688779446
PeMS04,6,157,-0.026812568628865923
PeMS04,6,158,-0.02708022094585718
PeMS04,6,159,-0.011303300136036363
PeMS04,6,160,-0.010063517979499819
PeMS04,6,161,-0.010680834026424876
PeMS04,6,162,0.0005925993203100832
PeMS04,6,163,-0.008186244859391989
PeMS04,6,164,0.0012405322072214905
PeMS04,6,165,-0.0056329045723676864
PeMS04,6,166,-0.02295045984303826
PeMS04,6,167,-0.013421195274915863
PeMS04,6,168,-0.023438533681192752
PeMS04,6,169,-0.02177681588102308
PeMS04,6,170,-0.030403322563032055
PeMS04,6,171,-0.03386955485822182
PeMS04,6,172,-0.018166678168607515
PeMS04,6,173,-0.02720314815263926
PeMS04,6,174,-0.04879664116036796
PeMS04,6,175,-0.04230514644172429
PeMS04,6,176,-0.046722440350998734
PeMS04,6,177,-0.04613344801497025
PeMS04,6,178,-0.04903127591539732
PeMS04,6,179,-0.06341632861635546
PeMS04,6,180,-0.03608011387810063
PeMS04,6,181,-0.01623171982737712
PeMS04,6,182,-0.027216562381387966
PeMS04,6,183,-0.0068189433374062055
PeMS04,6,184,-0.00021910464731961894
PeMS04,6,185,0.026973833474181287
PeMS04,6,186,0.0314768791566631
PeMS04,6,187,0.020210345058213664
PeMS04,6,188,0.011393718576549897
PeMS04,6,189,0.013599798171218359
PeMS04,6,190,0.0047425102697669745
PeMS04,6,191,0.003877358121383212
PeMS04,6,192,-0.011617167176613872
PeMS04,6,193,-0.013950546989827997
PeMS04,6,194,-0.0020003020391028722
PeMS04,6,195,0.00024568499069058466
PeMS04,6,196,-0.016826943955691797
PeMS04,6,197,0.0035976909995137714
PeMS04,6,198,-0.002882382541301258
PeMS04,6,199,0.009549212309416962
PeMS04,6,200,0.005996228404279897
PeMS04,6,201,0.016030925753141818
PeMS04,6,202,0.026476693949948945
PeMS04,6,203,0.02018418501442996
PeMS04,6,204,0.003901318471440243
PeMS04,6,205,0.005832572770604692
PeMS04,6,206,0.0006777954329648783
PeMS04,6,207,-0.006093712374041834
PeMS04,6,208,0.012512663961621016
PeMS04,6,209,0.012822098988484836
PeMS04,6,210,0.024302187130732265
PeMS04,6,211,0.022615651399749245
PeMS04,6,212,0.020459454849116033
PeMS04,6,213,0.023232919277221816
PeMS04,6,214,-0.000699829745594309
PeMS04,6,215,-0.005935378716984404
PeMS04,6,216,-0.0026489753731936813
PeMS04,6,217,-0.030944600767595046
PeMS04,6,218,-0.025736168447210585
PeMS04,6,219,-0.026947185262060074
PeMS04,6,220,-0.029853906931226804
PeMS04,6,221,-0.010052656753654484
PeMS04,6,222,-0.0010406749595941451
PeMS04,6,223,0.005243805463825083
PeMS04,6,224,0.025682672559162248
PeMS04,6,225,0.008821298574007751
PeMS04,6,226,0.024275966716868862
PeMS04,6,227,0.019500325693117035
PeMS04,6,228,0.03194803484198642
PeMS04,6,229,0.021394529236299163
PeMS04,6,230,0.032793842467821493
PeMS04,6,231,0.03223605341360446
PeMS04,6,232,0.04034128140230753
PeMS04,6,233,0.03963486506433834
PeMS04,6,234,0.03364484901905372
PeMS04,6,235,0.026915710232254683
PeMS04,6,236,0.009126179144339129
PeMS04,6,237,0.017471951120460787
PeMS04,6,238,0.019087343418980166
PeMS04,6,239,0.02331108940512761
PeMS04,6,240,0.030861884612098805
PeMS04,6,241,0.022136540911884998
PeMS04,6,242,0.025872551375125303
PeMS04,6,243,0.04323492797288708
PeMS04,6,244,0.028526554351785995
PeMS04,6,245,0.031339650080999586
PeMS04,6,246,0.031463710799244225
PeMS04,6,247,0.028695959137048907
PeMS04,6,248,0.05005243000822993
PeMS04,6,249,0.05413844869370767
PeMS04,6,250,0.0383694659912728
PeMS04,6,251,0.046860894197045075
PeMS04,6,252,0.020086839213155776
PeMS04,6,253,0.017790751326427136
PeMS04,6,254,0.023193539451553988
PeMS04,6,255,-0.0015007497201554767
PeMS04,6,256,0.03898179793027424
PeMS04,6,257,0.04054455972319745
PeMS04,6,258,0.04991856171064559
PeMS04,6,259,0.06183267141798069
PeMS04,6,260,0.06768284942035868
PeMS04,6,261,0.039314656538652355
PeMS04,6,262,0.05886683472797316
PeMS04,6,263,0.004475323995431589
PeMS04,6,264,0.04165627145802697
PeMS04,6,265,0.038767533975416865
PeMS04,6,266,0.029634801363104014
PeMS04,6,267,0.055077987970038815
PeMS04,6,268,0.03300860260886379
PeMS04,6,269,0.05258076676123702
PeMS04,6,270,0.05194250524147956
PeMS04,6,271,0.0457527388581732
PeMS04,6,272,0.03342141968080087
PeMS04,6,273,0.05590946815346461
PeMS04,6,274,0.03632100467667281
PeMS04,6,275,0.04790548177210916
PeMS04,6,276,0.05246275908667386
PeMS04,6,277,0.03930678511378611
PeMS04,6,278,0.037943189907138075
PeMS04,6,279,0.02446070746735348
PeMS04,6,280,0.012598257661928966
PeMS04,6,281,0.026856744817134747
PeMS04,6,282,0.008934120482426896
PeMS04,6,283,0.02430183200888882
PeMS04,6,284,0.0511914666057788
PeMS04,6,285,0.054394370161192966
PeMS04,6,286,0.07971605789649049
PeMS04,6,287,0.10987156676066949
PeMS04,6,288,0.08937247712555645
PeMS04,6,289,0.13147770248405855
PeMS04,6,290,0.0873968113499802
PeMS04,6,291,0.0919289879334704
PeMS04,6,292,0.06918721625894222
PeMS04,6,293,0.033537336219279346
PeMS04,6,294,0.0645420593807854
PeMS04,6,295,0.03534982990537537
PeMS04,6,296,0.016491018860068447
PeMS04,6,297,0.054561010467860285
PeMS04,6,298,0.0474586199044272
PeMS04,6,299,0.07012268064770243
PeMS04,6,300,0.07692796967345811
PeMS04,6,301,0.057155905316608774
PeMS04,6,302,0.09577886374650335
PeMS04,6,303,0.09082483199187763
PeMS04,6,304,0.0648874321345157
PeMS04,6,305,0.07616157601375026
PeMS04,6,306,0.05329101104530793
PeMS04,6,307,0.0766366944345475
PeMS04,6,308,0.04416220769196755
PeMS04,6,309,0.050527008943872485
PeMS04,6,310,0.0605170604473897
PeMS04,6,311,0.057612580925001426
PeMS04,6,312,0.04452175933751269
PeMS04,6,313,0.05957267435763024
PeMS04,6,314,0.05166371513728875
PeMS04,6,315,0.029420628098736083
PeMS04,6,316,0.011104451835925615
PeMS04,6,317,0.0028969848645903156
PeMS04,6,318,-0.012892632470837082
PeMS04,6,319,0.0005421993710170574
PeMS04,6,320,-0.040894498952501676
PeMS04,6,321,0.0029437980292092852
PeMS04,6,322,0.006516119803140723
PeMS04,6,323,0.007707163915000433
PeMS04,6,324,0.016444610605119456
PeMS04,6,325,0.020632432938266058
PeMS04,6,326,0.02322222603509271
PeMS04,6,327,0.024910472293286544
PeMS04,6,328,0.0309205796620798
PeMS04,6,329,0.013761228545865735
PeMS04,6,330,0.026142740495533234
PeMS04,6,331,0.015842329707671614
PeMS04,6,332,-0.009873484502369695
PeMS04,6,333,-0.013853050092978636
PeMS04,6,334,-0.023744563651134414
PeMS04,6,335,-0.001147990998955236
PeMS04,6,336,-0.004728015359791824
PeMS04,6,337,-0.020592524286238034
PeMS04,6,338,0.01236144228464288
PeMS04,6,339,0.012685509693869742
PeMS04,6,340,0.013288629768411523
PeMS04,6,341,0.005646620884143987
PeMS04,6,342,-0.00868175511151708
PeMS04,6,343,0.006302144161935823
PeMS04,6,344,0.001433511347178341
PeMS04,6,345,-0.006521157455952803
PeMS04,6,346,-0.01818392973704219
PeMS04,6,347,-0.027077529609330176
PeMS04,6,348,-0.005169250276977441
PeMS04,6,349,0.0007231701954436596
PeMS04,6,350,0.017029637696377563
PeMS04,6,351,0.024691074003664076
PeMS04,6,352,0.03245471360537811
PeMS04,6,353,0.033905793896782874
PeMS04,6,354,0.00810975106232076
PeMS04,6,355,-0.0008062555903850184
PeMS04,6,356,-0.016940020686422915
PeMS04,6,357,-0.03505536616058105
PeMS04,6,358,-0.033629278812894965
PeMS04,6,359,-0.036575884106246175
PeMS04,6,360,-0.025466911880693267
PeMS04,6,361,-0.009779383921942093
PeMS04,6,362,-0.007203034377743169
PeMS04,6,363,0.0033201758988095466
PeMS04,6,364,-0.0013708461494678274
PeMS04,6,365,0.0029153808605980407
PeMS04,6,366,0.012538611102160441
PeMS04,6,367,-0.014483526895083584
PeMS04,6,368,-0.015715678774434937
PeMS04,6,369,-0.03690068964923153
PeMS04,6,370,-0.025356835363959822
PeMS04,6,371,-0.02068545942085417
PeMS04,6,372,-0.011419344518774157
PeMS04,6,373,-0.008998133774710385
PeMS04,6,374,0.013355483165816542
PeMS04,6,375,0.0023765821024767033
PeMS04,6,376,0.018737698681931095
PeMS04,6,377,0.015511426418162206
PeMS04,6,378,-0.007244938608309794
PeMS04,6,379,-0.00979799055020719
PeMS04,6,380,-0.01277553342790767
PeMS04,6,381,-0.028056010015507553
PeMS04,6,382,-0.03502580810242358
PeMS04,6,383,-0.03656865389757694
PeMS04,6,384,-0.02730960262224805
PeMS04,6,385,-0.011741630725889797
PeMS04,6,386,-0.030343775085222405
PeMS04,6,387,-0.026673969606203943
PeMS04,6,388,-0.02700393144630974
PeMS04,6,389,-0.019904163735000046
PeMS04,6,390,-0.026269236004460503
PeMS04,6,391,-0.02500633046353198
PeMS04,6,392,-0.03407150331415617
PeMS04,6,393,-0.033086760682365005
PeMS04,6,394,-0.04336114751612423
PeMS04,6,395,-0.04328863167175893
PeMS04,6,396,-0.04663955721315059
PeMS04,6,397,-0.03653574166297211
PeMS04,6,398,-0.043378642496641404
PeMS04,6,399,-0.04195792963294165
PeMS04,6,400,-0.03166076137030861
PeMS04,6,401,-0.027240944534050106
PeMS04,6,402,-0.030048379954493727
PeMS04,6,403,-0.024005130644640812
PeMS04,6,404,-0.028628004927589667
PeMS04,6,405,-0.005818980627141961
PeMS04,6,406,-0.014228807078122829
PeMS04,6,407,-0.01778298127077719
PeMS04,6,408,-0.014019069157283851
PeMS04,6,409,-0.0133766658534218
PeMS04,6,410,-0.010313881840432824
PeMS04,6,411,-0.02111509528237492
PeMS04,6,412,-0.0259666872842045
PeMS04,6,413,-0.0177368989483502
PeMS04,6,414,-0.02919619398543766
PeMS04,6,415,-0.012749957365916371
PeMS04,6,416,-0.02945198368739869
PeMS04,6,417,-0.029607230234231837
PeMS04,6,418,-0.02970910486248877
PeMS04,6,419,-0.031002522062554848
PeMS04,6,420,-0.03568412609310435
PeMS04,6,421,-0.038347019339572956
PeMS04,6,422,-0.03481918624614842
PeMS04,6,423,-0.03850058523151005
PeMS04,6,424,-0.03352230559472994
PeMS04,6,425,-0.028316037836869326
PeMS04,6,426,-0.03102304341717471
PeMS04,6,427,-0.03372990957779474
PeMS04,6,428,-0.013398089747031855
PeMS04,6,429,-0.020511081644187298
PeMS04,6,430,-0.033842925034936654
PeMS04,6,431,-0.03030341912412569
PeMS04,6,432,-0.03163847880204875
PeMS04,6,433,-0.04081942306591187
PeMS04,6,434,-0.040308717849712496
PeMS04,6,435,-0.044842866573226926
PeMS04,6,436,-0.04744947052431926
PeMS04,6,437,-0.04806800973841207
PeMS04,6,438,-0.04462496231475985
PeMS04,6,439,-0.038359921887082114
PeMS04,6,440,-0.04980986990335136
PeMS04,6,441,-0.04387301130925801
PeMS04,6,442,-0.052021246128823875
PeMS04,6,443,-0.03873910499301003
PeMS04,6,444,-0.06203989442713676
PeMS04,6,445,-0.04809006501013192
PeMS04,6,446,-0.054646841894116546
PeMS04,6,447,-0.048409996794066504
PeMS04,6,448,-0.058228404117739926
PeMS04,6,449,-0.06569937125822232
PeMS04,6,450,-0.05344403150551229
PeMS04,6,451,-0.049786260453781414
PeMS04,6,452,-0.052389160359465496
PeMS04,6,453,-0.05568761712045172
PeMS04,6,454,-0.058679312026217005
PeMS04,6,455,-0.05629151274111279
PeMS04,6,456,-0.050563152746417955
PeMS04,6,457,-0.06091030936516413
PeMS04,6,458,-0.0666566390894081
PeMS04,6,459,-0.0491945069413587
PeMS04,6,460,-0.0663481786002504
PeMS04,6,461,-0.06209673846310263
PeMS04,6,462,-0.08501110281513514
PeMS04,6,463,-0.0871064381865912
PeMS04,6,464,-0.0791425614936261
PeMS04,6,465,-0.07003038578399298
PeMS04,6,466,-0.06515480120295213
PeMS04,6,467,-0.0523039566201692
PeMS04,6,468,-0.049997530302097866
PeMS04,6,469,-0.02125897484273341
PeMS04,6,470,-0.0183132746067371
PeMS04,6,471,-0.029069155406608437
PeMS04,6,472,-0.02090443336011594
PeMS04,6,473,-0.025510110326558377
PeMS04,6,474,-0.029860666400033892
PeMS04,6,475,-0.024584948702956577
PeMS04,6,476,-0.05118097576432581
PeMS04,6,477,-0.04459238133783801
PeMS04,6,478,-0.029435758092460202
PeMS04,6,479,-0.03218176133423066
PeMS04,6,480,-0.02675533255842688
PeMS04,6,481,-0.03845207383850566
PeMS04,6,482,-0.03036943607974331
PeMS04,6,483,-0.01695153136505312
PeMS04,6,484,-0.05120385109186768
PeMS04,6,485,-0.03506353674372939
PeMS04,6,486,-0.03988580224240165
PeMS04,6,487,-0.03952912402180461
PeMS04,6,488,-0.011242270847422204
PeMS04,6,489,0.0012549151500259026
PeMS04,6,490,-0.0027653055668266607
PeMS04,6,491,0.011917141320638766
PeMS04,6,492,0.0014906112054854917
PeMS04,6,493,0.030860841782279703
PeMS04,6,494,0.01878513230001208
PeMS04,6,495,0.014594099680469865
PeMS04,6,496,0.017786629550211812
PeMS04,6,497,0.016198176117010566
PeMS04,6,498,0.0014247335906880422
PeMS04,6,499,0.037596867404744314
PeMS04,6,500,0.01591397109244612
PeMS04,6,501,-0.004600744263594486
PeMS04,6,502,-0.004433075868705297
PeMS04,6,503,-0.0200407346242322
PeMS04,6,504,-0.029121860739409262
PeMS04,6,505,-0.04563052581557364
PeMS04,6,506,-0.055741489090814854
PeMS04,6,507,-0.03425105091777886
PeMS04,6,508,-0.022000129763858053
PeMS04,6,509,-0.03658345248849227
PeMS04,6,510,-0.01480555057650558
PeMS04,6,511,-0.008585860966939482
PeMS04,6,512,-0.01217042226482836
PeMS04,6,513,-0.00032953259039252664
PeMS04,6,514,-0.008570921647450741
PeMS04,6,515,0.00025693060288236295
PeMS04,6,516,0.00020160470648640226
PeMS04,6,517,-0.007880502329260967
PeMS04,6,518,7.87277682758849e-05
PeMS04,6,519,0.0029908899366650112
PeMS04,6,520,0.0005793371318880673
PeMS04,6,521,0.007020077211123384
PeMS04,6,522,-0.00346511719524416
PeMS04,6,523,0.0002493436935030282
PeMS04,6,524,0.0012730377675808254
PeMS04,6,525,-0.0036027825248543016
PeMS04,6,526,-0.0039245469334545
PeMS04,6,527,-0.018341044596767744
PeMS04,6,528,-0.03407387700687665
PeMS04,6,529,-0.028311951964674283
PeMS04,6,530,-0.024168585476422408
PeMS04,6,531,-0.02383772861004146
PeMS04,6,532,-0.00702338300533735
PeMS04,6,533,0.003592357982943882
PeMS04,6,534,0.020063213525302184
PeMS04,6,535,0.030411979841196576
PeMS04,6,536,0.03034928213722436
PeMS04,6,537,0.026941356783732794
PeMS04,6,538,0.03554572011193645
PeMS04,6,539,0.01730330550064352
PeMS04,6,540,0.039368057942814255
PeMS04,6,541,0.02977498116655261
PeMS04,6,542,0.02268508752803694
PeMS04,6,543,0.04155246618206025
PeMS04,6,544,0.0017590018263549999
PeMS04,6,545,0.020685042930771474
PeMS04,6,546,0.0017367546924292917
PeMS04,6,547,0.0031567784163549495
PeMS04,6,548,0.008503005328551578
PeMS04,6,549,-0.0019548365346393655
PeMS04,6,550,-0.00955325041670677
PeMS04,6,551,0.020598146628550702
PeMS04,6,552,0.004090206185136982
PeMS04,6,553,0.008750575058661902
PeMS04,6,554,0.018623481391603552
PeMS04,6,555,-0.003907232719235205
PeMS04,6,556,-0.0027935247130441974
PeMS04,6,557,-0.020197694720543953
PeMS04,6,558,-0.01941819634766325
PeMS04,6,559,-0.005253691241567093
PeMS04,6,560,-0.010913458797050949
PeMS04,6,561,0.0248272010632363
PeMS04,6,562,0.040296767311844776
PeMS04,6,563,0.026427737191361544
PeMS04,6,564,0.04487032922095805
PeMS04,6,565,0.03309492360943371
PeMS04,6,566,0.027639392481559166
PeMS04,6,567,0.037176802763909216
PeMS04,6,568,0.013367359615005578
PeMS04,6,569,0.020575406811080995
PeMS04,6,570,0.02239846549598802
PeMS04,6,571,0.027212626578134537
PeMS04,6,572,0.03686363797314656
PeMS04,6,573,0.059841678634233925
PeMS04,6,574,0.08867157226360238
PeMS04,6,575,0.09192987262599009
PeMS04,6,576,0.08664805186467738
PeMS04,6,577,0.09283912435358148
PeMS04,6,578,0.06954832970287582
PeMS04,6,579,0.029623080735795497
PeMS04,6,580,-0.009871613192118423
PeMS04,6,581,-0.004572064391258051
PeMS04,6,582,-0.06998706006067835
PeMS04,6,583,-0.03719459408282128
PeMS04,6,584,-0.059411513184527344
PeMS04,6,585,-0.05797832320139472
PeMS04,6,586,-0.016188392832280546
PeMS04,6,587,-0.017214270502715512
PeMS04,6,588,-0.012682198240188335
PeMS04,6,589,0.011228487427395538
PeMS04,6,590,0.002485859229362215
PeMS04,6,591,0.02466113193942905
PeMS04,6,592,0.01336311383369076
PeMS04,6,593,0.008393256743502579
PeMS04,6,594,0.02022616687278594
PeMS04,6,595,0.005266504766879795
PeMS04,6,596,0.01771729997698857
PeMS04,6,597,0.0014824520697527782
PeMS04,6,598,0.0008605235613170269
PeMS04,6,599,0.006052744879789651
PeMS04,6,600,0.009947271495849898
PeMS04,6,601,0.015155928604859899
PeMS04,6,602,0.0033695523431191113
PeMS04,6,603,-0.015254054401771654
PeMS04,6,604,-0.025286450746859434
PeMS04,6,605,-0.0035193315915383705
PeMS04,6,606,-0.01871310300089667
PeMS04,6,607,-0.005548952393694635
PeMS04,6,608,-0.014746209798248712
PeMS04,6,609,0.0006663353116526031
PeMS04,6,610,-0.002082934778348418
PeMS04,6,611,0.009138192562277778
PeMS04,6,612,0.01873227535870186
PeMS04,6,613,0.03364805569684667
PeMS04,6,614,0.026172163917652546
PeMS04,6,615,0.02314928075508501
PeMS04,6,616,0.04631696052802162
PeMS04,6,617,0.03353738223762961
PeMS04,6,618,0.017768837713025995
PeMS04,6,619,0.027226708337053616
PeMS04,6,620,-0.013997461526881678
PeMS04,6,621,0.01573855516688517
PeMS04,6,622,0.0024116066903709693
PeMS04,6,623,-0.011894906723436524
PeMS04,6,624,0.01308140817924942
PeMS04,6,625,0.010925260808893202
PeMS04,6,626,0.02627067584279365
PeMS04,6,627,0.0227695196302239
PeMS04,6,628,0.034459490937068474
PeMS04,6,629,0.02926619586896684
PeMS04,6,630,0.006632062213684812
PeMS04,6,631,-0.0009320262414943588
PeMS04,6,632,-0.013993090590736413
PeMS04,6,633,-0.02263923774333885
PeMS04,6,634,-0.03936369994840137
PeMS04,6,635,-0.044643863174002485
PeMS04,6,636,-0.04768587714928558
PeMS04,6,637,-0.0397421551536598
PeMS04,6,638,-0.027092827357021298
PeMS04,6,639,-0.02660944568799202
PeMS04,6,640,-0.018660621340283966
PeMS04,6,641,0.0034283413080305894
PeMS04,6,642,0.013621492285702376
PeMS04,6,643,0.005021380864991191
PeMS04,6,644,0.006046231454975431
PeMS04,6,645,-0.00841672659001651
PeMS04,6,646,-0.0038212823573587087
PeMS04,6,647,0.0007210660651631109
PeMS04,6,648,-0.0114086201871496
PeMS04,6,649,0.0007235300021726515
PeMS04,6,650,-0.003982369094583249
PeMS04,6,651,-0.012765375371563114
PeMS04,6,652,-0.0009532036093129415
PeMS04,6,653,-0.00414529438748934
PeMS04,6,654,-0.004559636555752161
PeMS04,6,655,-0.015742868540393955
PeMS04,6,656,-0.011996662124782526
PeMS04,6,657,-0.009723003517845722
PeMS04,6,658,-0.02051738338291843
PeMS04,6,659,-0.014903683362166081
PeMS04,6,660,-0.027234689111274975
PeMS04,6,661,-0.028859999167894536
PeMS04,6,662,-0.020432320722158358
PeMS04,6,663,-0.029967808108460066
PeMS04,6,664,-0.029766479693461932
PeMS04,6,665,-0.03481372355388801
PeMS04,6,666,-0.03123487556647472
PeMS04,6,667,-0.028753381099358127
PeMS04,6,668,-0.037596603903434854
PeMS04,6,669,-0.025510724362133124
PeMS04,6,670,-0.027972557676813548
PeMS04,6,671,-0.04082353247590765
PeMS04,6,672,-0.043495866670634854
PeMS04,6,673,-0.043343308516802424
PeMS04,6,674,-0.029566790232365192
PeMS04,6,675,-0.0400275456376965
PeMS04,6,676,-0.03560741665999952
PeMS04,6,677,-0.010227289480865032
PeMS04,6,678,-0.025005871316463063
PeMS04,6,679,-0.007962430130765731
PeMS04,6,680,-0.018665844088103862
PeMS04,6,681,-0.0313595190883374
PeMS04,6,682,-0.028667302731932392
PeMS04,6,683,-0.04056026436978943
PeMS04,6,684,-0.046597261190362185
PeMS04,6,685,-0.060826956423412924
PeMS04,6,686,-0.07557422266977615
PeMS04,6,687,-0.06609732219685364
PeMS04,6,688,-0.07351686171207356
PeMS04,6,689,-0.07125402644754919
PeMS04,6,690,-0.07091321227097254
PeMS04,6,691,-0.06599319614496653
PeMS04,6,692,-0.05669407926889275
PeMS04,6,693,-0.050970547112852406
PeMS04,6,694,-0.05879929036722708
PeMS04,6,695,-0.04502963256700952
PeMS04,6,696,-0.0634476581398022
PeMS04,6,697,-0.05363998389601948
PeMS04,6,698,-0.05373959046138926
PeMS04,6,699,-0.03577599766107584
PeMS04,6,700,-0.036822612810277204
PeMS04,6,701,-0.026035492605890907
PeMS04,6,702,-0.0213325047191223
PeMS04,6,703,-0.018486074534197164
PeMS04,6,704,-0.007037213868698049
PeMS04,6,705,-0.010562526865595364
PeMS04,6,706,-0.021907088982384932
PeMS04,6,707,-0.02155606105173668
PeMS04,6,708,-0.03160156574253823
PeMS04,6,709,-0.02609375672123368
PeMS04,6,710,-0.03328969233208579
PeMS04,6,711,-0.035077505437721805
PeMS04,6,712,-0.03225326190225386
PeMS04,6,713,-0.027805071086965297
PeMS04,6,714,-0.029926687778574275
PeMS04,6,715,-0.023256060997662673
PeMS04,6,716,-0.02499660297011036
PeMS04,6,717,-0.027550298069918704
PeMS04,6,718,-0.03635175343498631
PeMS04,6,719,-0.016818089003866322
PeMS04,6,720,-0.020388652899177847
PeMS04,6,721,-0.01969256453354705
PeMS04,6,722,-0.012012831391067317
PeMS04,6,723,0.0033536019921145957
PeMS04,6,724,0.005610897141072166
PeMS04,6,725,0.008046160898236067
PeMS04,6,726,0.01153964838447487
PeMS04,6,727,0.022831771994840225
PeMS04,6,728,0.00591264003393787
PeMS04,6,729,-0.009908248422953776
PeMS04,6,730,-0.012206005362559808
PeMS04,6,731,-0.02417149241766584
PeMS04,6,732,-0.03071594232927039
PeMS04,6,733,-0.0431981722246569
PeMS04,6,734,-0.05174261058051612
PeMS04,6,735,-0.057077907322574506
PeMS04,6,736,-0.048781763471582466
PeMS04,6,737,-0.04854066470112328
PeMS04,6,738,-0.0524819514075302
PeMS04,6,739,-0.06349395087470021
PeMS04,6,740,-0.04814316220525468
PeMS04,6,741,-0.038576369771282176
PeMS04,6,742,-0.04524375822803086
PeMS04,6,743,-0.05347340240757456
PeMS04,6,744,-0.05408031049475867
PeMS04,6,745,-0.03153508849388525
PeMS04,6,746,-0.03459753499716315
PeMS04,6,747,-0.03900269711935614
PeMS04,6,748,-0.030879239491643437
PeMS04,6,749,-0.037296466517874265
PeMS04,6,750,-0.019669628408200857
PeMS04,6,751,-0.03404904952140828
PeMS04,6,752,-0.040817287141646084
PeMS04,6,753,-0.030283012741847682
PeMS04,6,754,-0.04133561555512991
PeMS04,6,755,-0.03724884727677689
PeMS04,6,756,-0.029832440187112674
PeMS04,6,757,-0.04403419520670333
PeMS04,6,758,-0.02491056538719771
PeMS04,6,759,-0.028258775046140168
PeMS04,6,760,-0.03187631851872706
PeMS04,6,761,-0.02968631407566774
PeMS04,6,762,-0.024126670385521035
PeMS04,6,763,-0.021999237249429343
PeMS04,6,764,-0.016555787835824842
PeMS04,6,765,-0.024271290887575465
PeMS04,6,766,-0.019947312331363716
PeMS04,6,767,-0.01852189202943048
PeMS04,6,768,-0.02969377252407789
PeMS04,6,769,-0.02824103114895143
PeMS04,6,770,-0.04136931484760652
PeMS04,6,771,-0.032038668742700685
PeMS04,6,772,-0.017599403487485676
PeMS04,6,773,-0.016453474704183464
PeMS04,6,774,-0.01111245156235688
PeMS04,6,775,-0.012331239810005128
PeMS04,6,776,-0.007983792396217453
PeMS04,6,777,-0.0006424151002909472
PeMS04,6,778,-0.02050106598956483
PeMS04,6,779,-0.050545527807586636
PeMS04,6,780,-0.04294925842917672
PeMS04,6,781,-0.050404247878167524
PeMS04,6,782,-0.04872377363997157
PeMS04,6,783,-0.04137896282314281
PeMS04,6,784,-0.06412836922284905
PeMS04,6,785,-0.04928210217941603
PeMS04,6,786,-0.03158392483930932
PeMS04,6,787,-0.04440269814687509
PeMS04,6,788,-0.03375871271812674
PeMS04,6,789,-0.032720596410838805
PeMS04,6,790,-0.028801040686469506
PeMS04,6,791,-0.021446589487369654
PeMS04,6,792,-0.008271279546443725
PeMS04,6,793,-0.012142274841314492
PeMS04,6,794,-0.009420322173596162
PeMS04,6,795,-0.005050162490637686
PeMS04,6,796,-0.003494704967332578
PeMS04,6,797,-0.005691471247746191
PeMS04,6,798,-0.01559259272984295
PeMS04,6,799,-0.0012691985988892132
PeMS04,6,800,-0.00920971320648523
PeMS04,6,801,-0.015842652837770355
PeMS04,6,802,-0.007676689873290851
PeMS04,6,803,-0.011213541576952259
PeMS04,6,804,-0.006844505312492165
PeMS04,6,805,-0.005472150712742242
PeMS04,6,806,-0.01749312199186114
PeMS04,6,807,-0.010684443493077622
PeMS04,6,808,-0.001991092239210451
PeMS04,6,809,0.01105529685172787
PeMS04,6,810,0.015670998886460986
PeMS04,6,811,0.006402603599758427
PeMS04,6,812,-0.00527128108817451
PeMS04,6,813,-0.001751005126209578
PeMS04,6,814,-0.02066272515977336
PeMS04,6,815,-0.038789150102434715
PeMS04,6,816,-0.04248310064103465
PeMS04,6,817,-0.03243650607788902
PeMS04,6,818,-0.03235767228340044
PeMS04,6,819,-0.026744076099530417
PeMS04,6,820,-0.030099707076134248
PeMS04,6,821,-0.008021128107127504
PeMS04,6,822,-0.010906756166073606
PeMS04,6,823,-0.0020007864210120573
PeMS04,6,824,-0.0016466166245496653
PeMS04,6,825,-0.01603720031340572
PeMS04,6,826,-0.0013103781628679774
PeMS04,6,827,0.003428957755040064
PeMS04,6,828,-0.004967058493100728
PeMS04,6,829,0.009068105305703376
PeMS04,6,830,0.003091624061696059
PeMS04,6,831,0.004918610877105117
PeMS04,6,832,0.022365238802982326
PeMS04,6,833,0.017207242046446636
PeMS04,6,834,0.04496781177019787
PeMS04,6,835,0.01865765172357329
PeMS04,6,836,0.019540293314790246
PeMS04,6,837,0.013748240388716942
PeMS04,6,838,-0.0014226875576552856
PeMS04,6,839,0.0113817418430418
PeMS04,6,840,0.011891370399048492
PeMS04,6,841,0.021543356490545576
PeMS04,6,842,0.02065949669160448
PeMS04,6,843,0.030202411080595796
PeMS04,6,844,0.024994842006778862
PeMS04,6,845,0.037468514144808056
PeMS04,6,846,0.041474647025194177
PeMS04,6,847,0.03821093929069925
PeMS04,6,848,0.0299864315420817
PeMS04,6,849,0.03556650259960822
PeMS04,6,850,0.04350099502911588
PeMS04,6,851,0.03683572451688593
PeMS04,6,852,0.017906938901640752
PeMS04,6,853,0.017028937044975177
PeMS04,6,854,0.03497828675219155
PeMS04,6,855,0.020260649942092014
PeMS04,6,856,0.02819179869734281
PeMS04,6,857,0.011229011513941308
PeMS04,6,858,0.015241057989737669
PeMS04,6,859,0.027014455155633554
PeMS04,6,860,0.02856264221575167
PeMS04,6,861,0.027726974529203953
PeMS04,6,862,0.025950012208038487
PeMS04,6,863,0.03877802236256355
PeMS04,6,864,0.06141807065956695
PeMS04,6,865,0.06920003270720827
PeMS04,6,866,0.04385935424715815
PeMS04,6,867,0.056518640060803586
PeMS04,6,868,0.040605390076167265
PeMS04,6,869,0.030120892726862282
PeMS04,6,870,0.030784922616073438
PeMS04,6,871,0.01615422735266787
PeMS04,6,872,0.007040691111060998
PeMS04,6,873,0.01209279449367689
PeMS04,6,874,0.021473620282461848
PeMS04,6,875,0.029218455596886808
PeMS04,6,876,0.042816779538127986
PeMS04,6,877,0.027797596408126225
PeMS04,6,878,0.05096952386994803
PeMS04,6,879,0.0187719911858871
PeMS04,6,880,0.02398247463985298
PeMS04,6,881,0.002527327463467009
PeMS04,6,882,-0.027580154143820743
PeMS04,6,883,-0.023122564930081854
PeMS04,6,884,-0.036122054095278494
PeMS04,6,885,-0.035619031746449224
PeMS04,6,886,-0.022687828527960568
PeMS04,6,887,-0.023218344742783892
PeMS04,6,888,0.004576048545890803
PeMS04,6,889,0.01103232020026191
PeMS04,6,890,0.03398376901780519
PeMS04,6,891,0.01782726732228202
PeMS04,6,892,0.03299873762591869
PeMS04,6,893,0.009352342877688314
PeMS04,6,894,-0.018613837665849484
PeMS04,6,895,-0.01590042326864216
PeMS04,6,896,-0.03662190062501833
PeMS04,6,897,-0.03431878654323512
PeMS04,6,898,-0.01909657059353396
PeMS04,6,899,-0.03898538722752065
PeMS04,6,900,0.00451708471330699
PeMS04,6,901,0.01165713677474546
PeMS04,6,902,0.011446235599086526
PeMS04,6,903,-0.002852943988860536
PeMS04,6,904,0.016242551280900883
PeMS04,6,905,0.006409473886463074
PeMS04,6,906,-0.005595440473845568
PeMS04,6,907,-0.023549495485316457
PeMS04,6,908,-0.025336392036828727
PeMS04,6,909,-0.03068016465628133
PeMS04,6,910,-0.037902988956540026
PeMS04,6,911,-0.0449839632267617
PeMS04,6,912,-0.009474443899714819
PeMS04,6,913,-0.005438366528100521
PeMS04,6,914,0.01136172782429737
PeMS04,6,915,0.01881485890336237
PeMS04,6,916,0.029768260449076638
PeMS04,6,917,0.0539263249498025
PeMS04,6,918,0.029145464446860052
PeMS04,6,919,0.020986254156453853
PeMS04,6,920,-0.0032336169139290626
PeMS04,6,921,-0.017558174658052237
PeMS04,6,922,-0.011437512450032647
PeMS04,6,923,-0.03554428943960719
PeMS04,6,924,-0.03925750314243043
PeMS04,6,925,-0.035787266327589454
PeMS04,6,926,-0.01683271675414492
PeMS04,6,927,-0.00526515769090403
PeMS04,6,928,-0.009844579376924333
PeMS04,6,929,-0.014305448243440282
PeMS04,6,930,-0.013868180728397832
PeMS04,6,931,-0.021456024890834032
PeMS04,6,932,-0.02895880228610075
PeMS04,6,933,-0.04554608934288902
PeMS04,6,934,-0.041015070947315324
PeMS04,6,935,-0.03648304206798758
PeMS04,6,936,-0.029360810913638482
PeMS04,6,937,-0.03460237541323325
PeMS04,6,938,-0.015899344819615326
PeMS04,6,939,0.003800550347540963
PeMS04,6,940,-0.0011547115419494583
PeMS04,6,941,-0.011785493443962519
PeMS04,6,942,-0.01195590705564459
PeMS04,6,943,-0.012547473071590456
PeMS04,6,944,-0.021751223013824917
PeMS04,6,945,-0.0413496042228816
PeMS04,6,946,-0.031009371034334845
PeMS04,6,947,-0.030808266712433207
PeMS04,6,948,-0.04885220612628808
PeMS04,6,949,-0.016446153056441717
PeMS04,6,950,-0.015513933376079342
PeMS04,6,951,0.011668516856056447
PeMS04,6,952,0.01524776166435605
PeMS04,6,953,0.013035751750016698
PeMS04,6,954,0.01290659970853259
PeMS04,6,955,0.002264799645980437
PeMS04,6,956,-0.01704970061567888
PeMS04,6,957,-0.028061063407412497
PeMS04,6,958,-0.03741900355020225
PeMS04,6,959,-0.0290675215943361
PeMS04,6,960,-0.045051868032384264
PeMS04,6,961,-0.033915243415247584
PeMS04,6,962,-0.027579279426685296
PeMS04,6,963,-0.026623281684022993
PeMS04,6,964,-0.017065983509159218
PeMS04,6,965,-0.02651811411336985
PeMS04,6,966,-0.00774645554023024
PeMS04,6,967,-0.005323055206227298
PeMS04,6,968,0.015420933436284917
PeMS04,6,969,0.005255916853067911
PeMS04,6,970,-0.0011682995956817782
PeMS04,6,971,0.005778036423395481
PeMS04,6,972,0.0027918597168949395
PeMS04,6,973,-0.0036203705496784676
PeMS04,6,974,-0.01102267709424305
PeMS04,6,975,-0.01659292136866088
PeMS04,6,976,-0.01704994803659978
PeMS04,6,977,-0.019058437439148687
PeMS04,6,978,-0.027910823810361425
PeMS04,6,979,-0.010721774225369218
PeMS04,6,980,-0.01993710378522197
PeMS04,6,981,-0.01740412504142125
PeMS04,6,982,-0.019495192825383166
PeMS04,6,983,-0.028693350262127208
PeMS04,6,984,-0.022354157272275212
PeMS04,6,985,-0.03634567186933485
PeMS04,6,986,-0.03186797414395473
PeMS04,6,987,-0.043119956208805786
PeMS04,6,988,-0.04592867350039306
PeMS04,6,989,-0.0328783881937537
PeMS04,6,990,-0.031496589074627594
PeMS04,6,991,-0.03700268160281639
PeMS04,6,992,-0.018746812223866365
PeMS04,6,993,-0.02843671397244877
PeMS04,6,994,-0.02254640223901879
PeMS04,6,995,-0.0317512626635455
PeMS04,6,996,-0.0355068926942936
PeMS04,6,997,-0.04725632907063049
PeMS04,6,998,-0.03968456985799222
PeMS04,6,999,-0.05162144212141509
PeMS04,6,1000,-0.0409547573024743
PeMS04,6,1001,-0.03133639130798307
PeMS04,6,1002,-0.02372585888444203
PeMS04,6,1003,-0.025346725227410185
PeMS04,6,1004,-0.01726605448715682
PeMS04,6,1005,-0.015622399007927008
PeMS04,6,1006,-0.010554466875563613
PeMS04,6,1007,-0.010451007313649653
PeMS04,6,1008,-0.005688871416645913
PeMS04,6,1009,-0.014613461525897868
PeMS04,6,1010,-0.01710722559953782
PeMS04,6,1011,-0.027070206507826697
PeMS04,6,1012,-0.015053828032625671
PeMS04,6,1013,-0.024190185374570787
PeMS04,6,1014,-0.014786707138990478
PeMS04,6,1015,-0.01637801628719309
PeMS04,6,1016,-0.02144606790243308
PeMS04,6,1017,-0.029285328446764916
PeMS04,6,1018,-0.020948497098442407
PeMS04,6,1019,-0.0372267370252489
PeMS04,6,1020,-0.024883503353244213
PeMS04,6,1021,-0.03104602242591939
PeMS04,6,1022,-0.028188313929716755
PeMS04,6,1023,-0.0252511282870957
PeMS04,6,1024,-0.01441318804555286
PeMS04,6,1025,-0.01717298242870785
PeMS04,6,1026,-0.013945642660075218
PeMS04,6,1027,-0.013881289804117042
PeMS04,6,1028,-0.018228909692134476
PeMS04,6,1029,-0.017041080069930176
PeMS04,6,1030,-0.008379562490240003
PeMS04,6,1031,-0.006208618564853843
PeMS04,6,1032,-0.010343054865073552
PeMS04,6,1033,-0.00931182183525628
PeMS04,6,1034,-0.008736994739215546
PeMS04,6,1035,-0.005593490175153662
PeMS04,6,1036,-0.007741165040999142
PeMS04,6,1037,-0.0036336030756757304
PeMS04,6,1038,-0.023144806371863287
PeMS04,6,1039,-0.01807769418590801
PeMS04,6,1040,-0.007610176376849304
PeMS04,6,1041,-0.005407428874669111
PeMS04,6,1042,-0.012880784978068037
PeMS04,6,1043,-0.012118844063632936
PeMS04,6,1044,-0.013736944933475269
PeMS04,6,1045,-0.009503968560297728
PeMS04,6,1046,-0.02048600261933569
PeMS04,6,1047,-0.01455990703575073
PeMS04,6,1048,-0.0012430303396179895
PeMS04,6,1049,-0.015191603625597346
PeMS04,6,1050,0.0010384337118489711
PeMS04,6,1051,-0.009329822808426922
PeMS04,6,1052,0.0030272773628742364
PeMS04,6,1053,0.004436750538743574
PeMS04,6,1054,-0.0052676207513060284
PeMS04,6,1055,-0.012201017942963242
PeMS04,6,1056,-0.017136075339109148
PeMS04,6,1057,-0.01964091748683557
PeMS04,6,1058,-0.03766207620348594
PeMS04,6,1059,-0.03102589101753735
PeMS04,6,1060,-0.03252299112489073
PeMS04,6,1061,-0.025555593943928655
PeMS04,6,1062,-0.018227165497037814
PeMS04,6,1063,-0.01794442729194827
PeMS04,6,1064,0.000893983716515327
PeMS04,6,1065,0.01735696253168405
PeMS04,6,1066,0.017437751860094965
PeMS04,6,1067,0.01932091856715746
PeMS04,6,1068,0.005003352638734831
PeMS04,6,1069,0.011796798377995634
PeMS04,6,1070,0.004285324585129978
PeMS04,6,1071,-0.02085383396929914
PeMS04,6,1072,-0.030591791386739498
PeMS04,6,1073,-0.04025503247304109
PeMS04,6,1074,-0.04097595750238551
PeMS04,6,1075,-0.031778809580144736
PeMS04,6,1076,-0.03256651355710759
PeMS04,6,1077,-0.02820165794227852
PeMS04,6,1078,-0.038912939519269274
PeMS04,6,1079,-0.04400459405911795
PeMS04,6,1080,-0.041310115726319895
PeMS04,6,1081,-0.05085866462833554
PeMS04,6,1082,-0.04456798540564875
PeMS04,6,1083,-0.04635221170986035
PeMS04,6,1084,-0.033569959184051056
PeMS04,6,1085,-0.020747268896331574
PeMS04,6,1086,-0.00040604029389227123
PeMS04,6,1087,-0.007721778784757472
PeMS04,6,1088,0.016412877269558115
PeMS04,6,1089,0.026261905613663535
PeMS04,6,1090,0.02085386038315705
PeMS04,6,1091,0.012264754087336332
PeMS04,6,1092,0.0007472181600163144
PeMS04,6,1093,-0.006250371121236552
PeMS04,6,1094,-0.003047168804062911
PeMS04,6,1095,-0.022737667261648442
PeMS04,6,1096,-0.02358797814911888
PeMS04,6,1097,-0.020012311942277483
PeMS04,6,1098,-0.023217436470230713
PeMS04,6,1099,0.0030239223765553824
PeMS04,6,1100,-0.006830241721397587
PeMS04,6,1101,0.000707475894787558
PeMS04,6,1102,0.009738707811980305
PeMS04,6,1103,-0.002316970609437803
PeMS04,6,1104,0.018588180957686662
PeMS04,6,1105,0.004423624502436056
PeMS04,6,1106,-0.0013780850852182377
PeMS04,6,1107,0.023543630854933193
PeMS04,6,1108,0.017324203612342128
PeMS04,6,1109,0.014757316301003045
PeMS04,6,1110,0.020665490574298864
PeMS04,6,1111,0.022726221414471323
PeMS04,6,1112,0.019860500994269024
PeMS04,6,1113,0.011460606427001984
PeMS04,6,1114,0.00442959017354892
PeMS04,6,1115,0.011482141110287988
PeMS04,6,1116,0.018452824109666092
PeMS04,6,1117,0.0036518871096526437
PeMS04,6,1118,0.006699707809689501
PeMS04,6,1119,0.0004948493429529
PeMS04,6,1120,-0.004287043184794257
PeMS04,6,1121,0.00801642313497993
PeMS04,6,1122,-0.010381427378315808
PeMS04,6,1123,-0.012846400660646493
PeMS04,6,1124,0.014853882082255356
PeMS04,6,1125,0.01734819547196322
PeMS04,6,1126,0.04915710797222402
PeMS04,6,1127,0.04014253461157416
PeMS04,6,1128,0.0372251462713697
PeMS04,6,1129,0.05431314698299428
PeMS04,6,1130,0.02972705186135004
PeMS04,6,1131,0.021986223704345435
PeMS04,6,1132,0.015666160958954754
PeMS04,6,1133,0.006700351468191478
PeMS04,6,1134,0.01133114980935745
PeMS04,6,1135,0.0158582698010793
PeMS04,6,1136,0.02949887127382499
PeMS04,6,1137,0.016520673962462474
PeMS04,6,1138,0.0316206823741893
PeMS04,6,1139,0.015457324783413925
PeMS04,6,1140,0.02682230207965361
PeMS04,6,1141,0.030066447139354916
PeMS04,6,1142,0.006706753495754446
PeMS04,6,1143,0.0191297469829605
PeMS04,6,1144,0.012909510164822648
PeMS04,6,1145,0.016766805635604294
PeMS04,6,1146,0.02944816146802818
PeMS04,6,1147,0.036096957211775936
PeMS04,6,1148,0.06314936609915091
PeMS04,6,1149,0.0673203438186949
PeMS04,6,1150,0.06045364938077397
PeMS04,6,1151,0.06919173932448715
PeMS04,6,1152,0.07301044207430574
PeMS04,6,1153,0.06188396658989691
PeMS04,6,1154,0.06241433777318944
PeMS04,6,1155,0.04112295314855879
PeMS04,6,1156,0.0439620610604294
PeMS04,6,1157,0.043667245903822476
PeMS04,6,1158,0.015392336673814832
PeMS04,6,1159,0.010112776605559521
PeMS04,6,1160,0.01753786631895163
PeMS04,6,1161,0.015200289693372013
PeMS04,6,1162,0.03674537055621085
PeMS04,6,1163,0.010867806794463992
PeMS04,6,1164,0.021814211295375443
PeMS04,6,1165,0.05133241028442225
PeMS04,6,1166,0.048250590051851096
PeMS04,6,1167,0.04827485485118702
PeMS04,6,1168,0.05167364140377099
PeMS04,6,1169,0.05227210820410495
PeMS04,6,1170,0.07429540405986616
PeMS04,6,1171,0.052154028665126605
PeMS04,6,1172,0.034972753600630686
PeMS04,6,1173,0.036951059591051966
PeMS04,6,1174,0.025209542254349574
PeMS04,6,1175,0.016307334971841586
PeMS04,6,1176,0.0012364542017744024
PeMS04,6,1177,0.0014361452382404246
PeMS04,6,1178,0.006256762073718557
PeMS04,6,1179,0.0018649147078459041
PeMS04,6,1180,-0.005445461352751188
PeMS04,6,1181,-0.024108117230514845
PeMS04,6,1182,0.0013195547353996682
PeMS04,6,1183,0.006802461558272973
PeMS04,6,1184,-0.0002531976500079679
PeMS04,6,1185,-0.015606835531007668
PeMS04,6,1186,-0.010220885041932727
PeMS04,6,1187,-0.009887591791276438
PeMS04,6,1188,-0.008810413765725852
PeMS04,6,1189,-0.021036839612129085
PeMS04,6,1190,-0.023456168096857744
PeMS04,6,1191,-0.038001471878107186
PeMS04,6,1192,-0.01854679315006759
PeMS04,6,1193,-0.02683221827379784
PeMS04,6,1194,-0.0340025292371005
PeMS04,6,1195,-0.02133602577820154
PeMS04,6,1196,-0.03685769493095746
PeMS04,6,1197,-0.04839457460404391
PeMS04,6,1198,-0.05103936375989254
PeMS04,6,1199,-0.04105035782656587
PeMS04,6,1200,-0.025550520116083258
PeMS04,6,1201,-0.03700862787854427
PeMS04,6,1202,-0.013803814027530607
PeMS04,6,1203,-0.001177442292217006
PeMS04,6,1204,-0.0057763269640701016
PeMS04,6,1205,0.008238918061476523
PeMS04,6,1206,-0.010606416299911551
PeMS04,6,1207,-0.007360392991982322
PeMS04,6,1208,-0.011236931873148748
PeMS04,6,1209,-0.030618436668326983
PeMS04,6,1210,-0.02069757855193357
PeMS04,6,1211,-0.017403472990478185
PeMS04,6,1212,-0.008062301945631994
PeMS04,6,1213,-0.0024798440746076275
PeMS04,6,1214,0.0005120384814330205
PeMS04,6,1215,0.011187636217593703
PeMS04,6,1216,-0.00013094277989113222
PeMS04,6,1217,0.0012813004025308474
PeMS04,6,1218,0.004366758829638969
PeMS04,6,1219,0.01437449252674222
PeMS04,6,1220,0.013856994584913426
PeMS04,6,1221,0.010122951832070093
PeMS04,6,1222,0.008277487610899935
PeMS04,6,1223,0.013385628471438656
PeMS04,6,1224,0.004040333733220476
PeMS04,6,1225,0.01131331946834824
PeMS04,6,1226,0.008206731025626817
PeMS04,6,1227,0.011723187964301541
PeMS04,6,1228,0.016184497034986322
PeMS04,6,1229,0.008465174736517441
PeMS04,6,1230,0.01605482124908913
PeMS04,6,1231,0.005187743926080614
PeMS04,6,1232,-0.00566038625633378
PeMS04,6,1233,0.002511633424536681
PeMS04,6,1234,-0.007363971202719211
PeMS04,6,1235,-0.014293799433211785
PeMS04,6,1236,-0.018068884457164664
PeMS04,6,1237,-0.03201073898784144
PeMS04,6,1238,-0.018233044492247025
PeMS04,6,1239,-0.013898494232131207
PeMS04,6,1240,-0.01405620429504907
PeMS04,6,1241,5.294440459045573e-05
PeMS04,6,1242,0.00620896616726889
PeMS04,6,1243,0.023569307243475064
PeMS04,6,1244,0.013800687542992037
PeMS04,6,1245,0.004491586481610676
PeMS04,6,1246,-0.008464355972648566
PeMS04,6,1247,-0.0064622501851231366
PeMS04,6,1248,0.0023043861561128642
PeMS04,6,1249,0.00956044232633019
PeMS04,6,1250,0.013090912391311384
PeMS04,6,1251,0.011196848212810362
PeMS04,6,1252,0.021850426894345062
PeMS04,6,1253,0.026150125961395772
PeMS04,6,1254,0.03579314896789864
PeMS04,6,1255,0.026873253933702955
PeMS04,6,1256,0.023915067199384254
PeMS04,6,1257,0.01658762168256989
PeMS04,6,1258,0.00751322282818605
PeMS04,6,1259,-0.018097304022366836
PeMS04,6,1260,-0.018181468690768667
PeMS04,6,1261,-0.02732996209542105
PeMS04,6,1262,-0.028058577793237612
PeMS04,6,1263,-0.02191263538438031
PeMS04,6,1264,-0.022708806702214996
PeMS04,6,1265,-0.015618010017500409
PeMS04,6,1266,0.0058336654410159556
PeMS04,6,1267,-0.003935071680743528
PeMS04,6,1268,0.014216148671203528
PeMS04,6,1269,0.006249878544883116
PeMS04,6,1270,0.002757044203790729
PeMS04,6,1271,-0.0008888619484762706
PeMS04,6,1272,-0.01928833654264126
PeMS04,6,1273,-0.021580817430970622
PeMS04,6,1274,-0.016649275413571193
PeMS04,6,1275,-0.024836436267580468
PeMS04,6,1276,-0.03399840565340964
PeMS04,6,1277,-0.04978203248787774
PeMS04,6,1278,-0.03843715362351348
PeMS04,6,1279,-0.0472235534984925
PeMS04,6,1280,-0.04939650938185491
PeMS04,6,1281,-0.06479060830062268
PeMS04,6,1282,-0.06215587409152826
PeMS04,6,1283,-0.05379576278083023
PeMS04,6,1284,-0.049221916163872996
PeMS04,6,1285,-0.04974805423421884
PeMS04,6,1286,-0.046437333281605195
PeMS04,6,1287,-0.046886012029341624
PeMS04,6,1288,-0.042955479075698376
PeMS04,6,1289,-0.03216043672088224
PeMS04,6,1290,-0.0357698585645454
PeMS04,6,1291,-0.01472449782681935
PeMS04,6,1292,-0.024612652042414574
PeMS04,6,1293,-0.01593123991450252
PeMS04,6,1294,-0.01640046771511184
PeMS04,6,1295,-0.014840246436288
PeMS04,6,1296,-0.01873306321847634
PeMS04,6,1297,-0.019895795242884606
PeMS04,6,1298,-0.026940015233897663
PeMS04,6,1299,-0.031416816671748525
PeMS04,6,1300,-0.026088078601732876
PeMS04,6,1301,-0.03690864278297124
PeMS04,6,1302,-0.030630531995307995
PeMS04,6,1303,-0.02764207846826395
PeMS04,6,1304,-0.034326384375921504
PeMS04,6,1305,-0.036559010573581505
PeMS04,6,1306,-0.033463935234274884
PeMS04,6,1307,-0.03258495917127346
PeMS04,6,1308,-0.03601664722642369
PeMS04,6,1309,-0.042837905985504986
PeMS04,6,1310,-0.042009736675283196
PeMS04,6,1311,-0.041264673814848364
PeMS04,6,1312,-0.03716548421627403
PeMS04,6,1313,-0.03703568574859588
PeMS04,6,1314,-0.036668265075165477
PeMS04,6,1315,-0.0396302780710515
PeMS04,6,1316,-0.039157820741661895
PeMS04,6,1317,-0.02850169514864062
PeMS04,6,1318,-0.041099537916967535
PeMS04,6,1319,-0.020197043852823053
PeMS04,6,1320,-0.03655615746013326
PeMS04,6,1321,-0.02459589346221456
PeMS04,6,1322,-0.03478460327140954
PeMS04,6,1323,-0.04079835876462279
PeMS04,6,1324,-0.04136191501562644
PeMS04,6,1325,-0.05199616920685899
PeMS04,6,1326,-0.04981552425171578
PeMS04,6,1327,-0.04538351766709041
PeMS04,6,1328,-0.03905804956232368
PeMS04,6,1329,-0.02829384885955289
PeMS04,6,1330,-0.040928694216170576
PeMS04,6,1331,-0.034288771711522115
PeMS04,6,1332,-0.03428236384858959
PeMS04,6,1333,-0.03562097914526149
PeMS04,6,1334,-0.03514162496262505
PeMS04,6,1335,-0.04447383738929866
PeMS04,6,1336,-0.041607043969077065
PeMS04,6,1337,-0.028247765360851846
PeMS04,6,1338,-0.036111468027399965
PeMS04,6,1339,-0.028033656363693135
PeMS04,6,1340,-0.02544267242941801
PeMS04,6,1341,-0.03058321115377767
PeMS04,6,1342,-0.014835611869932746
PeMS04,6,1343,-0.020893476960216813
PeMS04,6,1344,-0.014025910353380274
PeMS04,6,1345,-0.02501079646160648
PeMS04,6,1346,-0.027255153718081154
PeMS04,6,1347,-0.01989546377298153
PeMS04,6,1348,-0.028865062629360155
PeMS04,6,1349,-0.03478794405763433
PeMS04,6,1350,-0.030441220528401765
PeMS04,6,1351,-0.03332887784675631
PeMS04,6,1352,-0.0244064421817416
PeMS04,6,1353,-0.023641081676050914
PeMS04,6,1354,-0.011042999567323424
PeMS04,6,1355,-0.009492070313587102
PeMS04,6,1356,-0.0045195392198541795
PeMS04,6,1357,-0.0020587091917054156
PeMS04,6,1358,-0.004472858956751596
PeMS04,6,1359,-0.003257109206150163
PeMS04,6,1360,-0.012866247551335568
PeMS04,6,1361,-0.028699478430033693
PeMS04,6,1362,-0.028591036207236353
PeMS04,6,1363,-0.02661669940968445
PeMS04,6,1364,-0.015870080519062055
PeMS04,6,1365,-0.011786344996956565
PeMS04,6,1366,0.00586424708627106
PeMS04,6,1367,0.007473948827587579
PeMS04,6,1368,0.004271671603110673
PeMS04,6,1369,0.01714335000225397
PeMS04,6,1370,0.00433391339829894
PeMS04,6,1371,0.0030362456904328428
PeMS04,6,1372,0.0018313815774941135
PeMS04,6,1373,-0.0035870288765964056
PeMS04,6,1374,0.0010916897961839164
PeMS04,6,1375,0.0026092919512268175
PeMS04,6,1376,-0.004985796901428666
PeMS04,6,1377,-0.007877951928547568
PeMS04,6,1378,-0.010994685601136091
PeMS04,6,1379,-0.020321622633169327
PeMS04,6,1380,-0.03855547640656519
PeMS04,6,1381,-0.03593399904055739
PeMS04,6,1382,-0.04960146680928957
PeMS04,6,1383,-0.044172431290617285
PeMS04,6,1384,-0.04277787199098739
PeMS04,6,1385,-0.04031092290827199
PeMS04,6,1386,-0.0333595865012099
PeMS04,6,1387,-0.03418356446338029
PeMS04,6,1388,-0.026628585287717384
PeMS04,6,1389,-0.024606687151063403
PeMS04,6,1390,-0.031071811534385724
PeMS04,6,1391,-0.022084056376426384
PeMS04,6,1392,-0.020659550846668463
PeMS04,6,1393,-0.016658041939304816
PeMS04,6,1394,0.0010824212784892014
PeMS04,6,1395,0.012379922623208474
PeMS04,6,1396,0.005115798356751046
PeMS04,6,1397,0.02488158422588708
PeMS04,6,1398,0.022622505496563798
PeMS04,6,1399,0.01544375170167825
PeMS04,6,1400,0.032716347613980276
PeMS04,6,1401,0.024452631271830078
PeMS04,6,1402,0.01649613356382334
PeMS04,6,1403,0.031871884359686305
PeMS04,6,1404,0.023894174979681843
PeMS04,6,1405,0.026914833738304788
PeMS04,6,1406,0.01191480497918997
PeMS04,6,1407,0.011786699810683747
PeMS04,6,1408,0.01203092920809203
PeMS04,6,1409,0.009020000052909344
PeMS04,6,1410,0.012268026368709745
PeMS04,6,1411,0.022730849395708536
PeMS04,6,1412,0.021461256483952904
PeMS04,6,1413,0.015691738505483506
PeMS04,6,1414,0.02651518001036604
PeMS04,6,1415,0.03295086589694041
PeMS04,6,1416,0.031858411942861715
PeMS04,6,1417,0.0369820139256721
PeMS04,6,1418,0.035591759327835114
PeMS04,6,1419,0.02066204436259628
PeMS04,6,1420,0.02708520065542782
PeMS04,6,1421,0.012721513728468706
PeMS04,6,1422,0.012685453766164539
PeMS04,6,1423,-0.0030828046017099655
PeMS04,6,1424,-0.0049815152198562475
PeMS04,6,1425,-0.002121532416562921
PeMS04,6,1426,-0.003475757861730327
PeMS04,6,1427,0.010065476995747561
PeMS04,6,1428,0.010067514116447273
PeMS04,6,1429,0.0019060244805664108
PeMS04,6,1430,-0.0025497523652249616
PeMS04,6,1431,-0.03023405992250075
PeMS04,6,1432,-0.01801363988728315
PeMS04,6,1433,-0.015381073188773855
PeMS04,6,1434,-0.02289514110349982
PeMS04,6,1435,0.002072866414718938
PeMS04,6,1436,-0.0010086588718409765
PeMS04,6,1437,0.013117898086553226
PeMS04,6,1438,0.0423202285610697
PeMS04,6,1439,0.037286017763751796
PeMS04,6,1440,0.048863473346360514
PeMS04,6,1441,0.04730783427159357
PeMS04,6,1442,0.057508312638660526
PeMS04,6,1443,0.052347388879321
PeMS04,6,1444,0.04169544479197213
PeMS04,6,1445,0.031220828855880997
PeMS04,6,1446,0.03754921696726798
PeMS04,6,1447,0.008578582585133035
PeMS04,6,1448,0.0012158005393722849
PeMS04,6,1449,-0.001731809548431109
PeMS04,6,1450,-0.003620254394484635
PeMS04,6,1451,0.010913218400970403
PeMS04,6,1452,0.021290054387408507
PeMS04,6,1453,0.029962673276349456
PeMS04,6,1454,0.03514808076944173
PeMS04,6,1455,0.04482237118219434
PeMS04,6,1456,0.025540966558444365
PeMS04,6,1457,0.029514950174270874
PeMS04,6,1458,0.011206789192835418
PeMS04,6,1459,0.0023656423918572223
PeMS04,6,1460,0.01626271810104133
PeMS04,6,1461,-0.006133529964453439
PeMS04,6,1462,0.017278898818558795
PeMS04,6,1463,-0.0030736588617221463
PeMS04,6,1464,0.007616175313103448
PeMS04,6,1465,0.008453457242596097
PeMS04,6,1466,-0.00575955287806697
PeMS04,6,1467,0.006055945596721436
PeMS04,6,1468,0.005884749911801213
PeMS04,6,1469,0.02351882380466027
PeMS04,6,1470,0.02381993016816727
PeMS04,6,1471,0.03478658121635984
PeMS04,6,1472,0.03378443151513192
PeMS04,6,1473,0.034625849454486136
PeMS04,6,1474,0.026063978718408366
PeMS04,6,1475,0.022470736900004173
PeMS04,6,1476,0.03162872744369241
PeMS04,6,1477,0.02577330435063986
PeMS04,6,1478,0.028842633881908976
PeMS04,6,1479,0.03768416993257717
PeMS04,6,1480,0.021420648454644906
PeMS04,6,1481,0.03863731675045887
PeMS04,6,1482,0.020557502120585335
PeMS04,6,1483,0.002595639579619569
PeMS04,6,1484,-0.00493250782772484
PeMS04,6,1485,-0.02411405987902836
PeMS04,6,1486,-0.031146450913957766
PeMS04,6,1487,-0.016893984639316444
PeMS04,6,1488,-0.02588014122175836
PeMS04,6,1489,-0.011347831731527333
PeMS04,6,1490,0.012035162751376156
PeMS04,6,1491,0.01665910098058812
PeMS04,6,1492,0.04417858493835909
PeMS04,6,1493,0.04109170828573078
PeMS04,6,1494,0.02532438277748744
PeMS04,6,1495,0.01964361485292183
PeMS04,6,1496,0.00846033070314483
PeMS04,6,1497,0.014256365176160192
PeMS04,6,1498,0.0012960339254525428
PeMS04,6,1499,-0.01178164277557059
PeMS04,6,1500,-0.0038361103952198133
PeMS04,6,1501,-0.0010907840164886293
PeMS04,6,1502,0.001584918378306151
PeMS04,6,1503,0.010073642536262448
PeMS04,6,1504,0.0008438349838360362
PeMS04,6,1505,0.007784507443022433
PeMS04,6,1506,0.010680858849712515
PeMS04,6,1507,0.0010931832543668264
PeMS04,6,1508,-0.010676898064959894
PeMS04,6,1509,-0.008430180508909226
PeMS04,6,1510,-0.021660881115573082
PeMS04,6,1511,-0.027942801074987825
PeMS04,6,1512,-0.018175022271360117
PeMS04,6,1513,-0.009247622486170629
PeMS04,6,1514,0.001160231795229606
PeMS04,6,1515,-0.004944449772488853
PeMS04,6,1516,0.0038542810505522045
PeMS04,6,1517,0.019188275582988485
PeMS04,6,1518,0.0047947590227056126
PeMS04,6,1519,0.009991551215115699
PeMS04,6,1520,0.0026987444686166736
PeMS04,6,1521,-0.00945564326475283
PeMS04,6,1522,-0.0009322664397691656
PeMS04,6,1523,0.0074515000664156315
PeMS04,6,1524,-0.0080194756302517
PeMS04,6,1525,-0.002047737152508526
PeMS04,6,1526,0.0001806143541967749
PeMS04,6,1527,0.012062146528689144
PeMS04,6,1528,0.008229234450100832
PeMS04,6,1529,-0.0006692383636200625
PeMS04,6,1530,0.010836014840888033
PeMS04,6,1531,0.008435386824704589
PeMS04,6,1532,0.004698513354320254
PeMS04,6,1533,0.029322532009734923
PeMS04,6,1534,0.017237304984898384
PeMS04,6,1535,0.014483007412119457
PeMS04,6,1536,0.011165057058740465
PeMS04,6,1537,0.0032438307819885326
PeMS04,6,1538,0.005786906933672307
PeMS04,6,1539,0.0016158831616080189
PeMS04,6,1540,0.0003178851133539926
PeMS04,6,1541,0.02313249054065683
PeMS04,6,1542,0.017101156865283663
PeMS04,6,1543,0.03371872860036027
PeMS04,6,1544,0.0345566604806379
PeMS04,6,1545,0.03467037284541424
PeMS04,6,1546,0.018748247540332285
PeMS04,6,1547,0.014381159146633555
PeMS04,6,1548,0.00563046623823749
PeMS04,6,1549,-0.004332929560217668
PeMS04,6,1550,-0.015067483344452176
PeMS04,6,1551,-0.024884497331035257
PeMS04,6,1552,-0.023790226838176467
PeMS04,6,1553,-0.023080587561994666
PeMS04,6,1554,-0.024274008409062586
PeMS04,6,1555,-0.013481189117097657
PeMS04,6,1556,-0.007359456733837197
PeMS04,6,1557,-0.009647168318902201
PeMS04,6,1558,-0.006784452237188586
PeMS04,6,1559,-0.01229861422120965
PeMS04,6,1560,-0.007298451916051586
PeMS04,6,1561,-0.015059427892368424
PeMS04,6,1562,-0.018060969880483224
PeMS04,6,1563,-0.016931733174034423
PeMS04,6,1564,-0.013898217028923406
PeMS04,6,1565,-0.010535136986137958
PeMS04,6,1566,-0.011940740110700657
PeMS04,6,1567,-0.012217166748824415
PeMS04,6,1568,-0.009076252519653502
PeMS04,6,1569,-0.018419160904805238
PeMS04,6,1570,-0.022420330601464384
PeMS04,6,1571,-0.01211109006080837
PeMS04,6,1572,-0.025684108714030675
PeMS04,6,1573,-0.014693118954286726
PeMS04,6,1574,-0.02903494393722818
PeMS04,6,1575,-0.0222183282300454
PeMS04,6,1576,-0.022447619205195765
PeMS04,6,1577,-0.023874454742261506
PeMS04,6,1578,-0.014182749080596073
PeMS04,6,1579,-0.005966707381343934
PeMS04,6,1580,0.0039470549738964454
PeMS04,6,1581,0.007558702444833554
PeMS04,6,1582,0.002471863856411206
PeMS04,6,1583,0.0011502742132590029
PeMS04,6,1584,0.0004190729095273333
PeMS04,6,1585,0.0037038436923676884
PeMS04,6,1586,-0.008505371714551001
PeMS04,6,1587,-0.008548890390004522
PeMS04,6,1588,-0.005803892939957748
PeMS04,6,1589,-0.01689905350134395
PeMS04,6,1590,-0.011251772818508572
PeMS04,6,1591,-0.013649198211552535
PeMS04,6,1592,-0.01814974123467328
PeMS04,6,1593,-0.014185023483210678
PeMS04,6,1594,-0.013080220268470383
PeMS04,6,1595,-0.0010748768005030681
PeMS04,6,1596,-0.001354378448584691
PeMS04,6,1597,-0.004360121224658188
PeMS04,6,1598,0.003883351957251289
PeMS04,6,1599,0.01092455180514482
PeMS04,6,1600,0.005282138849270219
PeMS04,6,1601,0.009262391573874785
PeMS04,6,1602,-0.006759673467648196
PeMS04,6,1603,-0.01149379815615749
PeMS04,6,1604,-0.014834303395520977
PeMS04,6,1605,-0.014995184655400525
PeMS04,6,1606,-0.024649768618933466
PeMS04,6,1607,-0.021925670499497698
PeMS04,6,1608,-0.0185082517432297
PeMS04,6,1609,-0.0202851417293731
PeMS04,6,1610,-0.022379123182645143
PeMS04,6,1611,-0.02738344327661625
PeMS04,6,1612,-0.03862736284057867
PeMS04,6,1613,-0.03489516875715887
PeMS04,6,1614,-0.03655245723137509
PeMS04,6,1615,-0.03266782581640298
PeMS04,6,1616,-0.03372759613588935
PeMS04,6,1617,-0.0350886405971264
PeMS04,6,1618,-0.031617152638802576
PeMS04,6,1619,-0.023226487022031592
PeMS04,6,1620,-0.02859874345253413
PeMS04,6,1621,-0.024214815663556353
PeMS04,6,1622,-0.02197590634739319
PeMS04,6,1623,-0.017039591080538135
PeMS04,6,1624,-0.018097147391716115
PeMS04,6,1625,-0.016008847243581373
PeMS04,6,1626,0.0016613565955589545
PeMS04,6,1627,-0.005746322869865525
PeMS04,6,1628,-0.011250105296807951
PeMS04,6,1629,-0.00904492407533509
PeMS04,6,1630,-0.02376646011759915
PeMS04,6,1631,-0.013000065010533761
PeMS04,6,1632,-0.044291902565344134
PeMS04,6,1633,-0.03214901583741574
PeMS04,6,1634,-0.03922186617657783
PeMS04,6,1635,-0.035738149158514414
PeMS04,6,1636,-0.025983680072180243
PeMS04,6,1637,-0.018094633401783015
PeMS04,6,1638,-0.013550156541899451
PeMS04,6,1639,0.003364306358612918
PeMS04,6,1640,-0.0032781532401494505
PeMS04,6,1641,0.0007716832378579745
PeMS04,6,1642,0.02095656749941555
PeMS04,6,1643,0.015311805585802923
PeMS04,6,1644,0.013408542449478655
PeMS04,6,1645,0.008238862563619893
PeMS04,6,1646,0.0036883787737513676
PeMS04,6,1647,-0.009102535069415883
PeMS04,6,1648,-0.017739689079402342
PeMS04,6,1649,-0.029352451596144493
PeMS04,6,1650,-0.016895286533342657
PeMS04,6,1651,-0.016740926962241092
PeMS04,6,1652,-0.010150409928287392
PeMS04,6,1653,0.0001900188765157745
PeMS04,6,1654,0.006011286296455041
PeMS04,6,1655,0.02036725548920166
PeMS04,6,1656,0.02055703702549192
PeMS04,6,1657,0.016182185657874115
PeMS04,6,1658,0.015753993513907282
PeMS04,6,1659,0.012062143661674445
PeMS04,6,1660,0.014795364804180222
PeMS04,6,1661,0.027396583670150246
PeMS04,6,1662,0.02623204819550863
PeMS04,6,1663,0.03584400679317189
PeMS04,6,1664,0.030257904672377732
PeMS04,6,1665,0.03089954985234434
PeMS04,6,1666,0.025035685678432697
PeMS04,6,1667,0.016076889277580258
PeMS04,6,1668,0.009661840121024848
PeMS04,6,1669,0.00854285022920819
PeMS04,6,1670,0.005984897374910797
PeMS04,6,1671,0.0005366673416431681
PeMS04,6,1672,0.011039610134689069
PeMS04,6,1673,0.009115913492659725
PeMS04,6,1674,0.0035146041372352455
PeMS04,6,1675,0.00668182495269918
PeMS04,6,1676,-6.304433959384972e-05
PeMS04,6,1677,0.015058605531822537
PeMS04,6,1678,0.020114896343980098
PeMS04,6,1679,-0.00030499534060303733
PeMS04,6,1680,0.004063722990822446
PeMS04,6,1681,0.0020380232545675844
PeMS04,6,1682,-0.0036483116564413314
PeMS04,6,1683,0.003099845492137989
PeMS04,6,1684,-0.004443059907486353
PeMS04,6,1685,-0.0025356539904219716
PeMS04,6,1686,-0.008897557231827865
PeMS04,6,1687,-0.00018651377807306878
PeMS04,6,1688,0.009247635517246139
PeMS04,6,1689,-0.009646708246816684
PeMS04,6,1690,-0.004913208954622775
PeMS04,6,1691,-0.0035802347797261
PeMS04,6,1692,-0.0010237392674024082
PeMS04,6,1693,0.002521426796903255
PeMS04,6,1694,0.007573453822658284
PeMS04,6,1695,0.025554192585385972
PeMS04,6,1696,0.013199827957236952
PeMS04,6,1697,0.027686651340910532
PeMS04,6,1698,0.021015955747820707
PeMS04,6,1699,0.035749547286217244
PeMS04,6,1700,0.04438062479699791
PeMS04,6,1701,0.04538764497131067
PeMS04,6,1702,0.06095377486311504
PeMS04,6,1703,0.07620649034696418
PeMS04,6,1704,0.05480182980366587
PeMS04,6,1705,0.06499753798375785
PeMS04,6,1706,0.05358246547029305
PeMS04,6,1707,0.05058021236898565
PeMS04,6,1708,0.03883298892628988
PeMS04,6,1709,0.043797388936116496
PeMS04,6,1710,0.04353162768457843
PeMS04,6,1711,0.04511819096081649
PeMS04,6,1712,0.0341781543451359
PeMS04,6,1713,0.04284539704285711
PeMS04,6,1714,0.04128434938019655
PeMS04,6,1715,0.0296669228141275
PeMS04,6,1716,0.03325455000861504
PeMS04,6,1717,0.029654893520142663
PeMS04,6,1718,0.017474391321369666
PeMS04,6,1719,0.02302429532855692
PeMS04,6,1720,0.010859392816686738
PeMS04,6,1721,0.01732962461152775
PeMS04,6,1722,0.0361385518040105
PeMS04,6,1723,0.024567077435473546
PeMS04,6,1724,0.04273725753147453
PeMS04,6,1725,0.057231479629047004
PeMS04,6,1726,0.0567847388303536
PeMS04,6,1727,0.07676622095878313
PeMS04,6,1728,0.04622384263090703
PeMS04,6,1729,0.06694436528846545
PeMS04,6,1730,0.052122044512320706
PeMS04,6,1731,0.04214293914307199
PeMS04,6,1732,0.037623077362113504
PeMS04,6,1733,0.02120995023373817
PeMS04,6,1734,0.0256632463796561
PeMS04,6,1735,0.02566334507419939
PeMS04,6,1736,0.022853737336246502
PeMS04,6,1737,0.028042596284205933
PeMS04,6,1738,0.03179866084641269
PeMS04,6,1739,0.04705862578032389
PeMS04,6,1740,0.03538021793155533
PeMS04,6,1741,0.0470454135673898
PeMS04,6,1742,0.04945034047448473
PeMS04,6,1743,0.062458261678138866
PeMS04,6,1744,0.039644572868092275
PeMS04,6,1745,0.056578918725537546
PeMS04,6,1746,0.05549768298164249
PeMS04,6,1747,0.05982684060892809
PeMS04,6,1748,0.0582133833634332
PeMS04,6,1749,0.05807478966769512
PeMS04,6,1750,0.05735898773671908
PeMS04,6,1751,0.052050896344789814
PeMS04,6,1752,0.035911327975102145
PeMS04,6,1753,0.0284509827700452
PeMS04,6,1754,0.03327446224710401
PeMS04,6,1755,0.020133181966143866
PeMS04,6,1756,0.02662441595348107
PeMS04,6,1757,0.0315432684257374
PeMS04,6,1758,0.023310549327780164
PeMS04,6,1759,0.030589796823732356
PeMS04,6,1760,0.024890695992303077
PeMS04,6,1761,0.02157055250860973
PeMS04,6,1762,0.026147994487335464
PeMS04,6,1763,0.03320248332122956
PeMS04,6,1764,0.02832413984180592
PeMS04,6,1765,0.04204186591774015
PeMS04,6,1766,0.04192826367550198
PeMS04,6,1767,0.04602316234752245
PeMS04,6,1768,0.04253844556941981
PeMS04,6,1769,0.04877991343220522
PeMS04,6,1770,0.039974107313993416
PeMS04,6,1771,0.03151107875128087
PeMS04,6,1772,0.022412838630300518
PeMS04,6,1773,0.032656310902594535
PeMS04,6,1774,0.021897582207680105
PeMS04,6,1775,0.0181731137879783
PeMS04,6,1776,0.028070250428392795
PeMS04,6,1777,0.02526266400307151
PeMS04,6,1778,0.037795779644390425
PeMS04,6,1779,0.041819675177180576
PeMS04,6,1780,0.024703194991789565
PeMS04,6,1781,0.043759649706269416
PeMS04,6,1782,0.040682491284423646
PeMS04,6,1783,0.0455521777020373
PeMS04,6,1784,0.04581869272245
PeMS04,6,1785,0.034292025980469654
PeMS04,6,1786,0.03134476931651923
PeMS04,6,1787,0.027878854007884396
PeMS04,6,1788,0.026249440215061894
PeMS04,6,1789,0.020246671392055597
PeMS04,6,1790,0.02303597679498303
PeMS04,6,1791,0.016345017349076195
PeMS04,6,1792,0.025603228921770027
PeMS04,6,1793,0.022108465482679814
PeMS04,6,1794,0.02306165199267713
PeMS04,6,1795,0.035325330143334666
PeMS04,6,1796,0.02522456272824882
PeMS04,6,1797,0.019494032392343787
PeMS04,6,1798,0.013175968766669344
PeMS04,6,1799,0.00858516999895994
PeMS04,6,1800,0.008641134100233335
PeMS04,6,1801,0.0034317613443674523
PeMS04,6,1802,0.003379042076703417
PeMS04,6,1803,0.010658481764256938
PeMS04,6,1804,0.014640536273161432
PeMS04,6,1805,0.014969484567465193
PeMS04,6,1806,0.015965142639463966
PeMS04,6,1807,0.01929455688514204
PeMS04,6,1808,0.01953496524804846
PeMS04,6,1809,0.01795298772580685
PeMS04,6,1810,0.019655783081071417
PeMS04,6,1811,0.015627951797708945
PeMS04,6,1812,0.01526373888933818
PeMS04,6,1813,0.00304161104192394
PeMS04,6,1814,0.009906878273528937
PeMS04,6,1815,0.0024154105819167633
PeMS04,6,1816,0.0015860594811378983
PeMS04,6,1817,0.011484287236518956
PeMS04,6,1818,0.007608081512916073
PeMS04,6,1819,0.018732985141157184
PeMS04,6,1820,0.014704455754989935
PeMS04,6,1821,0.018788065762018913
PeMS04,6,1822,0.016901392508356355
PeMS04,6,1823,0.013857695295110734
PeMS04,6,1824,0.019565000757300725
PeMS04,6,1825,0.02273598484721113
PeMS04,6,1826,0.01874725351599653
PeMS04,6,1827,0.02812728989221675
PeMS04,6,1828,0.0299445412917134
PeMS04,6,1829,0.03683544532596022
PeMS04,6,1830,0.033374080017429725
PeMS04,6,1831,0.041025461299528644
PeMS04,6,1832,0.035363235084110115
PeMS04,6,1833,0.02722970597028006
PeMS04,6,1834,0.016009766759656673
PeMS04,6,1835,0.012512320098755358
PeMS04,6,1836,-0.0020328447227925396
PeMS04,6,1837,-0.010612873616909194
PeMS04,6,1838,-0.015012850151398308
PeMS04,6,1839,-0.009039554488001327
PeMS04,6,1840,-0.007058767277405971
PeMS04,6,1841,-0.0010763210026832918
PeMS04,6,1842,0.014373234502025035
PeMS04,6,1843,0.011576117857463958
PeMS04,6,1844,0.021384620658095772
PeMS04,6,1845,0.009173620526136324
PeMS04,6,1846,0.00305238648878266
PeMS04,6,1847,0.0010237926996479717
PeMS04,6,1848,-0.00879844244932515
PeMS04,6,1849,-0.0031335504864765445
PeMS04,6,1850,-0.016947882853721685
PeMS04,6,1851,-0.012635996132039879
PeMS04,6,1852,-0.008343980714229341
PeMS04,6,1853,-0.005286035136734176
PeMS04,6,1854,0.003087553986562776
PeMS04,6,1855,0.0021641827773348716
PeMS04,6,1856,0.009012146382239858
PeMS04,6,1857,0.012584320327535772
PeMS04,6,1858,0.0006341540588489882
PeMS04,6,1859,-0.0038255758052669953
PeMS04,6,1860,-0.010184831119744239
PeMS04,6,1861,-0.012010262453396025
PeMS04,6,1862,-0.01262680045234176
PeMS04,6,1863,-0.012537574487488282
PeMS04,6,1864,-0.009122955296186763
PeMS04,6,1865,0.0032329868332415614
PeMS04,6,1866,0.012397874039923071
PeMS04,6,1867,0.020388159236699524
PeMS04,6,1868,0.023723834238756576
PeMS04,6,1869,0.03381129153267391
PeMS04,6,1870,0.030187864732416296
PeMS04,6,1871,0.02653422105930016
PeMS04,6,1872,0.02212142820103837
PeMS04,6,1873,0.019429672787049577
PeMS04,6,1874,0.015021192776906384
PeMS04,6,1875,0.006513386572773144
PeMS04,6,1876,0.004161739442253048
PeMS04,6,1877,0.005022767958712525
PeMS04,6,1878,0.012836945728941599
PeMS04,6,1879,0.00612666227006615
PeMS04,6,1880,0.005855246531281087
PeMS04,6,1881,0.010260495888329751
PeMS04,6,1882,0.009313290319268567
PeMS04,6,1883,0.012618924427279039
PeMS04,6,1884,0.011900591506716249
PeMS04,6,1885,0.009497012925935694
PeMS04,6,1886,0.014450233686775402
PeMS04,6,1887,0.009182701539510826
PeMS04,6,1888,0.006209347665555339
PeMS04,6,1889,-0.0022360905570261128
PeMS04,6,1890,-0.004271553874819688
PeMS04,6,1891,-0.011322544642489739
PeMS04,6,1892,-0.011921388452184264
PeMS04,6,1893,-0.009372172717176174
PeMS04,6,1894,-0.0035130495368340593
PeMS04,6,1895,-0.007102765436091841
PeMS04,6,1896,-0.002700706058092317
PeMS04,6,1897,0.00332668080404562
PeMS04,6,1898,0.010011063424546614
PeMS04,6,1899,0.005049310054540902
PeMS04,6,1900,-0.002854054581587264
PeMS04,6,1901,-0.00600475184878272
PeMS04,6,1902,0.0018814601266819912
PeMS04,6,1903,-0.004376867427676178
PeMS04,6,1904,-0.012111536310734744
PeMS04,6,1905,-0.015754734514660165
PeMS04,6,1906,-0.01582092033685045
PeMS04,6,1907,-0.01703972031417885
PeMS04,6,1908,-0.016300787046705106
PeMS04,6,1909,-0.02790208273739983
PeMS04,6,1910,-0.01706172596745052
PeMS04,6,1911,-0.013636654033962163
PeMS04,6,1912,-0.008429193056007046
PeMS04,6,1913,-0.018363507986358784
PeMS04,6,1914,-0.01955468171506796
PeMS04,6,1915,-0.016104963750843797
PeMS04,6,1916,-0.020843898863596454
PeMS04,6,1917,-0.029990250447414997
PeMS04,6,1918,-0.023190980932794918
PeMS04,6,1919,-0.021572317509643092
PeMS04,6,1920,-0.020908190490639116
PeMS04,6,1921,-0.019084569204764167
PeMS04,6,1922,-0.02278796107886099
PeMS04,6,1923,-0.018146392363036286
PeMS04,6,1924,-0.016921331301038133
PeMS04,6,1925,-0.020339294414713084
PeMS04,6,1926,-0.015128184878244131
PeMS04,6,1927,-0.017768922414781844
PeMS04,6,1928,-0.005623251459192098
PeMS04,6,1929,-0.004220099688514197
PeMS04,6,1930,-0.0016595161452871848
PeMS04,6,1931,0.001307991292249147
PeMS04,6,1932,-0.0011409836561357286
PeMS04,6,1933,0.010529032355571847
PeMS04,6,1934,0.007202634763006074
PeMS04,6,1935,0.007615157865768957
PeMS04,6,1936,0.0029619156947825287
PeMS04,6,1937,0.01712007671498041
PeMS04,6,1938,0.013713050432369995
PeMS04,6,1939,0.005511533445953529
PeMS04,6,1940,0.017487141305913806
PeMS04,6,1941,0.017302748097467274
PeMS04,6,1942,0.011975287073598446
PeMS04,6,1943,0.012860617898018881
PeMS04,6,1944,0.004649238467478632
PeMS04,6,1945,0.007208962864830983
PeMS04,6,1946,-0.0058658820947751125
PeMS04,6,1947,-0.006159420762617153
PeMS04,6,1948,-0.008976590961427318
PeMS04,6,1949,-0.00858687133763458
PeMS04,6,1950,-0.01767811180843805
PeMS04,6,1951,-0.005618922139002091
PeMS04,6,1952,0.0023114962750079913
PeMS04,6,1953,0.00013195667487902964
PeMS04,6,1954,-0.0015720664703081982
PeMS04,6,1955,0.0017670554774307202
PeMS04,6,1956,-0.0070857823296289375
PeMS04,6,1957,0.006582268422367855
PeMS04,6,1958,0.002654958340288686
PeMS04,6,1959,0.010403604223846917
PeMS04,6,1960,0.005318938817468034
PeMS04,6,1961,0.007954737441509858
PeMS04,6,1962,0.019838634512236473
PeMS04,6,1963,0.007795734639668985
PeMS04,6,1964,0.007710896078655536
PeMS04,6,1965,0.0153891831843336
PeMS04,6,1966,0.012495396274275294
PeMS04,6,1967,0.01627601480493712
PeMS04,6,1968,0.00895001863897212
PeMS04,6,1969,0.02119316709472366
PeMS04,6,1970,0.02679999921814768
PeMS04,6,1971,0.024316273510820042
PeMS04,6,1972,0.027628030642616375
PeMS04,6,1973,0.021801700966306712
PeMS04,6,1974,0.025853549032866237
PeMS04,6,1975,0.036197396232965584
PeMS04,6,1976,0.02732566235278731
PeMS04,6,1977,0.02413226559383178
PeMS04,6,1978,0.02997781895495475
PeMS04,6,1979,0.016393132834868245
PeMS04,6,1980,0.02240918201055244
PeMS04,6,1981,0.018189332668368214
PeMS04,6,1982,0.011991278200006306
PeMS04,6,1983,0.015714379566580627
PeMS04,6,1984,0.010284097680612177
PeMS04,6,1985,-0.005240065309721945
PeMS04,6,1986,0.012672416959421381
PeMS04,6,1987,0.011369968943266123
PeMS04,6,1988,0.008395438336644804
PeMS04,6,1989,0.013126503989316862
PeMS04,6,1990,0.012936872984290563
PeMS04,6,1991,0.0209252339695093
PeMS04,6,1992,0.013265000392390014
PeMS04,6,1993,-0.008816870448378858
PeMS04,6,1994,0.017774161925078098
PeMS04,6,1995,0.0036915798767291766
PeMS04,6,1996,0.011078705041761658
PeMS04,6,1997,0.002984546047693314
PeMS04,6,1998,0.003915699645191589
PeMS04,6,1999,0.010023944515019173
PeMS04,6,2000,0.013082334055830412
PeMS04,6,2001,0.007794927500698621
PeMS04,6,2002,0.009243160903337329
PeMS04,6,2003,0.011996381856847775
PeMS04,6,2004,-0.0053414071089438065
PeMS04,6,2005,0.014694949563403312
PeMS04,6,2006,0.009963525439012367
PeMS04,6,2007,-0.0014650000030677589
PeMS04,6,2008,0.01788606977127261
PeMS04,6,2009,0.009465631548221392
PeMS04,6,2010,0.016727491237511778
PeMS04,6,2011,0.02821681989744164
PeMS04,6,2012,0.034720361904849166
PeMS04,6,2013,0.05071035849100249
PeMS04,6,2014,0.06527227547127475
PeMS04,6,2015,0.04808472851846814
PeMS04,6,2016,0.15198541495473233
PeMS04,12,0,1.0
PeMS04,12,1,0.640514874680756
PeMS04,12,2,0.5789749044173377
PeMS04,12,3,0.5244273908163198
PeMS04,12,4,0.45206154264087844
PeMS04,12,5,0.4125299903812437
PeMS04,12,6,0.34122809863460346
PeMS04,12,7,0.28213525127776595
PeMS04,12,8,0.25704418626693
PeMS04,12,9,0.19174284122695137
PeMS04,12,10,0.1657599195591182
PeMS04,12,11,0.12871279821044845
PeMS04,12,12,0.03432836178154715
PeMS04,12,13,0.038086282700127906
PeMS04,12,14,0.029033637560271885
PeMS04,12,15,0.03090298023186405
PeMS04,12,16,0.035681495026006156
PeMS04,12,17,0.01257449750277542
PeMS04,12,18,0.02309787700865864
PeMS04,12,19,0.02023295648786018
PeMS04,12,20,0.010543580024975201
PeMS04,12,21,0.03946055225079464
PeMS04,12,22,0.04037099129727196
PeMS04,12,23,0.013462786583409528
PeMS04,12,24,0.013592343270935033
PeMS04,12,25,0.02059322060809957
PeMS04,12,26,-0.00036265817819193297
PeMS04,12,27,0.0013196981530795475
PeMS04,12,28,-0.0024877517395314043
PeMS04,12,29,-0.004884024254811119
PeMS04,12,30,0.0059406502561018745
PeMS04,12,31,-0.004605514769690608
PeMS04,12,32,0.026966655674754966
PeMS04,12,33,0.018570958311779368
PeMS04,12,34,0.012407668378394502
PeMS04,12,35,0.025885058781214217
PeMS04,12,36,0.03264269296600294
PeMS04,12,37,0.04323765408475847
PeMS04,12,38,0.05060490491676428
PeMS04,12,39,0.03807892389199079
PeMS04,12,40,0.03544764132966403
PeMS04,12,41,0.04688891328447295
PeMS04,12,42,0.05004652284376076
PeMS04,12,43,0.05841602337048289
PeMS04,12,44,0.0496505234001399
PeMS04,12,45,0.04960604278554278
PeMS04,12,46,0.07143617468639558
PeMS04,12,47,0.06283873869668828
PeMS04,12,48,0.06170782588050844
PeMS04,12,49,0.05993223841451095
PeMS04,12,50,0.04651126394233035
PeMS04,12,51,0.05315831209559929
PeMS04,12,52,0.03259387265440998
PeMS04,12,53,0.0397667346068393
PeMS04,12,54,0.06194243394073835
PeMS04,12,55,0.04999602598474602
PeMS04,12,56,0.038225257877760745
PeMS04,12,57,0.04290855785250857
PeMS04,12,58,0.032099911252848425
PeMS04,12,59,0.0327816348172413
PeMS04,12,60,0.0106344632103907
PeMS04,12,61,0.014897584934250325
PeMS04,12,62,0.010031360849551451
PeMS04,12,63,0.027875900650878912
PeMS04,12,64,0.039191613989143906
PeMS04,12,65,0.044635950020959714
PeMS04,12,66,0.035665433115678144
PeMS04,12,67,0.04421110301291592
PeMS04,12,68,0.037365314799767346
PeMS04,12,69,0.051168647217755464
PeMS04,12,70,0.06207694219352004
PeMS04,12,71,0.0710221663796824
PeMS04,12,72,0.07704789329691555
PeMS04,12,73,0.089199850088145
PeMS04,12,74,0.08336388411818886
PeMS04,12,75,0.1002919912577672
PeMS04,12,76,0.10127432093882434
PeMS04,12,77,0.08487029142137235
PeMS04,12,78,0.11055304651070201
PeMS04,12,79,0.1122370433533768
PeMS04,12,80,0.10963621825111888
PeMS04,12,81,0.11575559253270089
PeMS04,12,82,0.10643586375058062
PeMS04,12,83,0.09859344044115188
PeMS04,12,84,0.07799621250491123
PeMS04,12,85,0.059066283868494905
PeMS04,12,86,0.05264563729430529
PeMS04,12,87,0.050438013834172034
PeMS04,12,88,0.036602636427484216
PeMS04,12,89,0.021425270936999693
PeMS04,12,90,0.025298598060584754
PeMS04,12,91,0.02565874019955961
PeMS04,12,92,0.026518856209503783
PeMS04,12,93,0.028333311987329936
PeMS04,12,94,0.025545647497734726
PeMS04,12,95,0.02864309942850173
PeMS04,12,96,0.02618297764572164
PeMS04,12,97,0.027591107629843032
PeMS04,12,98,0.028628345517351404
PeMS04,12,99,0.01810435667661891
PeMS04,12,100,0.04238387496944023
PeMS04,12,101,0.04997468274246951
PeMS04,12,102,0.05647115489134606
PeMS04,12,103,0.07555877368713533
PeMS04,12,104,0.07502403688828217
PeMS04,12,105,0.07663129083003163
PeMS04,12,106,0.06918649709725644
PeMS04,12,107,0.07167398369500182
PeMS04,12,108,0.09027109822090715
PeMS04,12,109,0.07692737090630347
PeMS04,12,110,0.05861150480440889
PeMS04,12,111,0.06907946691337852
PeMS04,12,112,0.0780521808795109
PeMS04,12,113,0.07607588552953881
PeMS04,12,114,0.07358433887565533
PeMS04,12,115,0.07512386403696916
PeMS04,12,116,0.06778660835170622
PeMS04,12,117,0.050442562114617166
PeMS04,12,118,0.06175007004596335
PeMS04,12,119,0.056733188695645385
PeMS04,12,120,0.050464339879129884
PeMS04,12,121,0.04310704312414345
PeMS04,12,122,0.05973851427935875
PeMS04,12,123,0.060094033225300166
PeMS04,12,124,0.06832996011297268
PeMS04,12,125,0.05094682316408934
PeMS04,12,126,0.05590966759440119
PeMS04,12,127,0.05004391565507985
PeMS04,12,128,0.047449450711214605
PeMS04,12,129,0.04923327916106474
PeMS04,12,130,0.048499618946462396
PeMS04,12,131,0.035113479664009156
PeMS04,12,132,0.03769459599026721
PeMS04,12,133,0.04422386767115248
PeMS04,12,134,0.04435871718334786
PeMS04,12,135,0.0353826635170024
PeMS04,12,136,0.028732283345462357
PeMS04,12,137,0.028442075879545142
PeMS04,12,138,0.037326107078530506
PeMS04,12,139,0.026878644684101522
PeMS04,12,140,0.024326058042927087
PeMS04,12,141,0.023883985226514765
PeMS04,12,142,0.034438453069241634
PeMS04,12,143,0.05026404310844631
PeMS04,12,144,0.049115317628752944
PeMS04,12,145,0.0394462926876657
PeMS04,12,146,0.03667341609523299
PeMS04,12,147,0.020627354700965328
PeMS04,12,148,0.01946054209746471
PeMS04,12,149,0.02374493010439328
PeMS04,12,150,0.017671930801051543
PeMS04,12,151,0.006743486771651963
PeMS04,12,152,-0.006378490886962888
PeMS04,12,153,-0.0055705499689674065
PeMS04,12,154,-0.00932251624960451
PeMS04,12,155,-0.017466586173409713
PeMS04,12,156,-0.02091080572967282
PeMS04,12,157,-0.016124628834588917
PeMS04,12,158,-0.0049431032392158875
PeMS04,12,159,0.0039874531778011455
PeMS04,12,160,-0.0035949518775705816
PeMS04,12,161,-0.0134634805313186
PeMS04,12,162,-0.004274473735269312
PeMS04,12,163,-0.012913667623199445
PeMS04,12,164,-0.010249378209280704
PeMS04,12,165,-0.012481444060656316
PeMS04,12,166,-0.020079494041470303
PeMS04,12,167,-0.026155586753401502
PeMS04,12,168,-0.026951983929818225
PeMS04,12,169,-0.02891021970787153
PeMS04,12,170,-0.03506509563223992
PeMS04,12,171,-0.04740334105320248
PeMS04,12,172,-0.04134478955208387
PeMS04,12,173,-0.04932737990596541
PeMS04,12,174,-0.043938873506516644
PeMS04,12,175,-0.03527166033386645
PeMS04,12,176,-0.033895036973168174
PeMS04,12,177,-0.01823971728558426
PeMS04,12,178,-0.013104968609680938
PeMS04,12,179,-0.010252184370815303
PeMS04,12,180,-0.006740254416915462
PeMS04,12,181,0.005291639095847976
PeMS04,12,182,-0.0031267743548871333
PeMS04,12,183,0.014849761879216258
PeMS04,12,184,0.0063291744952226996
PeMS04,12,185,0.016026933381400557
PeMS04,12,186,0.029240359771575936
PeMS04,12,187,0.03779052726077207
PeMS04,12,188,0.025189791175580806
PeMS04,12,189,0.03778239971728506
PeMS04,12,190,0.032741162725217404
PeMS04,12,191,0.05619049842554408
PeMS04,12,192,0.039043501586826054
PeMS04,12,193,0.04404837301525087
PeMS04,12,194,0.05659161171573266
PeMS04,12,195,0.05808515660997951
PeMS04,12,196,0.05867132451229919
PeMS04,12,197,0.06012575258157121
PeMS04,12,198,0.061108048652538945
PeMS04,12,199,0.06513872095266379
PeMS04,12,200,0.06392313394922663
PeMS04,12,201,0.062382136304028175
PeMS04,12,202,0.06496762789408131
PeMS04,12,203,0.06299561318776964
PeMS04,12,204,0.04592983811358385
PeMS04,12,205,0.04242558554590943
PeMS04,12,206,0.042914141232052075
PeMS04,12,207,0.023815325332821952
PeMS04,12,208,0.01394799213392537
PeMS04,12,209,0.011370491608806804
PeMS04,12,210,0.006145654166471433
PeMS04,12,211,-0.008329795922439853
PeMS04,12,212,-0.018455981057241912
PeMS04,12,213,-0.01658679036876031
PeMS04,12,214,-0.044848456688455794
PeMS04,12,215,-0.052195388117053224
PeMS04,12,216,-0.04562164202455625
PeMS04,12,217,-0.05310016007180972
PeMS04,12,218,-0.04450823701402322
PeMS04,12,219,-0.05443645161567696
PeMS04,12,220,-0.05820406103661091
PeMS04,12,221,-0.04282266267298056
PeMS04,12,222,-0.04526539258310455
PeMS04,12,223,-0.026781085828968293
PeMS04,12,224,-0.016765083741592485
PeMS04,12,225,-0.01743867358834607
PeMS04,12,226,-0.013410665364989244
PeMS04,12,227,-0.0006204653993388218
PeMS04,12,228,0.009694707876943974
PeMS04,12,229,0.001282808868264297
PeMS04,12,230,-0.005312190330225209
PeMS04,12,231,0.002788657702973014
PeMS04,12,232,0.023782278558615318
PeMS04,12,233,0.021855253237406027
PeMS04,12,234,0.02856534945478299
PeMS04,12,235,0.018990916387535892
PeMS04,12,236,-0.0017060114817867512
PeMS04,12,237,0.0027885254551680374
PeMS04,12,238,0.0018504100875312952
PeMS04,12,239,0.0008150358016950264
PeMS04,12,240,0.008384838954672211
PeMS04,12,241,0.011862867811375532
PeMS04,12,242,0.010712901808231014
PeMS04,12,243,0.013073542848234353
PeMS04,12,244,-0.0033216194377706423
PeMS04,12,245,-0.0042443729169498725
PeMS04,12,246,-0.005703628465160136
PeMS04,12,247,-0.01219111073585655
PeMS04,12,248,0.010814730878588506
PeMS04,12,249,0.01481012512833086
PeMS04,12,250,0.013145366552101136
PeMS04,12,251,0.018265064339623237
PeMS04,12,252,-0.007508230176498819
PeMS04,12,253,-0.002264882091398922
PeMS04,12,254,-0.00208698867943608
PeMS04,12,255,-0.011556329495619582
PeMS04,12,256,-0.002069102186620788
PeMS04,12,257,-0.011447658668623203
PeMS04,12,258,-0.00252692253734279
PeMS04,12,259,-0.00746485946270218
PeMS04,12,260,0.002949567987437445
PeMS04,12,261,-0.01435250382647456
PeMS04,12,262,-0.01040652798369879
PeMS04,12,263,-0.04785787440976831
PeMS04,12,264,-0.018490343445263888
PeMS04,12,265,0.0013107231459182774
PeMS04,12,266,-0.005603888020590298
PeMS04,12,267,0.014408379768800949
PeMS04,12,268,-0.00781463382074868
PeMS04,12,269,0.0032841798338736515
PeMS04,12,270,0.021114444682416557
PeMS04,12,271,0.003517738301539979
PeMS04,12,272,-0.0013649911471892231
PeMS04,12,273,0.004608049810487103
PeMS04,12,274,-0.017077371952057316
PeMS04,12,275,-0.007137945651870583
PeMS04,12,276,0.000680168334846732
PeMS04,12,277,-0.010762187603076234
PeMS04,12,278,-0.003296476987589223
PeMS04,12,279,-0.007619881267733527
PeMS04,12,280,-0.0014124336861932162
PeMS04,12,281,0.004673330507257419
PeMS04,12,282,-0.005867462053722409
PeMS04,12,283,0.01408784603243883
PeMS04,12,284,0.022734416260960122
PeMS04,12,285,0.013891865239262344
PeMS04,12,286,0.04619163980853359
PeMS04,12,287,0.06190771684427498
PeMS04,12,288,0.06785868399514926
PeMS04,12,289,0.06819013163528949
PeMS04,12,290,0.04879536315825797
PeMS04,12,291,0.07579839320677037
PeMS04,12,292,0.06884921381879773
PeMS04,12,293,0.04819610441864309
PeMS04,12,294,0.06804855746531092
PeMS04,12,295,0.03991699851851295
PeMS04,12,296,0.04616175540828386
PeMS04,12,297,0.053634360289879585
PeMS04,12,298,0.05311286978923001
PeMS04,12,299,0.04607734437014833
PeMS04,12,300,0.0509632505765035
PeMS04,12,301,0.03437494017682805
PeMS04,12,302,0.04839970752875961
PeMS04,12,303,0.06281893384950184
PeMS04,12,304,0.04470726059720444
PeMS04,12,305,0.056956464489611835
PeMS04,12,306,0.05169939566541407
PeMS04,12,307,0.07156022460351015
PeMS04,12,308,0.05189962064360308
PeMS04,12,309,0.036466203393066325
PeMS04,12,310,0.02849056985783018
PeMS04,12,311,0.018766911153490665
PeMS04,12,312,-0.0030955107398413684
PeMS04,12,313,0.002371757660522122
PeMS04,12,314,-0.009077743879636639
PeMS04,12,315,-0.02808302169546264
PeMS04,12,316,-0.03420243176812593
PeMS04,12,317,-0.05084996551287148
PeMS04,12,318,-0.050337673977325116
PeMS04,12,319,-0.041121240840783314
PeMS04,12,320,-0.06434431551818676
PeMS04,12,321,-0.028967938739298323
PeMS04,12,322,-0.04444350488879613
PeMS04,12,323,-0.04793305233927552
PeMS04,12,324,-0.03301487087169551
PeMS04,12,325,-0.03728777407201613
PeMS04,12,326,-0.04585218612903585
PeMS04,12,327,-0.05091861954385924
PeMS04,12,328,-0.05256822880222008
PeMS04,12,329,-0.04288048479013805
PeMS04,12,330,-0.03477060168112317
PeMS04,12,331,-0.053374207884490245
PeMS04,12,332,-0.0548046495233758
PeMS04,12,333,-0.05732980898747457
PeMS04,12,334,-0.04545239543889638
PeMS04,12,335,-0.03153762822099748
PeMS04,12,336,-0.03261104483538563
PeMS04,12,337,-0.033807151415775595
PeMS04,12,338,-0.028919555842683447
PeMS04,12,339,-0.028875079461677503
PeMS04,12,340,-0.020618321365452528
PeMS04,12,341,-0.013370216251766003
PeMS04,12,342,-0.018234680916024763
PeMS04,12,343,-0.009091273275323703
PeMS04,12,344,-0.004857419106596257
PeMS04,12,345,9.45394413675269e-05
PeMS04,12,346,-0.01502209806567916
PeMS04,12,347,-0.01219563625421549
PeMS04,12,348,-0.013897582610671602
PeMS04,12,349,-0.017978674576200015
PeMS04,12,350,-0.01751697224701493
PeMS04,12,351,-0.007868761075546118
PeMS04,12,352,-0.0028089982909226497
PeMS04,12,353,0.0008469937472967499
PeMS04,12,354,-0.01254145084349451
PeMS04,12,355,-0.0067325920586215286
PeMS04,12,356,-0.009131272678434357
PeMS04,12,357,-0.005133467740369994
PeMS04,12,358,-0.003760923166199631
PeMS04,12,359,-0.018256521587015868
PeMS04,12,360,-0.015619082095154247
PeMS04,12,361,0.005765464619500242
PeMS04,12,362,0.0093057376056514
PeMS04,12,363,0.01974264269652696
PeMS04,12,364,0.013728174048987678
PeMS04,12,365,0.020024276149333487
PeMS04,12,366,0.03137902797440964
PeMS04,12,367,0.02578481553833113
PeMS04,12,368,0.023272227699148048
PeMS04,12,369,0.015224073610229021
PeMS04,12,370,0.028027579612838707
PeMS04,12,371,0.02115797167070548
PeMS04,12,372,0.034057707304302284
PeMS04,12,373,0.04182321407916682
PeMS04,12,374,0.04513747304449374
PeMS04,12,375,0.03406114137100213
PeMS04,12,376,0.03386328589893302
PeMS04,12,377,0.04116358476162967
PeMS04,12,378,0.023556265834847077
PeMS04,12,379,0.02071384035636665
PeMS04,12,380,0.021327187514000392
PeMS04,12,381,0.007512524330283764
PeMS04,12,382,0.006353515703004045
PeMS04,12,383,0.011975390558756589
PeMS04,12,384,0.01168517579391447
PeMS04,12,385,0.0003799628486702978
PeMS04,12,386,-0.024794096827536808
PeMS04,12,387,-0.027182499010044766
PeMS04,12,388,-0.03619404021739001
PeMS04,12,389,-0.036768276914119276
PeMS04,12,390,-0.03703555211379229
PeMS04,12,391,-0.026724575514576313
PeMS04,12,392,-0.027021857681644862
PeMS04,12,393,-0.02367414404736011
PeMS04,12,394,-0.020964375383762012
PeMS04,12,395,-0.023727540226710676
PeMS04,12,396,-0.029690025153489445
PeMS04,12,397,-0.02625707207052349
PeMS04,12,398,-0.034144408495995246
PeMS04,12,399,-0.016215345079897102
PeMS04,12,400,-0.013063083902862618
PeMS04,12,401,-0.011671841670469104
PeMS04,12,402,-0.0077676581822590995
PeMS04,12,403,-0.010372159137343833
PeMS04,12,404,-0.005648946453639025
PeMS04,12,405,-0.0032668435372139896
PeMS04,12,406,-0.0004383228565767099
PeMS04,12,407,0.004398886882962576
PeMS04,12,408,0.002926275085077202
PeMS04,12,409,0.004083183312486849
PeMS04,12,410,0.008613494460356171
PeMS04,12,411,0.01187407961782996
PeMS04,12,412,0.007867306437689835
PeMS04,12,413,0.0009607769109226036
PeMS04,12,414,-0.0030140424577309584
PeMS04,12,415,0.0023684058081577175
PeMS04,12,416,-0.0048744938233930965
PeMS04,12,417,-0.0018392460346586524
PeMS04,12,418,-0.0001132504721928031
PeMS04,12,419,-0.011161490240111408
PeMS04,12,420,-0.008788434332578724
PeMS04,12,421,-0.010061369190747863
PeMS04,12,422,0.00023267785446830238
PeMS04,12,423,-0.006956510405003654
PeMS04,12,424,-0.007983179031261327
PeMS04,12,425,-0.009384175925134375
PeMS04,12,426,-0.005005310040206584
PeMS04,12,427,-0.015211840502648495
PeMS04,12,428,-0.012880803278951091
PeMS04,12,429,-0.015853948671975406
PeMS04,12,430,-0.022015850058187396
PeMS04,12,431,-0.01965067518666717
PeMS04,12,432,-0.02839255704326494
PeMS04,12,433,-0.024670168756452587
PeMS04,12,434,-0.03511529279800311
PeMS04,12,435,-0.041753873541387876
PeMS04,12,436,-0.03796909323170368
PeMS04,12,437,-0.054796820048917054
PeMS04,12,438,-0.05714912151972818
PeMS04,12,439,-0.0590723433589385
PeMS04,12,440,-0.07105879686251794
PeMS04,12,441,-0.07487680920094637
PeMS04,12,442,-0.07557128934294975
PeMS04,12,443,-0.07720390389017787
PeMS04,12,444,-0.08007382963504821
PeMS04,12,445,-0.07316527259580849
PeMS04,12,446,-0.0694422048291698
PeMS04,12,447,-0.05668722121387185
PeMS04,12,448,-0.06105571660011706
PeMS04,12,449,-0.057358289647823656
PeMS04,12,450,-0.05307629520573588
PeMS04,12,451,-0.053844111501264835
PeMS04,12,452,-0.05749865889419164
PeMS04,12,453,-0.053891939278227226
PeMS04,12,454,-0.06665931859058032
PeMS04,12,455,-0.07113728499684763
PeMS04,12,456,-0.060952467917858716
PeMS04,12,457,-0.06686146644320455
PeMS04,12,458,-0.07493855712972114
PeMS04,12,459,-0.07330213146291747
PeMS04,12,460,-0.08374676944175084
PeMS04,12,461,-0.07684404105091269
PeMS04,12,462,-0.08970591280578295
PeMS04,12,463,-0.0884595500950132
PeMS04,12,464,-0.08256551475185138
PeMS04,12,465,-0.08033286576411035
PeMS04,12,466,-0.07108947205222536
PeMS04,12,467,-0.06878786649933688
PeMS04,12,468,-0.05708840675082852
PeMS04,12,469,-0.04141177771563649
PeMS04,12,470,-0.038180766826653105
PeMS04,12,471,-0.03221505733004189
PeMS04,12,472,-0.025355154870478215
PeMS04,12,473,-0.02814994619395386
PeMS04,12,474,-0.024759650911104252
PeMS04,12,475,-0.013398830814236411
PeMS04,12,476,-0.0358637350945244
PeMS04,12,477,-0.02543877543407016
PeMS04,12,478,-0.018925750405287274
PeMS04,12,479,-0.022521709557081982
PeMS04,12,480,-0.021767207380112886
PeMS04,12,481,-0.033328762910225136
PeMS04,12,482,-0.0248986108123021
PeMS04,12,483,-0.011189433385379031
PeMS04,12,484,-0.018264745649117002
PeMS04,12,485,-0.015696106237227857
PeMS04,12,486,-0.0033780808282187816
PeMS04,12,487,-0.008767097050096132
PeMS04,12,488,0.01097645123699913
PeMS04,12,489,0.02573910598301693
PeMS04,12,490,0.017200209852576306
PeMS04,12,491,0.027939610851840206
PeMS04,12,492,0.03220422614641226
PeMS04,12,493,0.05831261974232012
PeMS04,12,494,0.056144325179442636
PeMS04,12,495,0.04459844267983303
PeMS04,12,496,0.04948817780597011
PeMS04,12,497,0.04127417974710422
PeMS04,12,498,0.034089836026325745
PeMS04,12,499,0.04614504231404032
PeMS04,12,500,0.025265853429220365
PeMS04,12,501,0.013838505154699246
PeMS04,12,502,0.001928546291688003
PeMS04,12,503,-0.01284594285172468
PeMS04,12,504,-0.02039548489432012
PeMS04,12,505,-0.03145685634949951
PeMS04,12,506,-0.039143972126503244
PeMS04,12,507,-0.029415264022170644
PeMS04,12,508,-0.030441176450529243
PeMS04,12,509,-0.03610591925746322
PeMS04,12,510,-0.03291722537323554
PeMS04,12,511,-0.02750300680764282
PeMS04,12,512,-0.031033317327734386
PeMS04,12,513,-0.028278947522666752
PeMS04,12,514,-0.031247038204459114
PeMS04,12,515,-0.013531550140568165
PeMS04,12,516,-0.00605863177281409
PeMS04,12,517,-0.007556993739232984
PeMS04,12,518,-0.015013854583775372
PeMS04,12,519,-0.022273308341341974
PeMS04,12,520,-0.007787654143926281
PeMS04,12,521,-0.01625599619650473
PeMS04,12,522,-0.027567371151229803
PeMS04,12,523,-0.03343723225691875
PeMS04,12,524,-0.03853048868170988
PeMS04,12,525,-0.03406738168867502
PeMS04,12,526,-0.040844635652655226
PeMS04,12,527,-0.04648280193519212
PeMS04,12,528,-0.05716607938914911
PeMS04,12,529,-0.048839462394614536
PeMS04,12,530,-0.03787274238965246
PeMS04,12,531,-0.03678817931580896
PeMS04,12,532,-0.02120444607140871
PeMS04,12,533,-0.022050924927520338
PeMS04,12,534,-0.008033685966247314
PeMS04,12,535,-0.004487663976452103
PeMS04,12,536,-0.009990904881987577
PeMS04,12,537,-0.012023278203977517
PeMS04,12,538,-0.003127892169421126
PeMS04,12,539,-0.004925502726361655
PeMS04,12,540,0.001981003632895729
PeMS04,12,541,0.0019458970146407591
PeMS04,12,542,-0.013896022529112035
PeMS04,12,543,-0.007821526310610151
PeMS04,12,544,-0.03655092540976294
PeMS04,12,545,-0.026881187550657673
PeMS04,12,546,-0.043399873696066474
PeMS04,12,547,-0.055340808740236724
PeMS04,12,548,-0.054556550442119704
PeMS04,12,549,-0.06507830481124384
PeMS04,12,550,-0.07121304932345253
PeMS04,12,551,-0.06746378651802035
PeMS04,12,552,-0.08518133729501871
PeMS04,12,553,-0.05546934588093388
PeMS04,12,554,-0.05172290450453028
PeMS04,12,555,-0.054426659789675695
PeMS04,12,556,-0.041524506373382064
PeMS04,12,557,-0.06107302742953949
PeMS04,12,558,-0.05222357117138076
PeMS04,12,559,-0.044827928042976695
PeMS04,12,560,-0.04301913457933685
PeMS04,12,561,-0.01365716559842624
PeMS04,12,562,-0.01271115178773688
PeMS04,12,563,-0.0013124565676458561
PeMS04,12,564,0.026822773166634385
PeMS04,12,565,0.021779333042474917
PeMS04,12,566,0.03414169015220875
PeMS04,12,567,0.045916073652588346
PeMS04,12,568,0.05244324953920518
PeMS04,12,569,0.048912036921794244
PeMS04,12,570,0.06890327715537316
PeMS04,12,571,0.07533334660746957
PeMS04,12,572,0.07204095036539317
PeMS04,12,573,0.06598675227411654
PeMS04,12,574,0.07238799989079693
PeMS04,12,575,0.06360760706542455
PeMS04,12,576,0.05447250640209641
PeMS04,12,577,0.04703007805732117
PeMS04,12,578,0.026779234437009726
PeMS04,12,579,0.006565669804358951
PeMS04,12,580,-0.014845456957265767
PeMS04,12,581,-0.02176988688661108
PeMS04,12,582,-0.05885962960781866
PeMS04,12,583,-0.039852233104222014
PeMS04,12,584,-0.0611470754453401
PeMS04,12,585,-0.07370443825618984
PeMS04,12,586,-0.04857792304208276
PeMS04,12,587,-0.07062215895101683
PeMS04,12,588,-0.06294813721359632
PeMS04,12,589,-0.05846820762685412
PeMS04,12,590,-0.06321228267422584
PeMS04,12,591,-0.04054801795987813
PeMS04,12,592,-0.0382772824445178
PeMS04,12,593,-0.04886543641050027
PeMS04,12,594,-0.030938736845053695
PeMS04,12,595,-0.03621670736772245
PeMS04,12,596,-0.022183048473055716
PeMS04,12,597,-0.0387929489004549
PeMS04,12,598,-0.02685053055486083
PeMS04,12,599,-0.013894179868587498
PeMS04,12,600,-0.02931275025314227
PeMS04,12,601,-0.021921163316597263
PeMS04,12,602,-0.03135211021826582
PeMS04,12,603,-0.043248439510080096
PeMS04,12,604,-0.036287658181319966
PeMS04,12,605,-0.02824333992954627
PeMS04,12,606,-0.032713978794699984
PeMS04,12,607,-0.018601253839868503
PeMS04,12,608,-0.015887717802238008
PeMS04,12,609,-0.010628543768877577
PeMS04,12,610,-0.006302670670484619
PeMS04,12,611,0.002564711293240876
PeMS04,12,612,-0.0006819112340234685
PeMS04,12,613,0.010073603926851174
PeMS04,12,614,0.011312632665851956
PeMS04,12,615,0.013239980766052964
PeMS04,12,616,0.025793467637842668
PeMS04,12,617,0.023471843010069316
PeMS04,12,618,0.01569880518003253
PeMS04,12,619,0.01869125508142619
PeMS04,12,620,-0.00011888467858462051
PeMS04,12,621,0.026064671787043133
PeMS04,12,622,0.02633035614747469
PeMS04,12,623,0.014851534898258243
PeMS04,12,624,0.023623948627375126
PeMS04,12,625,0.00813499729394195
PeMS04,12,626,0.0020093888881071234
PeMS04,12,627,-0.0036055658739687626
PeMS04,12,628,0.007691724036456462
PeMS04,12,629,-0.006141014516684916
PeMS04,12,630,-0.00688881109594978
PeMS04,12,631,-0.018793812891307566
PeMS04,12,632,-0.006929994889997096
PeMS04,12,633,-0.017045113854580577
PeMS04,12,634,-0.02404618229408181
PeMS04,12,635,-0.021414861095935673
PeMS04,12,636,-0.028884260817365438
PeMS04,12,637,-0.01964658311431886
PeMS04,12,638,-0.01280661744880911
PeMS04,12,639,-0.022221396685661338
PeMS04,12,640,-0.00857495296416956
PeMS04,12,641,-0.0026173501797310274
PeMS04,12,642,0.0032513725033840426
PeMS04,12,643,0.008265707593840611
PeMS04,12,644,0.01277685418978143
PeMS04,12,645,0.02651771235842583
PeMS04,12,646,0.026147713714399733
PeMS04,12,647,0.029938279383617077
PeMS04,12,648,0.03276644608333018
PeMS04,12,649,0.04368056147520215
PeMS04,12,650,0.038980717069324176
PeMS04,12,651,0.04270339801110451
PeMS04,12,652,0.045471901645270506
PeMS04,12,653,0.05086868265057429
PeMS04,12,654,0.05463025287044942
PeMS04,12,655,0.04832999628387814
PeMS04,12,656,0.04656461629822186
PeMS04,12,657,0.03716102335150747
PeMS04,12,658,0.042296962122167374
PeMS04,12,659,0.032179147510063955
PeMS04,12,660,0.02128178009924187
PeMS04,12,661,0.029117028588419417
PeMS04,12,662,0.018223055718734293
PeMS04,12,663,0.02717478632106906
PeMS04,12,664,0.01789526378951649
PeMS04,12,665,0.011601967131826386
PeMS04,12,666,-0.000749991791414664
PeMS04,12,667,0.0029119903265380043
PeMS04,12,668,0.006292859933161238
PeMS04,12,669,0.013981007330750188
PeMS04,12,670,0.015759338776807245
PeMS04,12,671,0.02060629061698459
PeMS04,12,672,0.025519116804670856
PeMS04,12,673,0.023289108197259184
PeMS04,12,674,0.03139824120202575
PeMS04,12,675,0.030105023596530632
PeMS04,12,676,0.026694147088550016
PeMS04,12,677,0.043683702688545184
PeMS04,12,678,0.0315905357602262
PeMS04,12,679,0.039341253872384324
PeMS04,12,680,0.033764068425985554
PeMS04,12,681,0.00883317591921043
PeMS04,12,682,0.009734989280639119
PeMS04,12,683,0.0021893261967031153
PeMS04,12,684,-0.012868554604109267
PeMS04,12,685,-0.01970424473012876
PeMS04,12,686,-0.0324578448142458
PeMS04,12,687,-0.03436197933179375
PeMS04,12,688,-0.044796483840825685
PeMS04,12,689,-0.054417650578791006
PeMS04,12,690,-0.05596632488611982
PeMS04,12,691,-0.053280235090565904
PeMS04,12,692,-0.05583781068559106
PeMS04,12,693,-0.047203100971518655
PeMS04,12,694,-0.041735966128334114
PeMS04,12,695,-0.02999689186107207
PeMS04,12,696,-0.036466226151682296
PeMS04,12,697,-0.027313555344245493
PeMS04,12,698,-0.012116536545325999
PeMS04,12,699,0.001228951261213831
PeMS04,12,700,-0.0011267773567280514
PeMS04,12,701,8.523931438823081e-05
PeMS04,12,702,0.010792153916143734
PeMS04,12,703,0.010335201286987634
PeMS04,12,704,0.018511976996224318
PeMS04,12,705,0.01577023122653132
PeMS04,12,706,0.015379532011565283
PeMS04,12,707,0.008105016012134992
PeMS04,12,708,0.007879636253871078
PeMS04,12,709,0.018755007275286794
PeMS04,12,710,0.016112116067940746
PeMS04,12,711,0.015315231192017064
PeMS04,12,712,0.015404242139964566
PeMS04,12,713,0.016998326443817144
PeMS04,12,714,0.02253456050061117
PeMS04,12,715,0.0225723889990715
PeMS04,12,716,0.015845664733441556
PeMS04,12,717,0.021530065297571666
PeMS04,12,718,0.031065333116624943
PeMS04,12,719,0.043872226473254804
PeMS04,12,720,0.049577758496623756
PeMS04,12,721,0.05376792437713835
PeMS04,12,722,0.05316531698096891
PeMS04,12,723,0.04776547005654877
PeMS04,12,724,0.05469102140989591
PeMS04,12,725,0.058652082166535585
PeMS04,12,726,0.06321697067431897
PeMS04,12,727,0.058544621614575965
PeMS04,12,728,0.052809431700805334
PeMS04,12,729,0.05156768723020201
PeMS04,12,730,0.04889454412138082
PeMS04,12,731,0.030900939859990175
PeMS04,12,732,0.02229878606359245
PeMS04,12,733,0.012113185789933733
PeMS04,12,734,0.012462951572153894
PeMS04,12,735,0.005568996180205567
PeMS04,12,736,0.005832546498545462
PeMS04,12,737,-0.010671998859354229
PeMS04,12,738,-0.02396295440866025
PeMS04,12,739,-0.024837555797712352
PeMS04,12,740,-0.02961318857005193
PeMS04,12,741,-0.025582343998718355
PeMS04,12,742,-0.028332027019147228
PeMS04,12,743,-0.038907771455711726
PeMS04,12,744,-0.03224257517501317
PeMS04,12,745,-0.023722394365247222
PeMS04,12,746,-0.02649959564189434
PeMS04,12,747,-0.024625710636627145
PeMS04,12,748,-0.01929446283464372
PeMS04,12,749,-0.021564557246872833
PeMS04,12,750,-0.019346566010769672
PeMS04,12,751,-0.02823643415303247
PeMS04,12,752,-0.028437065715007252
PeMS04,12,753,-0.013315228803460909
PeMS04,12,754,-0.009284056669501618
PeMS04,12,755,0.004213869145300833
PeMS04,12,756,0.012423160148930662
PeMS04,12,757,0.007920624202872524
PeMS04,12,758,0.008739301637109658
PeMS04,12,759,0.020794308565998877
PeMS04,12,760,0.010007752405298177
PeMS04,12,761,0.01359604819946369
PeMS04,12,762,0.01086089273242665
PeMS04,12,763,0.029918553905042618
PeMS04,12,764,0.04234646536290679
PeMS04,12,765,0.03393946173277071
PeMS04,12,766,0.05843461436417731
PeMS04,12,767,0.05412602617498094
PeMS04,12,768,0.04324472549508149
PeMS04,12,769,0.04262806854957521
PeMS04,12,770,0.025983053352774513
PeMS04,12,771,0.02633092817002939
PeMS04,12,772,0.02845679652808897
PeMS04,12,773,0.029258375057841103
PeMS04,12,774,0.033198585259139296
PeMS04,12,775,0.015136726897541222
PeMS04,12,776,0.013083936652556421
PeMS04,12,777,0.010158342435201992
PeMS04,12,778,-0.013750132684682361
PeMS04,12,779,-0.03312636151997702
PeMS04,12,780,-0.026773000870124235
PeMS04,12,781,-0.03219991538466535
PeMS04,12,782,-0.0258121883099498
PeMS04,12,783,-0.02438997244310236
PeMS04,12,784,-0.02855707650096579
PeMS04,12,785,-0.020191560275019838
PeMS04,12,786,-0.012801803214466357
PeMS04,12,787,-0.006744620609479139
PeMS04,12,788,-0.004906574060218494
PeMS04,12,789,-0.00037060242917162975
PeMS04,12,790,0.006314347692839599
PeMS04,12,791,0.018233320440779837
PeMS04,12,792,0.03006800194656807
PeMS04,12,793,0.027353630746373724
PeMS04,12,794,0.036379141735249705
PeMS04,12,795,0.033874878196884506
PeMS04,12,796,0.03498225408097024
PeMS04,12,797,0.03495405155739788
PeMS04,12,798,0.02468180239402035
PeMS04,12,799,0.03801926689942681
PeMS04,12,800,0.034145930581300804
PeMS04,12,801,0.01940551936480126
PeMS04,12,802,0.02060980051534589
PeMS04,12,803,0.014495864010136106
PeMS04,12,804,0.01932434433790108
PeMS04,12,805,0.01844720965565647
PeMS04,12,806,0.004318737441634576
PeMS04,12,807,0.0012594981684085958
PeMS04,12,808,-0.0017871818422172136
PeMS04,12,809,-0.0013893088622024402
PeMS04,12,810,-0.0002794759705899582
PeMS04,12,811,-0.015977753683077058
PeMS04,12,812,-0.022439114730632526
PeMS04,12,813,-0.02556042994672817
PeMS04,12,814,-0.03193395958948753
PeMS04,12,815,-0.039308079659159556
PeMS04,12,816,-0.05261811158755623
PeMS04,12,817,-0.037709216172978635
PeMS04,12,818,-0.03658602965475
PeMS04,12,819,-0.034789638176783946
PeMS04,12,820,-0.026091511650520517
PeMS04,12,821,-0.02341297326802893
PeMS04,12,822,-0.027921770705833047
PeMS04,12,823,-0.01121327450003448
PeMS04,12,824,-0.012710657099235235
PeMS04,12,825,-0.012320772283019601
PeMS04,12,826,-0.003871777484419024
PeMS04,12,827,0.00977759882615177
PeMS04,12,828,0.010053785555155683
PeMS04,12,829,0.014689213977120303
PeMS04,12,830,0.0171134903244826
PeMS04,12,831,0.017981864075320556
PeMS04,12,832,0.028876775772858333
PeMS04,12,833,0.012071271128740737
PeMS04,12,834,0.03329985106706238
PeMS04,12,835,0.024930726864218083
PeMS04,12,836,0.02502702521345229
PeMS04,12,837,0.02986440407573158
PeMS04,12,838,0.013647679003457838
PeMS04,12,839,0.035396836610807295
PeMS04,12,840,0.024251161408953628
PeMS04,12,841,0.039639463426866806
PeMS04,12,842,0.03146900067799265
PeMS04,12,843,0.037812350978116555
PeMS04,12,844,0.042536885186513794
PeMS04,12,845,0.0414399781245351
PeMS04,12,846,0.03316115475818595
PeMS04,12,847,0.027738302170562078
PeMS04,12,848,0.027499448830743223
PeMS04,12,849,0.025772126136322508
PeMS04,12,850,0.031146363191769305
PeMS04,12,851,0.01296515689290761
PeMS04,12,852,0.003928990162075424
PeMS04,12,853,-0.0069006410450612775
PeMS04,12,854,0.009470321224137695
PeMS04,12,855,0.00320733569870141
PeMS04,12,856,0.019878222733470723
PeMS04,12,857,0.019415574205992263
PeMS04,12,858,0.030393684029352892
PeMS04,12,859,0.0420999364741823
PeMS04,12,860,0.034317427495662425
PeMS04,12,861,0.04085876854530343
PeMS04,12,862,0.04305437840011874
PeMS04,12,863,0.05530140139271431
PeMS04,12,864,0.08977465640586715
PeMS04,12,865,0.07782889902676694
PeMS04,12,866,0.06499785849058358
PeMS04,12,867,0.06710478265374509
PeMS04,12,868,0.06259280962020349
PeMS04,12,869,0.07007850285324509
PeMS04,12,870,0.0667832516588647
PeMS04,12,871,0.053581532327166184
PeMS04,12,872,0.052973459155683106
PeMS04,12,873,0.03498307879204818
PeMS04,12,874,0.03608852819339783
PeMS04,12,875,0.033380495794548284
PeMS04,12,876,0.01918144092003943
PeMS04,12,877,0.024401939203594826
PeMS04,12,878,0.0181504469812456
PeMS04,12,879,0.011306171277345407
PeMS04,12,880,0.01238256970521603
PeMS04,12,881,-0.009603206683916773
PeMS04,12,882,-0.017783591436594935
PeMS04,12,883,-0.01446524482368917
PeMS04,12,884,-0.03251654666440782
PeMS04,12,885,-0.026547185565061013
PeMS04,12,886,-0.02719809431468709
PeMS04,12,887,-0.039536152844813044
PeMS04,12,888,-0.02865965842275126
PeMS04,12,889,-0.038109192419097236
PeMS04,12,890,-0.029885699337344827
PeMS04,12,891,-0.051119069730198745
PeMS04,12,892,-0.03759243754259939
PeMS04,12,893,-0.0418027407163225
PeMS04,12,894,-0.05530245187722289
PeMS04,12,895,-0.040868103313448575
PeMS04,12,896,-0.04275642005059101
PeMS04,12,897,-0.03522229834102784
PeMS04,12,898,-0.02452233352343018
PeMS04,12,899,-0.02850815823228957
PeMS04,12,900,-0.013502074268460125
PeMS04,12,901,-0.004392702770410615
PeMS04,12,902,-0.006838248227742867
PeMS04,12,903,-0.016609111491311588
PeMS04,12,904,-0.0030064388637195865
PeMS04,12,905,-0.0008876849948617946
PeMS04,12,906,9.280941715421414e-05
PeMS04,12,907,0.009432954704263294
PeMS04,12,908,0.01804461996682404
PeMS04,12,909,0.009148281364157523
PeMS04,12,910,0.015033497776052448
PeMS04,12,911,0.017705595450556503
PeMS04,12,912,0.02868932088223395
PeMS04,12,913,0.024898257602385884
PeMS04,12,914,0.012473748968063934
PeMS04,12,915,0.013263085647618154
PeMS04,12,916,0.006914467460311743
PeMS04,12,917,0.02217119191680361
PeMS04,12,918,0.022909960654674995
PeMS04,12,919,0.015534758415524211
PeMS04,12,920,0.009360668981939314
PeMS04,12,921,-0.0010195520642922173
PeMS04,12,922,0.0065276079377073574
PeMS04,12,923,-0.00870319206422596
PeMS04,12,924,-0.020412521084123978
PeMS04,12,925,-0.022322299905444015
PeMS04,12,926,-0.020807268441842386
PeMS04,12,927,-0.00938001327917344
PeMS04,12,928,-0.002523670334138641
PeMS04,12,929,0.00016621740731709032
PeMS04,12,930,-0.008062621442948953
PeMS04,12,931,-0.00018719328412991154
PeMS04,12,932,-0.005370767609913068
PeMS04,12,933,-0.003975712760488426
PeMS04,12,934,0.005590733849843164
PeMS04,12,935,0.0016414125240421908
PeMS04,12,936,0.004290705517852308
PeMS04,12,937,0.006633668971177737
PeMS04,12,938,0.015153517347993225
PeMS04,12,939,0.02079247393457347
PeMS04,12,940,0.010634895317812107
PeMS04,12,941,-0.008780954343365779
PeMS04,12,942,0.0027977159390129543
PeMS04,12,943,0.014030620262214548
PeMS04,12,944,0.010915131661547445
PeMS04,12,945,0.011752154121522635
PeMS04,12,946,0.008213735789054731
PeMS04,12,947,0.014939939914793041
PeMS04,12,948,0.004353640825496683
PeMS04,12,949,0.020625204538831057
PeMS04,12,950,0.014998204706371449
PeMS04,12,951,0.01766878311189797
PeMS04,12,952,0.027268738270411905
PeMS04,12,953,0.022874167646650102
PeMS04,12,954,0.012067180457317457
PeMS04,12,955,0.007085984888368528
PeMS04,12,956,0.00107508030523962
PeMS04,12,957,-0.006136620327469402
PeMS04,12,958,0.004381132045385998
PeMS04,12,959,0.014038822921522415
PeMS04,12,960,0.011493347118536371
PeMS04,12,961,0.020064520472566166
PeMS04,12,962,0.021127098518751036
PeMS04,12,963,0.02811150166076263
PeMS04,12,964,0.027816435256762043
PeMS04,12,965,0.027920678817238306
PeMS04,12,966,0.047641095330367866
PeMS04,12,967,0.04657762578729681
PeMS04,12,968,0.0678181011483018
PeMS04,12,969,0.05628413834181735
PeMS04,12,970,0.0532800887453101
PeMS04,12,971,0.04959000996606746
PeMS04,12,972,0.04135385669932418
PeMS04,12,973,0.04045413713527185
PeMS04,12,974,0.029319141983273317
PeMS04,12,975,0.02463374700182958
PeMS04,12,976,0.024753449568716925
PeMS04,12,977,0.0317226345693079
PeMS04,12,978,0.013777057465321225
PeMS04,12,979,0.015760045170928914
PeMS04,12,980,0.0005453555965459711
PeMS04,12,981,-0.0018041365192627873
PeMS04,12,982,-0.00015410417921395096
PeMS04,12,983,0.0005004602258323685
PeMS04,12,984,-0.0010943709162666646
PeMS04,12,985,-0.005191103379096765
PeMS04,12,986,-0.002164687785307533
PeMS04,12,987,-0.007092339491565586
PeMS04,12,988,-0.006251670946277673
PeMS04,12,989,-0.011497550350260559
PeMS04,12,990,-0.007145388483427387
PeMS04,12,991,-0.019697833859822225
PeMS04,12,992,-0.013696486206013082
PeMS04,12,993,-0.011703527606302251
PeMS04,12,994,-0.00842910208343012
PeMS04,12,995,-0.01190381001245205
PeMS04,12,996,-0.01942506504277541
PeMS04,12,997,-0.020003272888712766
PeMS04,12,998,1.1953187554943963e-05
PeMS04,12,999,-0.015688718790646643
PeMS04,12,1000,-0.009744099839586977
PeMS04,12,1001,0.0030324522679823695
PeMS04,12,1002,-0.0029682689862673955
PeMS04,12,1003,-0.005973996850238105
PeMS04,12,1004,-0.00898507166254145
PeMS04,12,1005,-0.002883654919239739
PeMS04,12,1006,0.00684724534193679
PeMS04,12,1007,-0.0009292562533685462
PeMS04,12,1008,-0.0010113927626062248
PeMS04,12,1009,0.0040089557618945395
PeMS04,12,1010,-0.004092293003269455
PeMS04,12,1011,-0.01191633831264182
PeMS04,12,1012,-0.005266681338098577
PeMS04,12,1013,-0.0006898323993027647
PeMS04,12,1014,0.008014011026939601
PeMS04,12,1015,0.008008739814773144
PeMS04,12,1016,0.0016266285056159607
PeMS04,12,1017,-0.005466587026505393
PeMS04,12,1018,-0.001832409182297046
PeMS04,12,1019,-0.010138086341635278
PeMS04,12,1020,-0.0037248669578572578
PeMS04,12,1021,0.004177681658754124
PeMS04,12,1022,0.012867962638205832
PeMS04,12,1023,0.01350181023428899
PeMS04,12,1024,0.0226928143122553
PeMS04,12,1025,0.02410735210612538
PeMS04,12,1026,0.02066918355966248
PeMS04,12,1027,0.014863394029799939
PeMS04,12,1028,0.015267535572820557
PeMS04,12,1029,0.005647394535727287
PeMS04,12,1030,0.00867468508380269
PeMS04,12,1031,0.010822466638501145
PeMS04,12,1032,0.01229345808004805
PeMS04,12,1033,0.024554138795041657
PeMS04,12,1034,0.023242201986585408
PeMS04,12,1035,0.023544454511356967
PeMS04,12,1036,0.02163262053387194
PeMS04,12,1037,0.022116224300098852
PeMS04,12,1038,0.01228848125304413
PeMS04,12,1039,0.013888603977774052
PeMS04,12,1040,0.015601219583187748
PeMS04,12,1041,0.023006189883734755
PeMS04,12,1042,0.030571451386306025
PeMS04,12,1043,0.04000867398903457
PeMS04,12,1044,0.03787845562679219
PeMS04,12,1045,0.04428754220616997
PeMS04,12,1046,0.038500609589100614
PeMS04,12,1047,0.04934297355672063
PeMS04,12,1048,0.04520587996869083
PeMS04,12,1049,0.03188368813761463
PeMS04,12,1050,0.040942551201346884
PeMS04,12,1051,0.02858955915702791
PeMS04,12,1052,0.03198406968612724
PeMS04,12,1053,0.02730421209182288
PeMS04,12,1054,0.01988675208976569
PeMS04,12,1055,0.015476945097614181
PeMS04,12,1056,0.01047165614859056
PeMS04,12,1057,0.011132923319715332
PeMS04,12,1058,0.0037428128315409263
PeMS04,12,1059,0.00048110059459458606
PeMS04,12,1060,0.012567140813704936
PeMS04,12,1061,0.01530842593462688
PeMS04,12,1062,0.01897237924265307
PeMS04,12,1063,0.022634597973086416
PeMS04,12,1064,0.02484672431477361
PeMS04,12,1065,0.019944583580147928
PeMS04,12,1066,0.02160134171165872
PeMS04,12,1067,0.024455510377949893
PeMS04,12,1068,0.01927494064668884
PeMS04,12,1069,0.03088654784528598
PeMS04,12,1070,0.0315721812510662
PeMS04,12,1071,0.031828565902223695
PeMS04,12,1072,0.015006749029010327
PeMS04,12,1073,0.012263624109192949
PeMS04,12,1074,0.0010409864680968116
PeMS04,12,1075,-0.005510228290712264
PeMS04,12,1076,-0.010032593475159945
PeMS04,12,1077,-0.007046380980292546
PeMS04,12,1078,-0.017031925439652203
PeMS04,12,1079,-0.017543020092206617
PeMS04,12,1080,-0.02192881567498407
PeMS04,12,1081,-0.03179020830296036
PeMS04,12,1082,-0.020775954874595274
PeMS04,12,1083,-0.032481458414589874
PeMS04,12,1084,-0.02696662811582237
PeMS04,12,1085,-0.019885967360839488
PeMS04,12,1086,-0.01811231168397507
PeMS04,12,1087,-0.007681587353429539
PeMS04,12,1088,5.5662089563287833e-05
PeMS04,12,1089,-0.002504167432519686
PeMS04,12,1090,-0.00695258049421623
PeMS04,12,1091,-0.0037985615333347798
PeMS04,12,1092,-0.011379518927342076
PeMS04,12,1093,-0.006748678759538883
PeMS04,12,1094,0.0004761470742851853
PeMS04,12,1095,-0.010419027110995203
PeMS04,12,1096,-0.002269964045377467
PeMS04,12,1097,0.007186322836993093
PeMS04,12,1098,0.007249719928675168
PeMS04,12,1099,0.01660947362631094
PeMS04,12,1100,0.0014061724215028563
PeMS04,12,1101,0.017446879087777523
PeMS04,12,1102,0.013031773171395821
PeMS04,12,1103,0.01230955523546378
PeMS04,12,1104,0.02073180813133065
PeMS04,12,1105,0.017820080443077334
PeMS04,12,1106,0.030159326478807133
PeMS04,12,1107,0.027648772253718933
PeMS04,12,1108,0.024005496437189616
PeMS04,12,1109,0.014919869188482503
PeMS04,12,1110,0.02356192630887117
PeMS04,12,1111,0.018469331868248964
PeMS04,12,1112,0.004761487140385066
PeMS04,12,1113,-0.0069636036743101455
PeMS04,12,1114,-0.023123404781475967
PeMS04,12,1115,-0.018044943161852067
PeMS04,12,1116,-0.017043575955925927
PeMS04,12,1117,-0.018498422890971325
PeMS04,12,1118,-0.01783714059241628
PeMS04,12,1119,-0.017486673193762084
PeMS04,12,1120,-0.020028231851639364
PeMS04,12,1121,-0.001717308422672012
PeMS04,12,1122,-0.018621009887093802
PeMS04,12,1123,-0.030372923678942437
PeMS04,12,1124,-0.023292472522285487
PeMS04,12,1125,-0.022654650019811096
PeMS04,12,1126,-0.006701929679298975
PeMS04,12,1127,-0.01573605669352826
PeMS04,12,1128,-0.0038875058502341603
PeMS04,12,1129,0.002882822506335512
PeMS04,12,1130,0.002585939911448445
PeMS04,12,1131,0.0036965304419469386
PeMS04,12,1132,-0.00037285865353700956
PeMS04,12,1133,-0.005998869194208806
PeMS04,12,1134,-0.013920810160897966
PeMS04,12,1135,-0.009015699029009613
PeMS04,12,1136,-0.0036397126111416375
PeMS04,12,1137,-0.011762237799913993
PeMS04,12,1138,-0.01054680843614443
PeMS04,12,1139,-0.005285167848675481
PeMS04,12,1140,-0.010461081849024664
PeMS04,12,1141,-0.0031572447009889093
PeMS04,12,1142,-0.008912134439468039
PeMS04,12,1143,-0.004757598279108343
PeMS04,12,1144,0.002936027729687949
PeMS04,12,1145,0.007968643272587797
PeMS04,12,1146,0.01689401709853372
PeMS04,12,1147,0.023697799481043797
PeMS04,12,1148,0.03075276343457119
PeMS04,12,1149,0.03961697669652149
PeMS04,12,1150,0.03874052273780048
PeMS04,12,1151,0.03623965757283403
PeMS04,12,1152,0.05153891115941707
PeMS04,12,1153,0.029759746874320345
PeMS04,12,1154,0.03764268495645434
PeMS04,12,1155,0.03537021787028299
PeMS04,12,1156,0.031276207120415137
PeMS04,12,1157,0.03310676973472286
PeMS04,12,1158,0.01921360548760591
PeMS04,12,1159,0.010652798546248997
PeMS04,12,1160,0.02401933306229038
PeMS04,12,1161,0.011396309733074546
PeMS04,12,1162,0.02686161015807169
PeMS04,12,1163,0.014538317938200982
PeMS04,12,1164,0.023372199527573367
PeMS04,12,1165,0.02468114105330163
PeMS04,12,1166,0.0285970135647235
PeMS04,12,1167,0.0250986508755389
PeMS04,12,1168,0.038073037223730136
PeMS04,12,1169,0.04060503745148656
PeMS04,12,1170,0.053536033320758875
PeMS04,12,1171,0.0597440557373952
PeMS04,12,1172,0.05714302762638624
PeMS04,12,1173,0.044508136273543296
PeMS04,12,1174,0.03072297857300317
PeMS04,12,1175,0.03559369751936821
PeMS04,12,1176,0.023302427057382922
PeMS04,12,1177,0.02959474776094824
PeMS04,12,1178,0.01646676586089305
PeMS04,12,1179,0.015269541650102556
PeMS04,12,1180,-0.005414976220748624
PeMS04,12,1181,-0.03448604010145404
PeMS04,12,1182,-0.03507034352103099
PeMS04,12,1183,-0.0393063350227625
PeMS04,12,1184,-0.0340523607963742
PeMS04,12,1185,-0.050187092217144805
PeMS04,12,1186,-0.051575134752651054
PeMS04,12,1187,-0.0475520409283832
PeMS04,12,1188,-0.0422263039136645
PeMS04,12,1189,-0.055521458025001955
PeMS04,12,1190,-0.06295901832922876
PeMS04,12,1191,-0.07673913121876448
PeMS04,12,1192,-0.06822427998757055
PeMS04,12,1193,-0.06519742370181522
PeMS04,12,1194,-0.059998183512445395
PeMS04,12,1195,-0.06019389980859176
PeMS04,12,1196,-0.06908406206735278
PeMS04,12,1197,-0.06804948899890179
PeMS04,12,1198,-0.06532717845085138
PeMS04,12,1199,-0.058639070661945764
PeMS04,12,1200,-0.04987848166420843
PeMS04,12,1201,-0.05107267343181319
PeMS04,12,1202,-0.035418091633711
PeMS04,12,1203,-0.03102299640983188
PeMS04,12,1204,-0.018546763460717996
PeMS04,12,1205,-0.011554207527380957
PeMS04,12,1206,-0.024911620456901908
PeMS04,12,1207,-0.013103763097761671
PeMS04,12,1208,-0.010201787297053068
PeMS04,12,1209,-0.0019857701460974917
PeMS04,12,1210,-0.0037167545273196724
PeMS04,12,1211,0.010046697275978074
PeMS04,12,1212,0.009142645931257298
PeMS04,12,1213,0.009823585644120456
PeMS04,12,1214,0.013584089210925751
PeMS04,12,1215,0.016405613513562744
PeMS04,12,1216,0.02300193279939678
PeMS04,12,1217,0.021159020343214444
PeMS04,12,1218,0.030293504983197644
PeMS04,12,1219,0.04476065602817435
PeMS04,12,1220,0.044942365984172374
PeMS04,12,1221,0.04633719625069227
PeMS04,12,1222,0.04003660418205112
PeMS04,12,1223,0.04310771895290044
PeMS04,12,1224,0.03731544322373288
PeMS04,12,1225,0.048599605866931656
PeMS04,12,1226,0.04842384574932659
PeMS04,12,1227,0.03598214358051859
PeMS04,12,1228,0.0357946543967492
PeMS04,12,1229,0.029572096743634594
PeMS04,12,1230,0.02543389233394972
PeMS04,12,1231,0.017460359065638777
PeMS04,12,1232,0.005071865412622279
PeMS04,12,1233,0.012320532525382235
PeMS04,12,1234,0.008611360348309541
PeMS04,12,1235,0.003653216864299454
PeMS04,12,1236,0.0071291629000009215
PeMS04,12,1237,0.0009990986267114934
PeMS04,12,1238,-0.0046807410776870196
PeMS04,12,1239,0.005638973574446186
PeMS04,12,1240,-0.003724045739341304
PeMS04,12,1241,0.010826184492443673
PeMS04,12,1242,0.01930094605143761
PeMS04,12,1243,0.03281830977302463
PeMS04,12,1244,0.03329589779732821
PeMS04,12,1245,0.028876070765751796
PeMS04,12,1246,0.027443683182865948
PeMS04,12,1247,0.03349475278965141
PeMS04,12,1248,0.0363487079580791
PeMS04,12,1249,0.04406676271814529
PeMS04,12,1250,0.040632400484944584
PeMS04,12,1251,0.02865055516508285
PeMS04,12,1252,0.040036236149051156
PeMS04,12,1253,0.03071223698102062
PeMS04,12,1254,0.030312073558019362
PeMS04,12,1255,0.021327021547109776
PeMS04,12,1256,0.015496817930410071
PeMS04,12,1257,0.006990161773018466
PeMS04,12,1258,-0.0007889750883460314
PeMS04,12,1259,-0.013149060195798977
PeMS04,12,1260,-0.020039564251477137
PeMS04,12,1261,-0.029835747890291833
PeMS04,12,1262,-0.0382032063433143
PeMS04,12,1263,-0.029035086804486535
PeMS04,12,1264,-0.038792635631731034
PeMS04,12,1265,-0.030102282771428027
PeMS04,12,1266,-0.022668898124872126
PeMS04,12,1267,-0.026105844264444778
PeMS04,12,1268,-0.026198953388098037
PeMS04,12,1269,-0.025536395252882916
PeMS04,12,1270,-0.020108172323292362
PeMS04,12,1271,-0.01783758761099702
PeMS04,12,1272,-0.02507133078797034
PeMS04,12,1273,-0.030722133977598973
PeMS04,12,1274,-0.023787246712273013
PeMS04,12,1275,-0.022427821706010785
PeMS04,12,1276,-0.03632539144698751
PeMS04,12,1277,-0.04833832926271103
PeMS04,12,1278,-0.05233103596843676
PeMS04,12,1279,-0.05732692600596084
PeMS04,12,1280,-0.04377724286945642
PeMS04,12,1281,-0.05461947046397804
PeMS04,12,1282,-0.0432251024528576
PeMS04,12,1283,-0.046928350831303124
PeMS04,12,1284,-0.04161743772009434
PeMS04,12,1285,-0.03464398068302657
PeMS04,12,1286,-0.03623829560676722
PeMS04,12,1287,-0.03585685221080452
PeMS04,12,1288,-0.034907626530429
PeMS04,12,1289,-0.02670492012550843
PeMS04,12,1290,-0.010289863823092518
PeMS04,12,1291,0.0032620161427359714
PeMS04,12,1292,0.005690952855360848
PeMS04,12,1293,0.013001550021214177
PeMS04,12,1294,0.011590776755210265
PeMS04,12,1295,0.012387450991411687
PeMS04,12,1296,0.010127737175735231
PeMS04,12,1297,0.00796523039513028
PeMS04,12,1298,-8.153388208188828e-05
PeMS04,12,1299,-0.007388460600877984
PeMS04,12,1300,-0.006661203245289887
PeMS04,12,1301,-0.009601033672254141
PeMS04,12,1302,-0.02027840049170594
PeMS04,12,1303,-0.020926814850640543
PeMS04,12,1304,-0.033952800121042244
PeMS04,12,1305,-0.04813678212852007
PeMS04,12,1306,-0.04971451667176428
PeMS04,12,1307,-0.05260534185371745
PeMS04,12,1308,-0.05379239213344094
PeMS04,12,1309,-0.053658853236837965
PeMS04,12,1310,-0.06100069704930036
PeMS04,12,1311,-0.0636629227344056
PeMS04,12,1312,-0.049824506080995964
PeMS04,12,1313,-0.05208131782899648
PeMS04,12,1314,-0.05602522024393293
PeMS04,12,1315,-0.062364829750098126
PeMS04,12,1316,-0.05646586322311463
PeMS04,12,1317,-0.05687377437020377
PeMS04,12,1318,-0.0620378910712932
PeMS04,12,1319,-0.054011867849517774
PeMS04,12,1320,-0.05912311339772442
PeMS04,12,1321,-0.051311239162847286
PeMS04,12,1322,-0.053665641305184864
PeMS04,12,1323,-0.05884023293111986
PeMS04,12,1324,-0.06838153598062484
PeMS04,12,1325,-0.06786352358635359
PeMS04,12,1326,-0.06963950824731173
PeMS04,12,1327,-0.05957102037452498
PeMS04,12,1328,-0.053816738037281577
PeMS04,12,1329,-0.04891908895025384
PeMS04,12,1330,-0.0470722555998878
PeMS04,12,1331,-0.037116318765696876
PeMS04,12,1332,-0.043081773702105856
PeMS04,12,1333,-0.027335226900295002
PeMS04,12,1334,-0.02927657411945908
PeMS04,12,1335,-0.025823024388846816
PeMS04,12,1336,-0.022123913476331615
PeMS04,12,1337,-0.014795146933765385
PeMS04,12,1338,-0.012365210242444127
PeMS04,12,1339,-0.01415675749446683
PeMS04,12,1340,-0.021983216189546025
PeMS04,12,1341,-0.02196815992141458
PeMS04,12,1342,-0.015556173664581134
PeMS04,12,1343,-0.021725373313937795
PeMS04,12,1344,-0.021171561753210697
PeMS04,12,1345,-0.0242693823204681
PeMS04,12,1346,-0.023646848679674686
PeMS04,12,1347,-0.01609101850446756
PeMS04,12,1348,-0.019359155611648943
PeMS04,12,1349,-0.02450388287376207
PeMS04,12,1350,-0.021649539060587388
PeMS04,12,1351,-0.016091510232248044
PeMS04,12,1352,-0.012711709375249146
PeMS04,12,1353,-0.010539008325741183
PeMS04,12,1354,-0.006422828689066492
PeMS04,12,1355,0.0012645410454556526
PeMS04,12,1356,0.002886711491318341
PeMS04,12,1357,0.005361401291918659
PeMS04,12,1358,0.014083247719619005
PeMS04,12,1359,0.006719184131717102
PeMS04,12,1360,0.004847668041248462
PeMS04,12,1361,0.0018385643875479965
PeMS04,12,1362,-0.003314477894093104
PeMS04,12,1363,-0.001225813319373342
PeMS04,12,1364,-0.003118204957581305
PeMS04,12,1365,0.0004950693869390929
PeMS04,12,1366,0.007151127683502467
PeMS04,12,1367,0.0061673834879867155
PeMS04,12,1368,-0.0031869742959026843
PeMS04,12,1369,0.0025184877942641378
PeMS04,12,1370,0.0016536153572579858
PeMS04,12,1371,-0.0026333527676506603
PeMS04,12,1372,-0.010292331337253378
PeMS04,12,1373,-0.017877217727355184
PeMS04,12,1374,-0.028194226224422345
PeMS04,12,1375,-0.026914600518117796
PeMS04,12,1376,-0.03858786929078111
PeMS04,12,1377,-0.04787053285587569
PeMS04,12,1378,-0.046554936632990734
PeMS04,12,1379,-0.05787945612140484
PeMS04,12,1380,-0.06817832634488226
PeMS04,12,1381,-0.06919056046936323
PeMS04,12,1382,-0.07987625051606097
PeMS04,12,1383,-0.0827015653956934
PeMS04,12,1384,-0.08250153088976338
PeMS04,12,1385,-0.08391122898885664
PeMS04,12,1386,-0.07907928822665988
PeMS04,12,1387,-0.08273906435044276
PeMS04,12,1388,-0.06902282966113567
PeMS04,12,1389,-0.07160274151809562
PeMS04,12,1390,-0.06602190949154955
PeMS04,12,1391,-0.06333933772276219
PeMS04,12,1392,-0.05832972123381792
PeMS04,12,1393,-0.0611209895733048
PeMS04,12,1394,-0.04566530445571111
PeMS04,12,1395,-0.03337414990687392
PeMS04,12,1396,-0.03977124614130148
PeMS04,12,1397,-0.02367819187395785
PeMS04,12,1398,-0.0148182513369779
PeMS04,12,1399,-0.012678222612213944
PeMS04,12,1400,2.785972009480572e-07
PeMS04,12,1401,-0.001572585395991759
PeMS04,12,1402,-0.006299480858772167
PeMS04,12,1403,-0.00593157007329698
PeMS04,12,1404,0.005871909481549815
PeMS04,12,1405,0.00978203372967804
PeMS04,12,1406,0.0004459581910785411
PeMS04,12,1407,-0.01044340959998905
PeMS04,12,1408,-0.007579940105878149
PeMS04,12,1409,-0.0007598339535054931
PeMS04,12,1410,0.0005691366945271355
PeMS04,12,1411,-0.000159514217987903
PeMS04,12,1412,0.0012566872020840364
PeMS04,12,1413,0.00137563016859001
PeMS04,12,1414,-0.010294775406547232
PeMS04,12,1415,-0.007699123951002197
PeMS04,12,1416,-0.021457012747976557
PeMS04,12,1417,-0.022996863170986034
PeMS04,12,1418,-0.02356643543363566
PeMS04,12,1419,-0.03887333387043217
PeMS04,12,1420,-0.025699543785811626
PeMS04,12,1421,-0.04500711839975152
PeMS04,12,1422,-0.04475516798648622
PeMS04,12,1423,-0.06081991512241464
PeMS04,12,1424,-0.049331031564999794
PeMS04,12,1425,-0.05952238966961726
PeMS04,12,1426,-0.057381878958418814
PeMS04,12,1427,-0.05562597134870817
PeMS04,12,1428,-0.055486589456751625
PeMS04,12,1429,-0.06625180159004548
PeMS04,12,1430,-0.06325142836225334
PeMS04,12,1431,-0.080180994639278
PeMS04,12,1432,-0.07052271413879954
PeMS04,12,1433,-0.06544900008101155
PeMS04,12,1434,-0.06755152643043884
PeMS04,12,1435,-0.0531780310815534
PeMS04,12,1436,-0.05101534509632509
PeMS04,12,1437,-0.04555304464838904
PeMS04,12,1438,-0.036002859937685754
PeMS04,12,1439,-0.040746065014069646
PeMS04,12,1440,-0.028848079238895177
PeMS04,12,1441,-0.022432065454024205
PeMS04,12,1442,-0.01375668962017035
PeMS04,12,1443,-0.009155218585944284
PeMS04,12,1444,-0.010035376218644173
PeMS04,12,1445,-0.0010427011924963368
PeMS04,12,1446,0.007770776721441513
PeMS04,12,1447,-0.0022400649729907482
PeMS04,12,1448,0.0064056459569241135
PeMS04,12,1449,-0.0014109421313954788
PeMS04,12,1450,-0.007277288048621924
PeMS04,12,1451,-0.010864645727959348
PeMS04,12,1452,-0.004201912707545825
PeMS04,12,1453,-0.0109172889636139
PeMS04,12,1454,-0.02228054358902703
PeMS04,12,1455,-0.022750169846495534
PeMS04,12,1456,-0.03446539412506279
PeMS04,12,1457,-0.033836555795510516
PeMS04,12,1458,-0.04001076499406567
PeMS04,12,1459,-0.031766366902260285
PeMS04,12,1460,-0.029880176893222497
PeMS04,12,1461,-0.03252343504471696
PeMS04,12,1462,-0.02473981252990071
PeMS04,12,1463,-0.024808000985213425
PeMS04,12,1464,-0.03631564604698121
PeMS04,12,1465,-0.039547828577448416
PeMS04,12,1466,-0.03891757470014013
PeMS04,12,1467,-0.029377353779020822
PeMS04,12,1468,-0.024909854905939572
PeMS04,12,1469,-0.009088851188622698
PeMS04,12,1470,-0.005474459698677883
PeMS04,12,1471,0.012061029442315394
PeMS04,12,1472,0.007443960554542488
PeMS04,12,1473,0.00875246600539564
PeMS04,12,1474,0.006896339950421321
PeMS04,12,1475,0.005473146572461273
PeMS04,12,1476,0.004512046600438687
PeMS04,12,1477,-0.002577008388196027
PeMS04,12,1478,0.009006640589320717
PeMS04,12,1479,-0.0047307329902309
PeMS04,12,1480,-0.015127887274526549
PeMS04,12,1481,-0.005774961372899063
PeMS04,12,1482,-0.010708218758844602
PeMS04,12,1483,-0.012237725452946657
PeMS04,12,1484,-0.0105205855199205
PeMS04,12,1485,-0.016202138741325433
PeMS04,12,1486,-0.023852288285343838
PeMS04,12,1487,-0.022126555510944786
PeMS04,12,1488,-0.0373932343278392
PeMS04,12,1489,-0.04267469302823098
PeMS04,12,1490,-0.027732916970451084
PeMS04,12,1491,-0.024006373405058724
PeMS04,12,1492,-0.015888694165211017
PeMS04,12,1493,0.005401012880463309
PeMS04,12,1494,0.0015170484589694757
PeMS04,12,1495,0.009926975723713524
PeMS04,12,1496,0.00917184712144361
PeMS04,12,1497,0.002843750338964867
PeMS04,12,1498,-0.001634918946651846
PeMS04,12,1499,-0.0006002468576050158
PeMS04,12,1500,-0.0034508458838356858
PeMS04,12,1501,-0.008495634552953765
PeMS04,12,1502,-0.018921958340749903
PeMS04,12,1503,-0.00874594219756085
PeMS04,12,1504,-0.016443832773572586
PeMS04,12,1505,-0.017827731059037344
PeMS04,12,1506,-0.015166331121430031
PeMS04,12,1507,-0.01793439819805038
PeMS04,12,1508,-0.01756257712073696
PeMS04,12,1509,-0.015337961146462162
PeMS04,12,1510,-0.028771915501482292
PeMS04,12,1511,-0.035315806993676035
PeMS04,12,1512,-0.02460457847676348
PeMS04,12,1513,-0.01755275950390923
PeMS04,12,1514,-0.011929213762098394
PeMS04,12,1515,-0.01787842092823679
PeMS04,12,1516,-0.015814587642509422
PeMS04,12,1517,-0.00776756529452541
PeMS04,12,1518,-0.009173547841493393
PeMS04,12,1519,-0.004834601703359231
PeMS04,12,1520,-0.006031792820454941
PeMS04,12,1521,-0.010477532275660614
PeMS04,12,1522,-0.002157452564657802
PeMS04,12,1523,0.0009801485364113712
PeMS04,12,1524,-0.003584205863816045
PeMS04,12,1525,0.003640333714422576
PeMS04,12,1526,0.005167897883272677
PeMS04,12,1527,0.014616863242231121
PeMS04,12,1528,0.016337661480223368
PeMS04,12,1529,0.01674071689628081
PeMS04,12,1530,0.022200747151707563
PeMS04,12,1531,0.011101462420105849
PeMS04,12,1532,0.012637006791261115
PeMS04,12,1533,0.025349959496561124
PeMS04,12,1534,0.01642949465573302
PeMS04,12,1535,0.020093525312248575
PeMS04,12,1536,0.02392968079226882
PeMS04,12,1537,0.021071013273868105
PeMS04,12,1538,0.02703497536303254
PeMS04,12,1539,0.02369343124194264
PeMS04,12,1540,0.022385109731330656
PeMS04,12,1541,0.03364858496845391
PeMS04,12,1542,0.028341856197368575
PeMS04,12,1543,0.024214823797054415
PeMS04,12,1544,0.02524062279861309
PeMS04,12,1545,0.015065979023724493
PeMS04,12,1546,-0.0041803348297290805
PeMS04,12,1547,-0.0071145987911974545
PeMS04,12,1548,-0.01226649707942563
PeMS04,12,1549,-0.01810319397490078
PeMS04,12,1550,-0.02443459400233266
PeMS04,12,1551,-0.03033025956130301
PeMS04,12,1552,-0.03129702322644011
PeMS04,12,1553,-0.03781707887366471
PeMS04,12,1554,-0.04231985198182666
PeMS04,12,1555,-0.04232213715482622
PeMS04,12,1556,-0.04259390635220597
PeMS04,12,1557,-0.0440652995791033
PeMS04,12,1558,-0.045019304449705255
PeMS04,12,1559,-0.036984853416614755
PeMS04,12,1560,-0.03598466079065377
PeMS04,12,1561,-0.04188445465646141
PeMS04,12,1562,-0.03586236211521017
PeMS04,12,1563,-0.03568655030947442
PeMS04,12,1564,-0.039385417987599494
PeMS04,12,1565,-0.044759719658601836
PeMS04,12,1566,-0.041951275878288084
PeMS04,12,1567,-0.0427806127012515
PeMS04,12,1568,-0.049245145831356474
PeMS04,12,1569,-0.048694435714200165
PeMS04,12,1570,-0.04588809970733879
PeMS04,12,1571,-0.04595532358410905
PeMS04,12,1572,-0.04823426856881012
PeMS04,12,1573,-0.039054540276738485
PeMS04,12,1574,-0.03510267217365709
PeMS04,12,1575,-0.026555810184691244
PeMS04,12,1576,-0.02835216438647429
PeMS04,12,1577,-0.017343401233513814
PeMS04,12,1578,-0.007665346131713049
PeMS04,12,1579,-0.0008100300757474888
PeMS04,12,1580,0.0012787006240348178
PeMS04,12,1581,-0.0010173269368967336
PeMS04,12,1582,-0.00331204109452086
PeMS04,12,1583,-0.0026060784676220994
PeMS04,12,1584,-0.003897644890568837
PeMS04,12,1585,-0.0013730580167059954
PeMS04,12,1586,-0.0015548264346558587
PeMS04,12,1587,0.00016339918226160018
PeMS04,12,1588,0.0031363228591395685
PeMS04,12,1589,0.006981701168991403
PeMS04,12,1590,0.013003759505867955
PeMS04,12,1591,0.016381622497856765
PeMS04,12,1592,0.007935026893662734
PeMS04,12,1593,0.003609995846942194
PeMS04,12,1594,0.007189473601044402
PeMS04,12,1595,0.00907254581546325
PeMS04,12,1596,0.01535481528338657
PeMS04,12,1597,0.0020195938619164667
PeMS04,12,1598,0.007909827657693961
PeMS04,12,1599,0.011465779489137682
PeMS04,12,1600,0.009689078031216701
PeMS04,12,1601,0.010968421333054056
PeMS04,12,1602,-0.006206731553712403
PeMS04,12,1603,-0.011924825272912259
PeMS04,12,1604,-0.00013243800467387356
PeMS04,12,1605,-0.0027955853496677255
PeMS04,12,1606,-0.009096167916769135
PeMS04,12,1607,-0.010158164627611085
PeMS04,12,1608,-0.018881585588086006
PeMS04,12,1609,-0.018784428103614314
PeMS04,12,1610,-0.023223477042277032
PeMS04,12,1611,-0.032046947740107995
PeMS04,12,1612,-0.03060574475844796
PeMS04,12,1613,-0.03290091332328733
PeMS04,12,1614,-0.03241669897769094
PeMS04,12,1615,-0.023511643619054813
PeMS04,12,1616,-0.028872184775427308
PeMS04,12,1617,-0.020779276094733092
PeMS04,12,1618,-0.030985945766647992
PeMS04,12,1619,-0.02290692345939762
PeMS04,12,1620,-0.018319008447245086
PeMS04,12,1621,-0.013484045032576462
PeMS04,12,1622,-0.010092894707951381
PeMS04,12,1623,-0.005570493634833825
PeMS04,12,1624,-0.01399460904574376
PeMS04,12,1625,-0.010410581981649424
PeMS04,12,1626,-0.013289544039181277
PeMS04,12,1627,-0.013527690921253346
PeMS04,12,1628,-0.015465130058247392
PeMS04,12,1629,-0.015393034214605958
PeMS04,12,1630,-0.020146528428937348
PeMS04,12,1631,-0.008407837915130023
PeMS04,12,1632,-0.02411271322413097
PeMS04,12,1633,-0.016507665237677743
PeMS04,12,1634,-0.024322746487354677
PeMS04,12,1635,-0.024057912502315943
PeMS04,12,1636,-0.012364380510255625
PeMS04,12,1637,-0.00686640340923825
PeMS04,12,1638,-0.0016559778007191332
PeMS04,12,1639,-0.0006599542697456741
PeMS04,12,1640,-0.0031192906654680416
PeMS04,12,1641,-0.007004494558286504
PeMS04,12,1642,0.0034597361590270933
PeMS04,12,1643,0.005102300885635381
PeMS04,12,1644,0.007012197860863239
PeMS04,12,1645,0.003594359267429637
PeMS04,12,1646,0.008164812999653876
PeMS04,12,1647,-0.0013538996123046813
PeMS04,12,1648,-0.006124463466152256
PeMS04,12,1649,-0.004648384613492001
PeMS04,12,1650,-0.006185591051583195
PeMS04,12,1651,-0.004766874669612635
PeMS04,12,1652,-0.002815440478404015
PeMS04,12,1653,0.005728255594470223
PeMS04,12,1654,0.009974285857278472
PeMS04,12,1655,0.015721731574511396
PeMS04,12,1656,0.014287904970025526
PeMS04,12,1657,0.014916958350036152
PeMS04,12,1658,0.02497050057014299
PeMS04,12,1659,0.027627895604559114
PeMS04,12,1660,0.025113060137089426
PeMS04,12,1661,0.034834507928457374
PeMS04,12,1662,0.02638257829060472
PeMS04,12,1663,0.03122748703760629
PeMS04,12,1664,0.025174484431196936
PeMS04,12,1665,0.022315794038290065
PeMS04,12,1666,0.01653093805744312
PeMS04,12,1667,0.010248118379180816
PeMS04,12,1668,0.00270175541918461
PeMS04,12,1669,0.013255470937130118
PeMS04,12,1670,0.0029468894815485613
PeMS04,12,1671,0.0057323752281747565
PeMS04,12,1672,0.0032543848128572662
PeMS04,12,1673,-0.0015438143176132954
PeMS04,12,1674,-0.0037715892559192377
PeMS04,12,1675,-0.00997260852800852
PeMS04,12,1676,-0.02395666179879493
PeMS04,12,1677,-0.02271092450714949
PeMS04,12,1678,-0.030890144044533708
PeMS04,12,1679,-0.040026558511785916
PeMS04,12,1680,-0.04321572339130558
PeMS04,12,1681,-0.054458300924390135
PeMS04,12,1682,-0.051590570123540555
PeMS04,12,1683,-0.06583553941253639
PeMS04,12,1684,-0.06440466092147891
PeMS04,12,1685,-0.06627781205969696
PeMS04,12,1686,-0.0603771129061285
PeMS04,12,1687,-0.060079667559023935
PeMS04,12,1688,-0.055308934305554044
PeMS04,12,1689,-0.06650578093916566
PeMS04,12,1690,-0.06075258294091869
PeMS04,12,1691,-0.05387532881406089
PeMS04,12,1692,-0.03944437593169121
PeMS04,12,1693,-0.032239131496519954
PeMS04,12,1694,-0.016302391534328258
PeMS04,12,1695,0.003958961796991546
PeMS04,12,1696,-0.0003768573970076327
PeMS04,12,1697,0.00843422186583473
PeMS04,12,1698,0.009307038253095739
PeMS04,12,1699,0.01514290140959654
PeMS04,12,1700,0.01638794706568511
PeMS04,12,1701,0.017421220844112118
PeMS04,12,1702,0.02896496109748105
PeMS04,12,1703,0.04271960853982886
PeMS04,12,1704,0.03540388050879933
PeMS04,12,1705,0.041193415158002386
PeMS04,12,1706,0.032573025332796074
PeMS04,12,1707,0.030852570234435828
PeMS04,12,1708,0.03612232100241963
PeMS04,12,1709,0.023995774772823233
PeMS04,12,1710,0.0165552853734962
PeMS04,12,1711,0.00844669342968834
PeMS04,12,1712,0.0001456801509297021
PeMS04,12,1713,0.007964454999795194
PeMS04,12,1714,-0.009033202942705583
PeMS04,12,1715,-0.014574930146639872
PeMS04,12,1716,-0.007787161191845647
PeMS04,12,1717,-0.007375319026929264
PeMS04,12,1718,0.004547444061845587
PeMS04,12,1719,0.007941724127726296
PeMS04,12,1720,0.010759665266251078
PeMS04,12,1721,0.007853862545592678
PeMS04,12,1722,0.026510834271284124
PeMS04,12,1723,0.021100096539732324
PeMS04,12,1724,0.03611620065207872
PeMS04,12,1725,0.03565942777806995
PeMS04,12,1726,0.027026856510529364
PeMS04,12,1727,0.04680622274338222
PeMS04,12,1728,0.0446109934449413
PeMS04,12,1729,0.04543365693381895
PeMS04,12,1730,0.0371160711604687
PeMS04,12,1731,0.029749186278563367
PeMS04,12,1732,0.030132814698853354
PeMS04,12,1733,0.02959799470438374
PeMS04,12,1734,0.030193551495842286
PeMS04,12,1735,0.03075039480244651
PeMS04,12,1736,0.02843594992956643
PeMS04,12,1737,0.018766877374869463
PeMS04,12,1738,0.026047496247300985
PeMS04,12,1739,0.03296999921348178
PeMS04,12,1740,0.029231486820569058
PeMS04,12,1741,0.03774435071371901
PeMS04,12,1742,0.03833018978438922
PeMS04,12,1743,0.05469247175664906
PeMS04,12,1744,0.042887723748857076
PeMS04,12,1745,0.04449671419835226
PeMS04,12,1746,0.041085957657947154
PeMS04,12,1747,0.03742347632999304
PeMS04,12,1748,0.03384193051611366
PeMS04,12,1749,0.04344269806782108
PeMS04,12,1750,0.0359133038953307
PeMS04,12,1751,0.03376294946699568
PeMS04,12,1752,0.021254486636775913
PeMS04,12,1753,0.00902770498650008
PeMS04,12,1754,0.012536357598059777
PeMS04,12,1755,-0.0038925482056772274
PeMS04,12,1756,-0.007469674274692664
PeMS04,12,1757,-0.010709750494692851
PeMS04,12,1758,-0.01569697510261878
PeMS04,12,1759,-0.0171976872008602
PeMS04,12,1760,-0.011246439675467344
PeMS04,12,1761,-0.006734599943001921
PeMS04,12,1762,-0.0011296890434114772
PeMS04,12,1763,0.00191360545133019
PeMS04,12,1764,0.003713370901932754
PeMS04,12,1765,0.015878958237777643
PeMS04,12,1766,0.020003632296006456
PeMS04,12,1767,0.016513071983108606
PeMS04,12,1768,0.02903111358177113
PeMS04,12,1769,0.027375011438879587
PeMS04,12,1770,0.034356051347667886
PeMS04,12,1771,0.03162950835278066
PeMS04,12,1772,0.025965577019322117
PeMS04,12,1773,0.03539922708632879
PeMS04,12,1774,0.03134858778893698
PeMS04,12,1775,0.03219740265865722
PeMS04,12,1776,0.03364332056613939
PeMS04,12,1777,0.03624731517404436
PeMS04,12,1778,0.0466321182576622
PeMS04,12,1779,0.045418687047671984
PeMS04,12,1780,0.030837517926751167
PeMS04,12,1781,0.04161441477217503
PeMS04,12,1782,0.05031200803765414
PeMS04,12,1783,0.04800866569151169
PeMS04,12,1784,0.04699417822545687
PeMS04,12,1785,0.043020119607146474
PeMS04,12,1786,0.04234904732683545
PeMS04,12,1787,0.04215289348786969
PeMS04,12,1788,0.04621320496373696
PeMS04,12,1789,0.037436414917845835
PeMS04,12,1790,0.023364872056474004
PeMS04,12,1791,0.015234516943993304
PeMS04,12,1792,0.017519850104499576
PeMS04,12,1793,0.015278725977340124
PeMS04,12,1794,0.0019556696251161634
PeMS04,12,1795,0.003139724255290072
PeMS04,12,1796,-0.0018634914662677682
PeMS04,12,1797,0.0015563186405659845
PeMS04,12,1798,0.0057255249791040895
PeMS04,12,1799,0.0040486947506717455
PeMS04,12,1800,0.012273064911270292
PeMS04,12,1801,0.0038590372158503533
PeMS04,12,1802,0.007381196866763198
PeMS04,12,1803,0.015120312074722586
PeMS04,12,1804,0.011290386201075439
PeMS04,12,1805,0.0089730888538355
PeMS04,12,1806,0.017182579031233776
PeMS04,12,1807,0.01905943672782215
PeMS04,12,1808,0.019872043230292184
PeMS04,12,1809,0.02254697034549347
PeMS04,12,1810,0.021749393876847607
PeMS04,12,1811,0.02133817913924799
PeMS04,12,1812,0.0211878939984397
PeMS04,12,1813,0.021748100498156734
PeMS04,12,1814,0.030206744967413966
PeMS04,12,1815,0.02759048234573249
PeMS04,12,1816,0.03130260038051993
PeMS04,12,1817,0.03726122313846183
PeMS04,12,1818,0.03702263333776171
PeMS04,12,1819,0.041521775389732236
PeMS04,12,1820,0.044529140687879235
PeMS04,12,1821,0.046669078387491895
PeMS04,12,1822,0.047375370021692065
PeMS04,12,1823,0.048924071688151785
PeMS04,12,1824,0.05093069242935924
PeMS04,12,1825,0.06104422065974407
PeMS04,12,1826,0.051563664224739625
PeMS04,12,1827,0.05494383564283639
PeMS04,12,1828,0.05569766191057935
PeMS04,12,1829,0.06052112858694796
PeMS04,12,1830,0.052570437797691806
PeMS04,12,1831,0.053373396187417266
PeMS04,12,1832,0.054382007855697856
PeMS04,12,1833,0.05194756454584222
PeMS04,12,1834,0.03960149822836415
PeMS04,12,1835,0.04130620084574525
PeMS04,12,1836,0.03356666398716197
PeMS04,12,1837,0.02786941495908443
PeMS04,12,1838,0.01447633485384327
PeMS04,12,1839,0.010707558879380956
PeMS04,12,1840,0.00749400218358091
PeMS04,12,1841,0.004614504114452891
PeMS04,12,1842,-0.0005450251678626859
PeMS04,12,1843,-0.005179663825736352
PeMS04,12,1844,-0.0056524231580802045
PeMS04,12,1845,-0.018043388769583068
PeMS04,12,1846,-0.01169669162788181
PeMS04,12,1847,-0.006049755864059162
PeMS04,12,1848,-0.012265037890937143
PeMS04,12,1849,-0.013814994908359277
PeMS04,12,1850,-0.009653511715202791
PeMS04,12,1851,-0.00625718728915486
PeMS04,12,1852,-0.004652752680004963
PeMS04,12,1853,-0.008425654088047536
PeMS04,12,1854,-0.003684759914495971
PeMS04,12,1855,-0.006857270765139323
PeMS04,12,1856,-0.0028343482078689395
PeMS04,12,1857,0.010918175499738468
PeMS04,12,1858,0.00920056663417374
PeMS04,12,1859,0.004331068067467864
PeMS04,12,1860,0.004056015543639992
PeMS04,12,1861,0.011990893558310655
PeMS04,12,1862,0.019767970997062106
PeMS04,12,1863,0.024821505420574284
PeMS04,12,1864,0.020133956913696814
PeMS04,12,1865,0.034106134686965016
PeMS04,12,1866,0.04140094664880804
PeMS04,12,1867,0.04590217237768599
PeMS04,12,1868,0.04564457785139081
PeMS04,12,1869,0.047586523172806344
PeMS04,12,1870,0.05385362193016538
PeMS04,12,1871,0.048871526630584666
PeMS04,12,1872,0.04783778967618176
PeMS04,12,1873,0.049517132031866584
PeMS04,12,1874,0.05066003199766475
PeMS04,12,1875,0.039061459526157805
PeMS04,12,1876,0.037987856301113794
PeMS04,12,1877,0.04567668533858607
PeMS04,12,1878,0.037006276959157224
PeMS04,12,1879,0.032481609771053285
PeMS04,12,1880,0.03092374419871334
PeMS04,12,1881,0.02561954196271752
PeMS04,12,1882,0.027299773661685796
PeMS04,12,1883,0.02261371851046734
PeMS04,12,1884,0.02170001574767594
PeMS04,12,1885,0.01949304712544977
PeMS04,12,1886,0.021281802492488937
PeMS04,12,1887,0.020262783726414164
PeMS04,12,1888,0.02307721365433463
PeMS04,12,1889,0.019332282190240444
PeMS04,12,1890,0.023404399522440663
PeMS04,12,1891,0.019172524019913265
PeMS04,12,1892,0.022980222597441376
PeMS04,12,1893,0.023920589170597216
PeMS04,12,1894,0.02545847896828952
PeMS04,12,1895,0.022385265758913832
PeMS04,12,1896,0.025251666271955797
PeMS04,12,1897,0.02775400395957033
PeMS04,12,1898,0.03208831621496222
PeMS04,12,1899,0.02430872941989347
PeMS04,12,1900,0.014992589973795965
PeMS04,12,1901,0.019547535939932234
PeMS04,12,1902,0.022010286991935652
PeMS04,12,1903,0.015790191359815575
PeMS04,12,1904,0.018289158980142342
PeMS04,12,1905,0.01262095877156885
PeMS04,12,1906,0.003803910030611587
PeMS04,12,1907,0.0037395770429933936
PeMS04,12,1908,0.0030462711555361735
PeMS04,12,1909,-0.011297909958031876
PeMS04,12,1910,-0.022671674344369428
PeMS04,12,1911,-0.01338678951603392
PeMS04,12,1912,-0.0127279997032421
PeMS04,12,1913,-0.018373438259609184
PeMS04,12,1914,-0.028161348490822937
PeMS04,12,1915,-0.028081388008031713
PeMS04,12,1916,-0.033384925968442926
PeMS04,12,1917,-0.03857218299101611
PeMS04,12,1918,-0.03358800814302115
PeMS04,12,1919,-0.03102603308570059
PeMS04,12,1920,-0.028815067771747842
PeMS04,12,1921,-0.02372613188210014
PeMS04,12,1922,-0.02484746044435749
PeMS04,12,1923,-0.020678584844192265
PeMS04,12,1924,-0.01938306081001173
PeMS04,12,1925,-0.015469143800455873
PeMS04,12,1926,-0.007683385420414167
PeMS04,12,1927,-0.010967264869969585
PeMS04,12,1928,-0.0022352696150850122
PeMS04,12,1929,0.005227419679700861
PeMS04,12,1930,0.00494394052391862
PeMS04,12,1931,0.010504353150943481
PeMS04,12,1932,0.013131497315620133
PeMS04,12,1933,0.022490454308526236
PeMS04,12,1934,0.029962769842300778
PeMS04,12,1935,0.027057611854735087
PeMS04,12,1936,0.02995393601860633
PeMS04,12,1937,0.03282551235489988
PeMS04,12,1938,0.02788823232950567
PeMS04,12,1939,0.017102224875686342
PeMS04,12,1940,0.02415197155525241
PeMS04,12,1941,0.02003277329909983
PeMS04,12,1942,0.018900703627398586
PeMS04,12,1943,0.016786984483326557
PeMS04,12,1944,0.013456007765986256
PeMS04,12,1945,0.015816183142870508
PeMS04,12,1946,0.005526812949097235
PeMS04,12,1947,-0.0035897419330012934
PeMS04,12,1948,-0.014349146462265127
PeMS04,12,1949,-0.01610423028762691
PeMS04,12,1950,-0.02624799555182211
PeMS04,12,1951,-0.027245462223462056
PeMS04,12,1952,-0.019747309683052473
PeMS04,12,1953,-0.024590458602874298
PeMS04,12,1954,-0.036729908515102924
PeMS04,12,1955,-0.040335892510069325
PeMS04,12,1956,-0.043149804643912576
PeMS04,12,1957,-0.04328560335828926
PeMS04,12,1958,-0.040482494018924876
PeMS04,12,1959,-0.042441951176341065
PeMS04,12,1960,-0.04119120322649914
PeMS04,12,1961,-0.03140808344059417
PeMS04,12,1962,-0.023818974955528018
PeMS04,12,1963,-0.02684233316640479
PeMS04,12,1964,-0.0301854887267766
PeMS04,12,1965,-0.011654870175902157
PeMS04,12,1966,-0.009993039219528764
PeMS04,12,1967,-0.0028178681493975493
PeMS04,12,1968,-0.0015882083569510148
PeMS04,12,1969,0.0039624695242654025
PeMS04,12,1970,0.007596815966643896
PeMS04,12,1971,0.0012973542803103248
PeMS04,12,1972,0.006544199704163337
PeMS04,12,1973,0.007023047398401041
PeMS04,12,1974,0.013139450511879702
PeMS04,12,1975,0.017215361246271776
PeMS04,12,1976,0.01363524704282407
PeMS04,12,1977,0.012864223935058384
PeMS04,12,1978,0.01584426276559176
PeMS04,12,1979,-0.0019270634165591027
PeMS04,12,1980,0.002253489466603762
PeMS04,12,1981,-0.00526304762969817
PeMS04,12,1982,-0.011356782171643242
PeMS04,12,1983,-0.010714123401136812
PeMS04,12,1984,-0.015935958466464333
PeMS04,12,1985,-0.03174382555211867
PeMS04,12,1986,-0.03340509544105903
PeMS04,12,1987,-0.04307029794820304
PeMS04,12,1988,-0.04597256625536066
PeMS04,12,1989,-0.04040583742092106
PeMS04,12,1990,-0.05088831006148562
PeMS04,12,1991,-0.03984349454443197
PeMS04,12,1992,-0.0513284257051767
PeMS04,12,1993,-0.06134633173577457
PeMS04,12,1994,-0.05003445339029712
PeMS04,12,1995,-0.04583297583882351
PeMS04,12,1996,-0.045398839668413106
PeMS04,12,1997,-0.056902693750636495
PeMS04,12,1998,-0.0443435591280616
PeMS04,12,1999,-0.03953025218957019
PeMS04,12,2000,-0.033225397936380026
PeMS04,12,2001,-0.038497951772015336
PeMS04,12,2002,-0.04029352678669055
PeMS04,12,2003,-0.03868864072785116
PeMS04,12,2004,-0.042326559016962785
PeMS04,12,2005,-0.019700760958436855
PeMS04,12,2006,-0.013694806300234846
PeMS04,12,2007,-0.013653473686250084
PeMS04,12,2008,0.0035081254253872094
PeMS04,12,2009,0.011478883999517672
PeMS04,12,2010,0.02102341679047196
PeMS04,12,2011,0.03428213891432956
PeMS04,12,2012,0.04047050590652027
PeMS04,12,2013,0.05613650931002597
PeMS04,12,2014,0.059268910311547345
PeMS04,12,2015,0.05457366889089894
PeMS04,12,2016,0.12652604067640894
