dataset,origin,horizon,network_median_residual
PeMS08,0,1,0.22145843505859375
PeMS08,0,6,0.98614501953125
PeMS08,0,12,1.6967315673828125
PeMS08,1,1,-0.00304412841796875
PeMS08,1,6,-0.0302581787109375
PeMS08,1,12,1.8285675048828125
PeMS08,2,1,-0.2265472412109375
PeMS08,2,6,0.01300811767578125
PeMS08,2,12,-0.420440673828125
PeMS08,3,1,-0.1886444091796875
PeMS08,3,6,-0.7326889038085938
PeMS08,3,12,-0.9934844970703125
PeMS08,4,1,0.34332275390625
PeMS08,4,6,0.1172332763671875
PeMS08,4,12,0.7351341247558594
PeMS08,5,1,0.4561920166015625
PeMS08,5,6,-0.2310943603515625
PeMS08,5,12,0.99310302734375
PeMS08,6,1,0.1209259033203125
PeMS08,6,6,0.20568084716796875
PeMS08,6,12,1.196929931640625
PeMS08,7,1,-0.23416519165039062
PeMS08,7,6,0.06331634521484375
PeMS08,7,12,-0.47103118896484375
PeMS08,8,1,-1.0942916870117188
PeMS08,8,6,-0.8504791259765625
PeMS08,8,12,-0.37076568603515625
PeMS08,9,1,-0.38604736328125
PeMS08,9,6,-0.584625244140625
PeMS08,9,12,0.13227081298828125
PeMS08,10,1,0.120941162109375
PeMS08,10,6,-0.9668350219726562
PeMS08,10,12,0.7399826049804688
PeMS08,11,1,0.457305908203125
PeMS08,11,6,-0.29168701171875
PeMS08,11,12,-0.791534423828125
PeMS08,12,1,0.13896942138671875
PeMS08,12,6,-0.7985267639160156
PeMS08,12,12,-0.658782958984375
PeMS08,13,1,0.2385101318359375
PeMS08,13,6,-0.002105712890625
PeMS08,13,12,-0.87579345703125
PeMS08,14,1,0.2035064697265625
PeMS08,14,6,0.542572021484375
PeMS08,14,12,0.856231689453125
PeMS08,15,1,-1.493194580078125
PeMS08,15,6,-0.014133453369140625
PeMS08,15,12,0.11622238159179688
PeMS08,16,1,-1.0867919921875
PeMS08,16,6,-0.3281402587890625
PeMS08,16,12,-0.5861740112304688
PeMS08,17,1,-0.6964950561523438
PeMS08,17,6,0.5019073486328125
PeMS08,17,12,-0.9375
PeMS08,18,1,-0.364227294921875
PeMS08,18,6,-0.24749755859375
PeMS08,18,12,-1.2801361083984375
PeMS08,19,1,0.08803558349609375
PeMS08,19,6,0.1234283447265625
PeMS08,19,12,-0.187042236328125
PeMS08,20,1,-0.2143096923828125
PeMS08,20,6,-0.6190643310546875
PeMS08,20,12,-2.9263839721679688
PeMS08,21,1,-0.17931365966796875
PeMS08,21,6,-1.2989997863769531
PeMS08,21,12,-2.7441329956054688
PeMS08,22,1,-0.8696136474609375
PeMS08,22,6,-0.7675247192382812
PeMS08,22,12,-1.4889984130859375
PeMS08,23,1,-1.035400390625
PeMS08,23,6,-1.5201263427734375
PeMS08,23,12,-0.15428924560546875
PeMS08,24,1,-0.905975341796875
PeMS08,24,6,-0.714385986328125
PeMS08,24,12,0.14939117431640625
PeMS08,25,1,-0.268646240234375
PeMS08,25,6,-1.3874969482421875
PeMS08,25,12,-0.1861572265625
PeMS08,26,1,-0.7345428466796875
PeMS08,26,6,-1.9245376586914062
PeMS08,26,12,0.42206573486328125
PeMS08,27,1,-1.070831298828125
PeMS08,27,6,-1.180938720703125
PeMS08,27,12,0.17205810546875
PeMS08,28,1,-0.77740478515625
PeMS08,28,6,-0.7839736938476562
PeMS08,28,12,0.268890380859375
PeMS08,29,1,-0.573272705078125
PeMS08,29,6,-1.1288604736328125
PeMS08,29,12,-0.16838836669921875
PeMS08,30,1,-0.7452278137207031
PeMS08,30,6,-0.20840072631835938
PeMS08,30,12,-0.16714096069335938
PeMS08,31,1,-0.7655487060546875
PeMS08,31,6,-0.095245361328125
PeMS08,31,12,-0.2947998046875
PeMS08,32,1,-0.09615325927734375
PeMS08,32,6,0.2262420654296875
PeMS08,32,12,2.3755340576171875
PeMS08,33,1,0.4376068115234375
PeMS08,33,6,1.2208328247070312
PeMS08,33,12,4.224822998046875
PeMS08,34,1,-0.152618408203125
PeMS08,34,6,0.6784629821777344
PeMS08,34,12,1.2574996948242188
PeMS08,35,1,0.436248779296875
PeMS08,35,6,0.9158248901367188
PeMS08,35,12,1.656524658203125
PeMS08,36,1,0.5631103515625
PeMS08,36,6,0.2461700439453125
PeMS08,36,12,-0.5461578369140625
PeMS08,37,1,-0.28989410400390625
PeMS08,37,6,0.5405731201171875
PeMS08,37,12,0.7059097290039062
PeMS08,38,1,0.03070831298828125
PeMS08,38,6,0.042388916015625
PeMS08,38,12,0.5556793212890625
PeMS08,39,1,-0.14225006103515625
PeMS08,39,6,1.1899337768554688
PeMS08,39,12,1.3240203857421875
PeMS08,40,1,-0.6433486938476562
PeMS08,40,6,0.6529464721679688
PeMS08,40,12,1.1041336059570312
PeMS08,41,1,-0.8082160949707031
PeMS08,41,6,-0.5511856079101562
PeMS08,41,12,-0.5358200073242188
PeMS08,42,1,-0.8778762817382812
PeMS08,42,6,-0.05153656005859375
PeMS08,42,12,1.1780319213867188
PeMS08,43,1,-0.361358642578125
PeMS08,43,6,-0.49781036376953125
PeMS08,43,12,-0.6070022583007812
PeMS08,44,1,0.40654754638671875
PeMS08,44,6,0.29921722412109375
PeMS08,44,12,-0.3647003173828125
PeMS08,45,1,0.18645858764648438
PeMS08,45,6,-0.6044540405273438
PeMS08,45,12,-0.793701171875
PeMS08,46,1,-0.886322021484375
PeMS08,46,6,-0.7551345825195312
PeMS08,46,12,-0.06491851806640625
PeMS08,47,1,-0.38531494140625
PeMS08,47,6,-1.1194915771484375
PeMS08,47,12,-0.9207763671875
PeMS08,48,1,-0.01053619384765625
PeMS08,48,6,0.1750030517578125
PeMS08,48,12,-0.85247802734375
PeMS08,49,1,0.26338958740234375
PeMS08,49,6,-0.7933349609375
PeMS08,49,12,-1.34075927734375
PeMS08,50,1,-0.34127044677734375
PeMS08,50,6,-1.136474609375
PeMS08,50,12,-2.87811279296875
PeMS08,51,1,0.0224151611328125
PeMS08,51,6,-1.2057113647460938
PeMS08,51,12,-2.736785888671875
PeMS08,52,1,-0.646942138671875
PeMS08,52,6,-1.1484146118164062
PeMS08,52,12,-2.4217071533203125
PeMS08,53,1,-1.020782470703125
PeMS08,53,6,-1.19647216796875
PeMS08,53,12,-0.9189910888671875
PeMS08,54,1,0.1976165771484375
PeMS08,54,6,-1.285919189453125
PeMS08,54,12,-1.144073486328125
PeMS08,55,1,-0.4624786376953125
PeMS08,55,6,-1.0488128662109375
PeMS08,55,12,-0.261016845703125
PeMS08,56,1,0.03061676025390625
PeMS08,56,6,-1.730621337890625
PeMS08,56,12,-0.0942840576171875
PeMS08,57,1,-0.691009521484375
PeMS08,57,6,-1.319580078125
PeMS08,57,12,0.23370361328125
PeMS08,58,1,-0.8358612060546875
PeMS08,58,6,-0.5835647583007812
PeMS08,58,12,1.4039459228515625
PeMS08,59,1,-0.8604507446289062
PeMS08,59,6,-0.080535888671875
PeMS08,59,12,1.1205291748046875
PeMS08,60,1,-0.4674949645996094
PeMS08,60,6,-0.4578399658203125
PeMS08,60,12,0.01966094970703125
PeMS08,61,1,-0.2017364501953125
PeMS08,61,6,1.1826705932617188
PeMS08,61,12,3.5853042602539062
PeMS08,62,1,-0.126953125
PeMS08,62,6,0.39234161376953125
PeMS08,62,12,1.03955078125
PeMS08,63,1,0.434356689453125
PeMS08,63,6,0.3465728759765625
PeMS08,63,12,1.2459793090820312
PeMS08,64,1,-0.15496063232421875
PeMS08,64,6,0.6112518310546875
PeMS08,64,12,2.3451690673828125
PeMS08,65,1,0.1038970947265625
PeMS08,65,6,1.1794891357421875
PeMS08,65,12,1.851287841796875
PeMS08,66,1,-0.66119384765625
PeMS08,66,6,0.74334716796875
PeMS08,66,12,0.4715728759765625
PeMS08,67,1,-0.1567840576171875
PeMS08,67,6,0.21770477294921875
PeMS08,67,12,-1.7485427856445312
PeMS08,68,1,-0.7133636474609375
PeMS08,68,6,0.58111572265625
PeMS08,68,12,0.17608642578125
PeMS08,69,1,-0.113922119140625
PeMS08,69,6,-1.171783447265625
PeMS08,69,12,-2.1034698486328125
PeMS08,70,1,0.12113189697265625
PeMS08,70,6,0.0688629150390625
PeMS08,70,12,-0.11297607421875
PeMS08,71,1,-0.21319580078125
PeMS08,71,6,-0.575469970703125
PeMS08,71,12,-2.1437530517578125
PeMS08,72,1,-0.14615631103515625
PeMS08,72,6,-0.6922683715820312
PeMS08,72,12,-0.0397186279296875
PeMS08,73,1,-0.4055938720703125
PeMS08,73,6,-0.7096023559570312
PeMS08,73,12,-0.924224853515625
PeMS08,74,1,-1.5890655517578125
PeMS08,74,6,-0.5642471313476562
PeMS08,74,12,-0.14984130859375
PeMS08,75,1,-0.395172119140625
PeMS08,75,6,-0.2056732177734375
PeMS08,75,12,0.2731781005859375
PeMS08,76,1,-0.7409324645996094
PeMS08,76,6,-0.22853851318359375
PeMS08,76,12,-1.0091781616210938
PeMS08,77,1,-1.8927459716796875
PeMS08,77,6,-0.111846923828125
PeMS08,77,12,0.6283721923828125
PeMS08,78,1,-0.372344970703125
PeMS08,78,6,-0.1284942626953125
PeMS08,78,12,0.22753143310546875
PeMS08,79,1,0.1067657470703125
PeMS08,79,6,0.6197052001953125
PeMS08,79,12,1.746337890625
PeMS08,80,1,-0.7448272705078125
PeMS08,80,6,-0.2668800354003906
PeMS08,80,12,-0.17816162109375
PeMS08,81,1,-0.133392333984375
PeMS08,81,6,0.5872802734375
PeMS08,81,12,0.87896728515625
PeMS08,82,1,0.36034393310546875
PeMS08,82,6,0.34098052978515625
PeMS08,82,12,0.5744476318359375
PeMS08,83,1,1.0544815063476562
PeMS08,83,6,1.0607681274414062
PeMS08,83,12,0.158660888671875
PeMS08,84,1,0.139556884765625
PeMS08,84,6,-0.23882293701171875
PeMS08,84,12,-0.455108642578125
PeMS08,85,1,-0.71295166015625
PeMS08,85,6,0.01544189453125
PeMS08,85,12,0.693695068359375
PeMS08,86,1,0.05042266845703125
PeMS08,86,6,-0.3815460205078125
PeMS08,86,12,1.0548095703125
PeMS08,87,1,-0.3435821533203125
PeMS08,87,6,-0.5213623046875
PeMS08,87,12,1.4295806884765625
PeMS08,88,1,0.8264999389648438
PeMS08,88,6,-0.11429595947265625
PeMS08,88,12,0.8975067138671875
PeMS08,89,1,0.11515045166015625
PeMS08,89,6,0.0345611572265625
PeMS08,89,12,-0.0248565673828125
PeMS08,90,1,0.6787567138671875
PeMS08,90,6,-0.0422515869140625
PeMS08,90,12,-0.6500244140625
PeMS08,91,1,-0.8521957397460938
PeMS08,91,6,-0.21398162841796875
PeMS08,91,12,0.18182373046875
PeMS08,92,1,-0.0380859375
PeMS08,92,6,-0.118804931640625
PeMS08,92,12,1.3096923828125
PeMS08,93,1,-0.37165069580078125
PeMS08,93,6,-0.18720245361328125
PeMS08,93,12,1.2915496826171875
PeMS08,94,1,-0.2916412353515625
PeMS08,94,6,-0.05712890625
PeMS08,94,12,2.044281005859375
PeMS08,95,1,-0.19219207763671875
PeMS08,95,6,-0.8210220336914062
PeMS08,95,12,0.93084716796875
PeMS08,96,1,0.097412109375
PeMS08,96,6,-0.381591796875
PeMS08,96,12,0.3524932861328125
PeMS08,97,1,0.588409423828125
PeMS08,97,6,-0.1394500732421875
PeMS08,97,12,0.8419952392578125
PeMS08,98,1,-0.5459213256835938
PeMS08,98,6,-0.5812835693359375
PeMS08,98,12,-0.039581298828125
PeMS08,99,1,-0.0056915283203125
PeMS08,99,6,0.276641845703125
PeMS08,99,12,1.1587982177734375
PeMS08,100,1,-0.05239105224609375
PeMS08,100,6,1.035888671875
PeMS08,100,12,0.88153076171875
PeMS08,101,1,-0.099884033203125
PeMS08,101,6,1.4496688842773438
PeMS08,101,12,2.45440673828125
PeMS08,102,1,-0.20053863525390625
PeMS08,102,6,0.700347900390625
PeMS08,102,12,0.303253173828125
PeMS08,103,1,0.7033843994140625
PeMS08,103,6,1.266204833984375
PeMS08,103,12,0.8460540771484375
PeMS08,104,1,0.180267333984375
PeMS08,104,6,0.807952880859375
PeMS08,104,12,1.0360794067382812
PeMS08,105,1,1.701507568359375
PeMS08,105,6,1.0457763671875
PeMS08,105,12,2.568115234375
PeMS08,106,1,0.367401123046875
PeMS08,106,6,1.1350326538085938
PeMS08,106,12,0.140777587890625
PeMS08,107,1,-0.25844573974609375
PeMS08,107,6,0.49507904052734375
PeMS08,107,12,-0.43770599365234375
PeMS08,108,1,-0.570343017578125
PeMS08,108,6,-0.27570343017578125
PeMS08,108,12,-0.150634765625
PeMS08,109,1,-0.590118408203125
PeMS08,109,6,-0.37554931640625
PeMS08,109,12,0.1185302734375
PeMS08,110,1,-0.408843994140625
PeMS08,110,6,-0.38114166259765625
PeMS08,110,12,-0.6845245361328125
PeMS08,111,1,0.820770263671875
PeMS08,111,6,0.165008544921875
PeMS08,111,12,-0.527435302734375
PeMS08,112,1,0.4540557861328125
PeMS08,112,6,-0.25152587890625
PeMS08,112,12,-0.6492919921875
PeMS08,113,1,-1.0579757690429688
PeMS08,113,6,-0.3175811767578125
PeMS08,113,12,0.21356964111328125
PeMS08,114,1,-0.3318214416503906
PeMS08,114,6,-0.9593086242675781
PeMS08,114,12,-0.62982177734375
PeMS08,115,1,-0.0971221923828125
PeMS08,115,6,0.2234344482421875
PeMS08,115,12,2.130828857421875
PeMS08,116,1,-0.0112152099609375
PeMS08,116,6,-1.27899169921875
PeMS08,116,12,0.246612548828125
PeMS08,117,1,-0.20281982421875
PeMS08,117,6,0.0386962890625
PeMS08,117,12,-0.3224639892578125
PeMS08,118,1,0.3120880126953125
PeMS08,118,6,-0.03411865234375
PeMS08,118,12,-0.652496337890625
PeMS08,119,1,-0.01214599609375
PeMS08,119,6,0.06027984619140625
PeMS08,119,12,0.7322998046875
PeMS08,120,1,-1.253326416015625
PeMS08,120,6,-0.16064453125
PeMS08,120,12,1.97259521484375
PeMS08,121,1,-0.3737068176269531
PeMS08,121,6,0.869354248046875
PeMS08,121,12,0.891021728515625
PeMS08,122,1,0.408233642578125
PeMS08,122,6,0.0992279052734375
PeMS08,122,12,-0.22900390625
PeMS08,123,1,0.461456298828125
PeMS08,123,6,0.5518798828125
PeMS08,123,12,1.2043914794921875
PeMS08,124,1,-0.2736663818359375
PeMS08,124,6,0.1962890625
PeMS08,124,12,1.0983543395996094
PeMS08,125,1,-0.51312255859375
PeMS08,125,6,0.034229278564453125
PeMS08,125,12,-0.0881195068359375
PeMS08,126,1,0.419586181640625
PeMS08,126,6,1.3053359985351562
PeMS08,126,12,1.8742218017578125
PeMS08,127,1,0.925323486328125
PeMS08,127,6,0.749969482421875
PeMS08,127,12,0.69818115234375
PeMS08,128,1,0.513397216796875
PeMS08,128,6,0.3306427001953125
PeMS08,128,12,-0.6206741333007812
PeMS08,129,1,0.033172607421875
PeMS08,129,6,1.4271926879882812
PeMS08,129,12,1.0356903076171875
PeMS08,130,1,0.060821533203125
PeMS08,130,6,0.79888916015625
PeMS08,130,12,0.316619873046875
PeMS08,131,1,0.4930877685546875
PeMS08,131,6,0.5362014770507812
PeMS08,131,12,0.4610748291015625
PeMS08,132,1,-0.2804718017578125
PeMS08,132,6,-0.5047454833984375
PeMS08,132,12,-1.2746810913085938
PeMS08,133,1,-0.19919586181640625
PeMS08,133,6,-0.9926605224609375
PeMS08,133,12,-0.183380126953125
PeMS08,134,1,0.32928466796875
PeMS08,134,6,-0.683502197265625
PeMS08,134,12,-0.23097991943359375
PeMS08,135,1,0.4811248779296875
PeMS08,135,6,-0.799163818359375
PeMS08,135,12,-0.8651580810546875
PeMS08,136,1,-0.37091064453125
PeMS08,136,6,-0.9787139892578125
PeMS08,136,12,-1.0329170227050781
PeMS08,137,1,-0.125579833984375
PeMS08,137,6,-0.4705162048339844
PeMS08,137,12,-1.1001434326171875
PeMS08,138,1,-0.92193603515625
PeMS08,138,6,-0.1869659423828125
PeMS08,138,12,1.3716049194335938
PeMS08,139,1,-0.245941162109375
PeMS08,139,6,0.08748245239257812
PeMS08,139,12,-0.016937255859375
PeMS08,140,1,-0.91265869140625
PeMS08,140,6,-0.3333587646484375
PeMS08,140,12,0.6673049926757812
PeMS08,141,1,-0.12646484375
PeMS08,141,6,-0.06162261962890625
PeMS08,141,12,-0.7250442504882812
PeMS08,142,1,0.3819084167480469
PeMS08,142,6,0.38953399658203125
PeMS08,142,12,-0.4832763671875
PeMS08,143,1,0.1806793212890625
PeMS08,143,6,-0.02410888671875
PeMS08,143,12,-2.0257492065429688
PeMS08,144,1,1.454315185546875
PeMS08,144,6,0.3588409423828125
PeMS08,144,12,-0.94976806640625
PeMS08,145,1,-0.1689605712890625
PeMS08,145,6,-0.6324310302734375
PeMS08,145,12,-1.227935791015625
PeMS08,146,1,-0.015838623046875
PeMS08,146,6,-0.6366424560546875
PeMS08,146,12,-1.3018112182617188
PeMS08,147,1,0.5455894470214844
PeMS08,147,6,-0.5156707763671875
PeMS08,147,12,-0.246917724609375
PeMS08,148,1,-0.30750274658203125
PeMS08,148,6,-0.34757232666015625
PeMS08,148,12,-0.09371185302734375
PeMS08,149,1,0.32238006591796875
PeMS08,149,6,-0.51080322265625
PeMS08,149,12,0.5669403076171875
PeMS08,150,1,-1.2899322509765625
PeMS08,150,6,-1.2139358520507812
PeMS08,150,12,-0.11168670654296875
PeMS08,151,1,-0.19636917114257812
PeMS08,151,6,-0.1929931640625
PeMS08,151,12,0.7534637451171875
PeMS08,152,1,-0.587921142578125
PeMS08,152,6,-0.0439453125
PeMS08,152,12,-0.8187065124511719
PeMS08,153,1,-0.00762176513671875
PeMS08,153,6,0.177093505859375
PeMS08,153,12,1.7667236328125
PeMS08,154,1,0.666900634765625
PeMS08,154,6,0.02170562744140625
PeMS08,154,12,0.7939720153808594
PeMS08,155,1,1.087860107421875
PeMS08,155,6,1.4748878479003906
PeMS08,155,12,3.460357666015625
PeMS08,156,1,0.3956756591796875
PeMS08,156,6,0.21490478515625
PeMS08,156,12,0.9844207763671875
PeMS08,157,1,1.3675994873046875
PeMS08,157,6,0.9692459106445312
PeMS08,157,12,1.678466796875
PeMS08,158,1,0.2365264892578125
PeMS08,158,6,0.9122772216796875
PeMS08,158,12,3.082447052001953
PeMS08,159,1,0.07489776611328125
PeMS08,159,6,2.5000457763671875
PeMS08,159,12,2.6170196533203125
PeMS08,160,1,1.2538299560546875
PeMS08,160,6,0.451019287109375
PeMS08,160,12,2.3565673828125
PeMS08,161,1,-0.5847625732421875
PeMS08,161,6,1.24029541015625
PeMS08,161,12,2.17962646484375
PeMS08,162,1,1.01495361328125
PeMS08,162,6,0.704132080078125
PeMS08,162,12,2.1673736572265625
PeMS08,163,1,0.34752655029296875
PeMS08,163,6,0.1741943359375
PeMS08,163,12,1.4900360107421875
PeMS08,164,1,0.5295562744140625
PeMS08,164,6,0.5891876220703125
PeMS08,164,12,1.00189208984375
PeMS08,165,1,0.3909149169921875
PeMS08,165,6,0.4058380126953125
PeMS08,165,12,0.7701644897460938
PeMS08,166,1,-0.301849365234375
PeMS08,166,6,1.1193656921386719
PeMS08,166,12,2.39215087890625
PeMS08,167,1,0.7955322265625
PeMS08,167,6,0.12920379638671875
PeMS08,167,12,2.2039108276367188
PeMS08,168,1,-0.09979248046875
PeMS08,168,6,-0.345245361328125
PeMS08,168,12,-0.33740234375
PeMS08,169,1,-0.060577392578125
PeMS08,169,6,0.3565826416015625
PeMS08,169,12,1.3668365478515625
PeMS08,170,1,0.3336639404296875
PeMS08,170,6,-0.02614593505859375
PeMS08,170,12,2.2082977294921875
PeMS08,171,1,-1.0875625610351562
PeMS08,171,6,-0.4600830078125
PeMS08,171,12,1.627288818359375
PeMS08,172,1,-0.15381622314453125
PeMS08,172,6,-0.448760986328125
PeMS08,172,12,0.790679931640625
PeMS08,173,1,0.0321502685546875
PeMS08,173,6,-0.0389404296875
PeMS08,173,12,0.6907958984375
PeMS08,174,1,0.19586944580078125
PeMS08,174,6,0.0090789794921875
PeMS08,174,12,0.294708251953125
PeMS08,175,1,0.6784133911132812
PeMS08,175,6,0.3273773193359375
PeMS08,175,12,0.892181396484375
PeMS08,176,1,0.1793975830078125
PeMS08,176,6,0.4736175537109375
PeMS08,176,12,0.209808349609375
PeMS08,177,1,0.070526123046875
PeMS08,177,6,0.10590362548828125
PeMS08,177,12,0.819091796875
PeMS08,178,1,-0.18416976928710938
PeMS08,178,6,-0.0687103271484375
PeMS08,178,12,0.1850738525390625
PeMS08,179,1,0.1931915283203125
PeMS08,179,6,-0.44683074951171875
PeMS08,179,12,-0.23972320556640625
PeMS08,180,1,-0.04193115234375
PeMS08,180,6,-0.597198486328125
PeMS08,180,12,-0.5528182983398438
PeMS08,181,1,1.400421142578125
PeMS08,181,6,-0.5412826538085938
PeMS08,181,12,-1.3060760498046875
PeMS08,182,1,0.1408233642578125
PeMS08,182,6,-0.6898040771484375
PeMS08,182,12,-1.77899169921875
PeMS08,183,1,-0.3361358642578125
PeMS08,183,6,-1.5712432861328125
PeMS08,183,12,-2.0309600830078125
PeMS08,184,1,-0.671722412109375
PeMS08,184,6,-0.44085693359375
PeMS08,184,12,-2.2834625244140625
PeMS08,185,1,-0.6240577697753906
PeMS08,185,6,-0.07208251953125
PeMS08,185,12,-1.6289138793945312
PeMS08,186,1,-0.5687179565429688
PeMS08,186,6,-1.1064910888671875
PeMS08,186,12,-4.286228179931641
PeMS08,187,1,-1.3360786437988281
PeMS08,187,6,-0.27166748046875
PeMS08,187,12,-1.556854248046875
PeMS08,188,1,-0.901580810546875
PeMS08,188,6,-0.9163970947265625
PeMS08,188,12,-3.08282470703125
PeMS08,189,1,0.6259002685546875
PeMS08,189,6,0.64404296875
PeMS08,189,12,1.2548446655273438
PeMS08,190,1,0.31807708740234375
PeMS08,190,6,-1.17718505859375
PeMS08,190,12,-0.11954498291015625
PeMS08,191,1,-2.4378738403320312
PeMS08,191,6,-1.4632720947265625
PeMS08,191,12,-1.1430282592773438
PeMS08,192,1,-0.88275146484375
PeMS08,192,6,-2.536102294921875
PeMS08,192,12,-0.39656829833984375
PeMS08,193,1,-0.371429443359375
PeMS08,193,6,-0.5125579833984375
PeMS08,193,12,-0.9825286865234375
PeMS08,194,1,-0.29254150390625
PeMS08,194,6,-0.20435333251953125
PeMS08,194,12,-0.43520355224609375
PeMS08,195,1,-0.2850189208984375
PeMS08,195,6,1.2555999755859375
PeMS08,195,12,-0.20745086669921875
PeMS08,196,1,-1.778961181640625
PeMS08,196,6,1.2165985107421875
PeMS08,196,12,1.208709716796875
PeMS08,197,1,-1.42144775390625
PeMS08,197,6,1.6581573486328125
PeMS08,197,12,1.5835113525390625
PeMS08,198,1,-0.344451904296875
PeMS08,198,6,4.387351989746094
PeMS08,198,12,1.3254928588867188
PeMS08,199,1,-0.52001953125
PeMS08,199,6,1.8750839233398438
PeMS08,199,12,2.5400924682617188
PeMS08,200,1,3.534271240234375
PeMS08,200,6,3.5494766235351562
PeMS08,200,12,1.854278564453125
PeMS08,201,1,2.9406967163085938
PeMS08,201,6,0.7596511840820312
PeMS08,201,12,0.024322509765625
PeMS08,202,1,1.64654541015625
PeMS08,202,6,-0.1751861572265625
PeMS08,202,12,-1.05645751953125
PeMS08,203,1,0.46253204345703125
PeMS08,203,6,-1.0534591674804688
PeMS08,203,12,-2.1084976196289062
PeMS08,204,1,-0.36440277099609375
PeMS08,204,6,-0.6473388671875
PeMS08,204,12,-1.8230247497558594
PeMS08,205,1,-0.3942413330078125
PeMS08,205,6,-1.3280868530273438
PeMS08,205,12,-1.2823257446289062
PeMS08,206,1,-1.1941909790039062
PeMS08,206,6,-0.9434967041015625
PeMS08,206,12,-3.5822830200195312
PeMS08,207,1,-0.704498291015625
PeMS08,207,6,-1.872650146484375
PeMS08,207,12,-3.4883041381835938
PeMS08,208,1,-1.0614852905273438
PeMS08,208,6,-1.9476318359375
PeMS08,208,12,-5.188972473144531
PeMS08,209,1,-1.3579559326171875
PeMS08,209,6,-1.3254852294921875
PeMS08,209,12,-6.6410064697265625
PeMS08,210,1,-1.0763320922851562
PeMS08,210,6,-2.3214645385742188
PeMS08,210,12,-2.0010528564453125
PeMS08,211,1,-0.45726776123046875
PeMS08,211,6,-2.1610641479492188
PeMS08,211,12,-0.49725341796875
PeMS08,212,1,0.35760498046875
PeMS08,212,6,-1.5336036682128906
PeMS08,212,12,-1.7323837280273438
PeMS08,213,1,0.0774078369140625
PeMS08,213,6,-3.0593414306640625
PeMS08,213,12,-3.55841064453125
PeMS08,214,1,-0.04451751708984375
PeMS08,214,6,-1.2575149536132812
PeMS08,214,12,-1.4823150634765625
PeMS08,215,1,-1.4350700378417969
PeMS08,215,6,-4.984039306640625
PeMS08,215,12,-3.66436767578125
PeMS08,216,1,-0.8585205078125
PeMS08,216,6,-1.248504638671875
PeMS08,216,12,-3.2644577026367188
PeMS08,217,1,-1.475982666015625
PeMS08,217,6,-1.0402908325195312
PeMS08,217,12,-1.49749755859375
PeMS08,218,1,-2.003143310546875
PeMS08,218,6,-0.8899612426757812
PeMS08,218,12,-1.145965576171875
PeMS08,219,1,-0.10218048095703125
PeMS08,219,6,-0.08415985107421875
PeMS08,219,12,-0.5507583618164062
PeMS08,220,1,-2.43212890625
PeMS08,220,6,-0.46673583984375
PeMS08,220,12,-1.527191162109375
PeMS08,221,1,-0.09519195556640625
PeMS08,221,6,0.046680450439453125
PeMS08,221,12,-2.447906494140625
PeMS08,222,1,0.43598175048828125
PeMS08,222,6,-0.09124374389648438
PeMS08,222,12,-2.4638595581054688
PeMS08,223,1,-0.7763900756835938
PeMS08,223,6,-1.0196609497070312
PeMS08,223,12,-2.1925811767578125
PeMS08,224,1,0.3964080810546875
PeMS08,224,6,-0.2283782958984375
PeMS08,224,12,-1.2928237915039062
PeMS08,225,1,0.553802490234375
PeMS08,225,6,-0.33876800537109375
PeMS08,225,12,-1.0687026977539062
PeMS08,226,1,-0.7832794189453125
PeMS08,226,6,-0.68585205078125
PeMS08,226,12,-1.2910690307617188
PeMS08,227,1,-0.2979545593261719
PeMS08,227,6,-1.9116287231445312
PeMS08,227,12,0.355133056640625
PeMS08,228,1,-0.0895538330078125
PeMS08,228,6,-0.7740020751953125
PeMS08,228,12,-0.3771820068359375
PeMS08,229,1,0.0511474609375
PeMS08,229,6,-0.04364013671875
PeMS08,229,12,0.04651641845703125
PeMS08,230,1,0.07464599609375
PeMS08,230,6,0.044830322265625
PeMS08,230,12,0.5508575439453125
PeMS08,231,1,0.3070526123046875
PeMS08,231,6,-0.5624847412109375
PeMS08,231,12,0.6713333129882812
PeMS08,232,1,-2.3550262451171875
PeMS08,232,6,-0.8572998046875
PeMS08,232,12,0.640899658203125
PeMS08,233,1,-1.379852294921875
PeMS08,233,6,-0.31414031982421875
PeMS08,233,12,0.5138397216796875
PeMS08,234,1,-0.34294891357421875
PeMS08,234,6,-0.4076690673828125
PeMS08,234,12,0.7943115234375
PeMS08,235,1,-0.6514892578125
PeMS08,235,6,-0.3298187255859375
PeMS08,235,12,0.5089187622070312
PeMS08,236,1,0.07562255859375
PeMS08,236,6,0.171844482421875
PeMS08,236,12,1.6868438720703125
PeMS08,237,1,-0.28350067138671875
PeMS08,237,6,-0.09930038452148438
PeMS08,237,12,1.895721435546875
PeMS08,238,1,0.5627593994140625
PeMS08,238,6,-0.7009201049804688
PeMS08,238,12,1.7763900756835938
PeMS08,239,1,-0.6085433959960938
PeMS08,239,6,-0.49275970458984375
PeMS08,239,12,1.2873992919921875
PeMS08,240,1,-0.1189422607421875
PeMS08,240,6,-0.3203582763671875
PeMS08,240,12,3.033092498779297
PeMS08,241,1,-0.0291900634765625
PeMS08,241,6,-0.0863494873046875
PeMS08,241,12,2.19390869140625
PeMS08,242,1,-0.2362213134765625
PeMS08,242,6,0.5980377197265625
PeMS08,242,12,1.3557586669921875
PeMS08,243,1,-0.43958282470703125
PeMS08,243,6,0.7428436279296875
PeMS08,243,12,2.5166778564453125
PeMS08,244,1,-0.3480224609375
PeMS08,244,6,1.1366348266601562
PeMS08,244,12,1.785797119140625
PeMS08,245,1,0.332122802734375
PeMS08,245,6,1.16314697265625
PeMS08,245,12,2.1889877319335938
PeMS08,246,1,0.320770263671875
PeMS08,246,6,1.551513671875
PeMS08,246,12,2.2105865478515625
PeMS08,247,1,1.1290435791015625
PeMS08,247,6,0.9277801513671875
PeMS08,247,12,1.9709930419921875
PeMS08,248,1,0.6202468872070312
PeMS08,248,6,0.41284942626953125
PeMS08,248,12,1.0757217407226562
PeMS08,249,1,0.6262130737304688
PeMS08,249,6,1.2750091552734375
PeMS08,249,12,0.9185714721679688
PeMS08,250,1,0.562774658203125
PeMS08,250,6,0.9813613891601562
PeMS08,250,12,0.846466064453125
PeMS08,251,1,0.7548294067382812
PeMS08,251,6,1.2159271240234375
PeMS08,251,12,0.7824554443359375
PeMS08,252,1,0.4239654541015625
PeMS08,252,6,0.9774322509765625
PeMS08,252,12,0.2927398681640625
PeMS08,253,1,-0.6538925170898438
PeMS08,253,6,0.1472930908203125
PeMS08,253,12,0.740509033203125
PeMS08,254,1,0.1224822998046875
PeMS08,254,6,0.27873992919921875
PeMS08,254,12,0.5230712890625
PeMS08,255,1,0.044281005859375
PeMS08,255,6,-0.16078948974609375
PeMS08,255,12,1.4659423828125
PeMS08,256,1,0.59075927734375
PeMS08,256,6,0.2060699462890625
PeMS08,256,12,1.0071868896484375
PeMS08,257,1,0.613494873046875
PeMS08,257,6,-0.0142364501953125
PeMS08,257,12,1.562408447265625
PeMS08,258,1,-0.12764739990234375
PeMS08,258,6,0.1402587890625
PeMS08,258,12,1.932159423828125
PeMS08,259,1,-0.00792694091796875
PeMS08,259,6,0.6331939697265625
PeMS08,259,12,1.673736572265625
PeMS08,260,1,-0.27445220947265625
PeMS08,260,6,0.2020263671875
PeMS08,260,12,0.3857879638671875
PeMS08,261,1,-0.070648193359375
PeMS08,261,6,0.05078125
PeMS08,261,12,-0.1312255859375
PeMS08,262,1,-0.0083770751953125
PeMS08,262,6,0.7844314575195312
PeMS08,262,12,1.0290374755859375
PeMS08,263,1,0.184478759765625
PeMS08,263,6,-0.058624267578125
PeMS08,263,12,-0.1242828369140625
PeMS08,264,1,0.253753662109375
PeMS08,264,6,-0.1378173828125
PeMS08,264,12,0.6722946166992188
PeMS08,265,1,-0.0108795166015625
PeMS08,265,6,-0.12084197998046875
PeMS08,265,12,-0.3793792724609375
PeMS08,266,1,-0.013458251953125
PeMS08,266,6,-0.1114349365234375
PeMS08,266,12,1.3041534423828125
PeMS08,267,1,0.45264434814453125
PeMS08,267,6,-0.3839111328125
PeMS08,267,12,0.7750396728515625
PeMS08,268,1,0.1619873046875
PeMS08,268,6,-0.0418853759765625
PeMS08,268,12,-0.22820281982421875
PeMS08,269,1,0.721405029296875
PeMS08,269,6,0.6353759765625
PeMS08,269,12,0.9166946411132812
PeMS08,270,1,0.6726760864257812
PeMS08,270,6,0.8878097534179688
PeMS08,270,12,1.231597900390625
PeMS08,271,1,0.49737548828125
PeMS08,271,6,0.5543975830078125
PeMS08,271,12,1.1855964660644531
PeMS08,272,1,0.2755889892578125
PeMS08,272,6,1.1180801391601562
PeMS08,272,12,-0.022983551025390625
PeMS08,273,1,0.48743438720703125
PeMS08,273,6,1.0464630126953125
PeMS08,273,12,1.4269561767578125
PeMS08,274,1,0.898468017578125
PeMS08,274,6,0.887847900390625
PeMS08,274,12,2.03515625
PeMS08,275,1,0.6171493530273438
PeMS08,275,6,0.32488250732421875
PeMS08,275,12,2.3911590576171875
PeMS08,276,1,0.03680419921875
PeMS08,276,6,0.579437255859375
PeMS08,276,12,1.8556060791015625
PeMS08,277,1,0.1054229736328125
PeMS08,277,6,0.21359634399414062
PeMS08,277,12,1.9221572875976562
PeMS08,278,1,0.5289764404296875
PeMS08,278,6,0.4502410888671875
PeMS08,278,12,2.1392135620117188
PeMS08,279,1,0.4276123046875
PeMS08,279,6,0.4924278259277344
PeMS08,279,12,-0.39333343505859375
PeMS08,280,1,0.0895538330078125
PeMS08,280,6,0.13714599609375
PeMS08,280,12,0.19061279296875
PeMS08,281,1,1.3128280639648438
PeMS08,281,6,0.2140045166015625
PeMS08,281,12,1.011627197265625
PeMS08,282,1,0.31340789794921875
PeMS08,282,6,-0.581024169921875
PeMS08,282,12,0.3169708251953125
PeMS08,283,1,0.17069244384765625
PeMS08,283,6,-1.0048065185546875
PeMS08,283,12,0.7164154052734375
PeMS08,284,1,0.16182708740234375
PeMS08,284,6,-0.5392913818359375
PeMS08,284,12,-0.15117645263671875
PeMS08,285,1,-0.197784423828125
PeMS08,285,6,-1.190521240234375
PeMS08,285,12,-0.38818359375
PeMS08,286,1,1.3739013671875
PeMS08,286,6,-0.2014923095703125
PeMS08,286,12,-0.53155517578125
PeMS08,287,1,-0.40386199951171875
PeMS08,287,6,-0.6841773986816406
PeMS08,287,12,-0.6423873901367188
PeMS08,288,1,0.68609619140625
PeMS08,288,6,0.10015869140625
PeMS08,288,12,0.6177520751953125
PeMS08,289,1,-0.2535667419433594
PeMS08,289,6,0.8847274780273438
PeMS08,289,12,1.82122802734375
PeMS08,290,1,0.017669677734375
PeMS08,290,6,0.5946197509765625
PeMS08,290,12,0.2921905517578125
PeMS08,291,1,-0.6817779541015625
PeMS08,291,6,0.67376708984375
PeMS08,291,12,1.6930389404296875
PeMS08,292,1,0.23463821411132812
PeMS08,292,6,0.9404678344726562
PeMS08,292,12,1.9889678955078125
PeMS08,293,1,-0.12066650390625
PeMS08,293,6,0.125732421875
PeMS08,293,12,0.31417083740234375
PeMS08,294,1,-0.5446929931640625
PeMS08,294,6,-0.18994903564453125
PeMS08,294,12,-0.8490829467773438
PeMS08,295,1,-0.547332763671875
PeMS08,295,6,0.9668502807617188
PeMS08,295,12,0.5071334838867188
PeMS08,296,1,0.6574249267578125
PeMS08,296,6,0.6751174926757812
PeMS08,296,12,1.9013824462890625
PeMS08,297,1,-0.39287567138671875
PeMS08,297,6,-0.5271072387695312
PeMS08,297,12,0.680267333984375
PeMS08,298,1,-1.763671875
PeMS08,298,6,0.5688629150390625
PeMS08,298,12,0.3367729187011719
PeMS08,299,1,0.448577880859375
PeMS08,299,6,-0.030242919921875
PeMS08,299,12,0.7807693481445312
PeMS08,300,1,0.03659820556640625
PeMS08,300,6,-1.7745361328125
PeMS08,300,12,2.1178054809570312
PeMS08,301,1,0.79266357421875
PeMS08,301,6,-0.6928329467773438
PeMS08,301,12,2.525054931640625
PeMS08,302,1,0.06771087646484375
PeMS08,302,6,-0.8579483032226562
PeMS08,302,12,3.7060012817382812
PeMS08,303,1,-0.6282196044921875
PeMS08,303,6,-0.6017189025878906
PeMS08,303,12,2.915557861328125
PeMS08,304,1,0.2237091064453125
PeMS08,304,6,0.2009124755859375
PeMS08,304,12,2.4796600341796875
PeMS08,305,1,-0.31103515625
PeMS08,305,6,-0.0643463134765625
PeMS08,305,12,5.8441162109375
PeMS08,306,1,-0.89617919921875
PeMS08,306,6,1.1603317260742188
PeMS08,306,12,5.5271453857421875
PeMS08,307,1,-0.18196868896484375
PeMS08,307,6,2.0312576293945312
PeMS08,307,12,6.4051513671875
PeMS08,308,1,-0.4220390319824219
PeMS08,308,6,1.4652481079101562
PeMS08,308,12,3.2948379516601562
PeMS08,309,1,-0.03368377685546875
PeMS08,309,6,3.9152679443359375
PeMS08,309,12,3.1094818115234375
PeMS08,310,1,-0.088043212890625
PeMS08,310,6,0.1925506591796875
PeMS08,310,12,2.8117103576660156
PeMS08,311,1,0.87750244140625
PeMS08,311,6,4.3009185791015625
PeMS08,311,12,-0.3021697998046875
PeMS08,312,1,0.45453643798828125
PeMS08,312,6,5.87591552734375
PeMS08,312,12,2.603851318359375
PeMS08,313,1,-1.2756881713867188
PeMS08,313,6,2.618316650390625
PeMS08,313,12,3.624420166015625
PeMS08,314,1,1.2057952880859375
PeMS08,314,6,0.7409210205078125
PeMS08,314,12,0.21591949462890625
PeMS08,315,1,-1.3732223510742188
PeMS08,315,6,-0.024616241455078125
PeMS08,315,12,-2.0547561645507812
PeMS08,316,1,2.8885650634765625
PeMS08,316,6,0.515655517578125
PeMS08,316,12,-2.4702072143554688
PeMS08,317,1,0.42011260986328125
PeMS08,317,6,0.032135009765625
PeMS08,317,12,-1.1369171142578125
PeMS08,318,1,-0.23152542114257812
PeMS08,318,6,-0.43572235107421875
PeMS08,318,12,-1.001739501953125
PeMS08,319,1,-0.2625732421875
PeMS08,319,6,0.540557861328125
PeMS08,319,12,-0.5072021484375
PeMS08,320,1,1.52587890625e-05
PeMS08,320,6,-0.461883544921875
PeMS08,320,12,0.3315467834472656
PeMS08,321,1,0.8064804077148438
PeMS08,321,6,0.0050506591796875
PeMS08,321,12,1.69873046875
PeMS08,322,1,0.86419677734375
PeMS08,322,6,-1.292327880859375
PeMS08,322,12,0.5040740966796875
PeMS08,323,1,-2.5176239013671875
PeMS08,323,6,-0.974639892578125
PeMS08,323,12,1.1202392578125
PeMS08,324,1,1.3453216552734375
PeMS08,324,6,0.8353271484375
PeMS08,324,12,1.10711669921875
PeMS08,325,1,-0.3391571044921875
PeMS08,325,6,-0.68463134765625
PeMS08,325,12,-1.713714599609375
PeMS08,326,1,-1.3311309814453125
PeMS08,326,6,1.2793769836425781
PeMS08,326,12,1.9688034057617188
PeMS08,327,1,-0.28985595703125
PeMS08,327,6,0.2044830322265625
PeMS08,327,12,1.9342498779296875
PeMS08,328,1,0.05712127685546875
PeMS08,328,6,1.179046630859375
PeMS08,328,12,2.043182373046875
PeMS08,329,1,0.358245849609375
PeMS08,329,6,-0.27951812744140625
PeMS08,329,12,1.007415771484375
PeMS08,330,1,0.2265167236328125
PeMS08,330,6,1.4531097412109375
PeMS08,330,12,1.064727783203125
PeMS08,331,1,-0.9104537963867188
PeMS08,331,6,0.40946197509765625
PeMS08,331,12,0.2470703125
PeMS08,332,1,0.06011962890625
PeMS08,332,6,-0.546630859375
PeMS08,332,12,-0.6422882080078125
PeMS08,333,1,-0.055938720703125
PeMS08,333,6,-0.5469512939453125
PeMS08,333,12,-1.2284393310546875
PeMS08,334,1,0.11569976806640625
PeMS08,334,6,0.120697021484375
PeMS08,334,12,0.39501190185546875
PeMS08,335,1,0.5914764404296875
PeMS08,335,6,-0.218231201171875
PeMS08,335,12,-0.9095993041992188
PeMS08,336,1,-0.12017822265625
PeMS08,336,6,-0.5102615356445312
PeMS08,336,12,-1.4721832275390625
PeMS08,337,1,-0.378265380859375
PeMS08,337,6,-1.1158370971679688
PeMS08,337,12,0.23553466796875
PeMS08,338,1,-0.6777420043945312
PeMS08,338,6,-1.3699111938476562
PeMS08,338,12,-0.9729423522949219
PeMS08,339,1,-0.721435546875
PeMS08,339,6,-1.2978668212890625
PeMS08,339,12,-0.9063644409179688
PeMS08,340,1,-0.8755645751953125
PeMS08,340,6,-0.8796844482421875
PeMS08,340,12,0.29259490966796875
PeMS08,341,1,-1.4612579345703125
PeMS08,341,6,-0.808624267578125
PeMS08,341,12,-0.5704803466796875
PeMS08,342,1,-1.59930419921875
PeMS08,342,6,-1.0326385498046875
PeMS08,342,12,-0.5345535278320312
PeMS08,343,1,-0.199432373046875
PeMS08,343,6,0.5966110229492188
PeMS08,343,12,-0.002166748046875
PeMS08,344,1,-0.15337371826171875
PeMS08,344,6,0.090087890625
PeMS08,344,12,-1.9094924926757812
PeMS08,345,1,0.4642333984375
PeMS08,345,6,0.3204345703125
PeMS08,345,12,-0.1703948974609375
PeMS08,346,1,-0.4933319091796875
PeMS08,346,6,0.14691162109375
PeMS08,346,12,-0.749847412109375
PeMS08,347,1,0.06240081787109375
PeMS08,347,6,0.0972747802734375
PeMS08,347,12,-0.1470794677734375
PeMS08,348,1,0.61981201171875
PeMS08,348,6,0.4880523681640625
PeMS08,348,12,-0.689697265625
PeMS08,349,1,0.16391754150390625
PeMS08,349,6,0.1583404541015625
PeMS08,349,12,-0.5082244873046875
PeMS08,350,1,-0.1778564453125
PeMS08,350,6,-2.374847412109375
PeMS08,350,12,0.3355712890625
PeMS08,351,1,0.27629852294921875
PeMS08,351,6,-0.2019195556640625
PeMS08,351,12,-0.12410736083984375
PeMS08,352,1,-0.04311370849609375
PeMS08,352,6,-0.8416748046875
PeMS08,352,12,0.770172119140625
PeMS08,353,1,0.9926910400390625
PeMS08,353,6,-0.6245155334472656
PeMS08,353,12,0.12644577026367188
PeMS08,354,1,0.18190765380859375
PeMS08,354,6,-0.2446441650390625
PeMS08,354,12,0.48398590087890625
PeMS08,355,1,-0.40003204345703125
PeMS08,355,6,-0.5087203979492188
PeMS08,355,12,0.26000213623046875
PeMS08,356,1,1.09698486328125
PeMS08,356,6,-0.5398178100585938
PeMS08,356,12,0.30132293701171875
PeMS08,357,1,0.7947998046875
PeMS08,357,6,-0.175018310546875
PeMS08,357,12,0.8118934631347656
PeMS08,358,1,0.014129638671875
PeMS08,358,6,0.228759765625
PeMS08,358,12,1.5009765625
PeMS08,359,1,-0.15737152099609375
PeMS08,359,6,-0.0576171875
PeMS08,359,12,0.710296630859375
PeMS08,360,1,-0.00583648681640625
PeMS08,360,6,-0.6392822265625
PeMS08,360,12,0.6307754516601562
PeMS08,361,1,0.0408782958984375
PeMS08,361,6,-0.124969482421875
PeMS08,361,12,0.8225250244140625
PeMS08,362,1,-0.1408233642578125
PeMS08,362,6,-0.12567138671875
PeMS08,362,12,0.974517822265625
PeMS08,363,1,-0.602294921875
PeMS08,363,6,-0.516143798828125
PeMS08,363,12,0.13397979736328125
PeMS08,364,1,-0.248870849609375
PeMS08,364,6,0.36588287353515625
PeMS08,364,12,0.697235107421875
PeMS08,365,1,-0.460113525390625
PeMS08,365,6,-0.13250732421875
PeMS08,365,12,-0.38758087158203125
PeMS08,366,1,-0.563751220703125
PeMS08,366,6,0.0874481201171875
PeMS08,366,12,0.17211151123046875
PeMS08,367,1,-0.3489227294921875
PeMS08,367,6,-0.7204818725585938
PeMS08,367,12,1.5536346435546875
PeMS08,368,1,-0.0659942626953125
PeMS08,368,6,-0.6723175048828125
PeMS08,368,12,-0.628021240234375
PeMS08,369,1,0.19937896728515625
PeMS08,369,6,0.0390625
PeMS08,369,12,1.3795166015625
PeMS08,370,1,-0.293182373046875
PeMS08,370,6,0.437652587890625
PeMS08,370,12,0.73590087890625
PeMS08,371,1,0.3309783935546875
PeMS08,371,6,-0.3728485107421875
PeMS08,371,12,-0.8888397216796875
PeMS08,372,1,0.8458404541015625
PeMS08,372,6,0.0011444091796875
PeMS08,372,12,0.2219390869140625
PeMS08,373,1,0.13299560546875
PeMS08,373,6,0.389129638671875
PeMS08,373,12,0.4957275390625
PeMS08,374,1,0.05637359619140625
PeMS08,374,6,-0.734771728515625
PeMS08,374,12,0.5503921508789062
PeMS08,375,1,-0.0158233642578125
PeMS08,375,6,-0.0919189453125
PeMS08,375,12,0.772674560546875
PeMS08,376,1,-0.7464523315429688
PeMS08,376,6,0.12322998046875
PeMS08,376,12,0.9494247436523438
PeMS08,377,1,0.000518798828125
PeMS08,377,6,-0.252777099609375
PeMS08,377,12,0.3443603515625
PeMS08,378,1,0.277557373046875
PeMS08,378,6,0.595062255859375
PeMS08,378,12,0.7353515625
PeMS08,379,1,-0.5667266845703125
PeMS08,379,6,0.793975830078125
PeMS08,379,12,5.713897705078125
PeMS08,380,1,0.5896759033203125
PeMS08,380,6,0.4347381591796875
PeMS08,380,12,1.5323333740234375
PeMS08,381,1,-0.271087646484375
PeMS08,381,6,-0.1316986083984375
PeMS08,381,12,2.015289306640625
PeMS08,382,1,-0.6224937438964844
PeMS08,382,6,-0.01450347900390625
PeMS08,382,12,2.19622802734375
PeMS08,383,1,1.050048828125
PeMS08,383,6,0.0983428955078125
PeMS08,383,12,1.7711181640625
PeMS08,384,1,2.0754623413085938
PeMS08,384,6,-0.167388916015625
PeMS08,384,12,2.94757080078125
PeMS08,385,1,0.29534912109375
PeMS08,385,6,4.534523010253906
PeMS08,385,12,2.73968505859375
PeMS08,386,1,-0.2063446044921875
PeMS08,386,6,-0.2382965087890625
PeMS08,386,12,0.99169921875
PeMS08,387,1,0.21920013427734375
PeMS08,387,6,0.569427490234375
PeMS08,387,12,0.37915802001953125
PeMS08,388,1,0.05207061767578125
PeMS08,388,6,0.339935302734375
PeMS08,388,12,0.3758125305175781
PeMS08,389,1,0.08489990234375
PeMS08,389,6,-0.38031768798828125
PeMS08,389,12,1.2764205932617188
PeMS08,390,1,1.659698486328125
PeMS08,390,6,-0.2079315185546875
PeMS08,390,12,0.3325653076171875
PeMS08,391,1,-1.1399688720703125
PeMS08,391,6,-0.6127471923828125
PeMS08,391,12,-0.6242523193359375
PeMS08,392,1,-0.68719482421875
PeMS08,392,6,0.928955078125
PeMS08,392,12,2.595855712890625
PeMS08,393,1,0.170318603515625
PeMS08,393,6,-0.128265380859375
PeMS08,393,12,0.6004180908203125
PeMS08,394,1,-0.12969970703125
PeMS08,394,6,0.811737060546875
PeMS08,394,12,1.13482666015625
PeMS08,395,1,-0.01326751708984375
PeMS08,395,6,0.19402694702148438
PeMS08,395,12,0.30474853515625
PeMS08,396,1,-0.4279937744140625
PeMS08,396,6,0.082427978515625
PeMS08,396,12,0.355987548828125
PeMS08,397,1,0.3878173828125
PeMS08,397,6,0.100341796875
PeMS08,397,12,1.933502197265625
PeMS08,398,1,0.8455047607421875
PeMS08,398,6,0.4927978515625
PeMS08,398,12,1.175201416015625
PeMS08,399,1,0.804351806640625
PeMS08,399,6,0.3045501708984375
PeMS08,399,12,1.314788818359375
PeMS08,400,1,-0.13556671142578125
PeMS08,400,6,0.2330780029296875
PeMS08,400,12,-0.1618804931640625
PeMS08,401,1,0.5353240966796875
PeMS08,401,6,0.755645751953125
PeMS08,401,12,2.8245849609375
PeMS08,402,1,-0.6489410400390625
PeMS08,402,6,0.07568359375
PeMS08,402,12,1.616424560546875
PeMS08,403,1,-0.4814300537109375
PeMS08,403,6,1.439910888671875
PeMS08,403,12,0.7477645874023438
PeMS08,404,1,0.7171783447265625
PeMS08,404,6,2.0836029052734375
PeMS08,404,12,1.4738922119140625
PeMS08,405,1,0.123565673828125
PeMS08,405,6,0.664794921875
PeMS08,405,12,2.4596099853515625
PeMS08,406,1,1.315185546875
PeMS08,406,6,-0.130035400390625
PeMS08,406,12,3.458709716796875
PeMS08,407,1,-0.255584716796875
PeMS08,407,6,0.6654052734375
PeMS08,407,12,6.47991943359375
PeMS08,408,1,0.7363128662109375
PeMS08,408,6,0.395843505859375
PeMS08,408,12,5.3029632568359375
PeMS08,409,1,1.9119720458984375
PeMS08,409,6,0.9243621826171875
PeMS08,409,12,2.2744903564453125
PeMS08,410,1,1.261749267578125
PeMS08,410,6,0.9647369384765625
PeMS08,410,12,2.9534683227539062
PeMS08,411,1,-0.737213134765625
PeMS08,411,6,1.5921249389648438
PeMS08,411,12,0.55096435546875
PeMS08,412,1,0.16424560546875
PeMS08,412,6,0.3673095703125
PeMS08,412,12,0.2263336181640625
PeMS08,413,1,-0.2462005615234375
PeMS08,413,6,0.636932373046875
PeMS08,413,12,0.1429901123046875
PeMS08,414,1,-0.49521636962890625
PeMS08,414,6,0.694488525390625
PeMS08,414,12,1.9683914184570312
PeMS08,415,1,-1.1492462158203125
PeMS08,415,6,-0.130462646484375
PeMS08,415,12,0.49683380126953125
PeMS08,416,1,-0.9449081420898438
PeMS08,416,6,1.7607955932617188
PeMS08,416,12,0.6926727294921875
PeMS08,417,1,-0.9920654296875
PeMS08,417,6,0.274810791015625
PeMS08,417,12,0.663055419921875
PeMS08,418,1,-0.75787353515625
PeMS08,418,6,0.3976593017578125
PeMS08,418,12,1.54449462890625
PeMS08,419,1,0.03710174560546875
PeMS08,419,6,-0.2354888916015625
PeMS08,419,12,0.318145751953125
PeMS08,420,1,-1.1451568603515625
PeMS08,420,6,0.173553466796875
PeMS08,420,12,-1.0587921142578125
PeMS08,421,1,2.363922119140625
PeMS08,421,6,0.066009521484375
PeMS08,421,12,0.1292877197265625
PeMS08,422,1,-0.1027984619140625
PeMS08,422,6,-0.0728302001953125
PeMS08,422,12,1.108489990234375
PeMS08,423,1,0.096954345703125
PeMS08,423,6,0.0681915283203125
PeMS08,423,12,1.438720703125
PeMS08,424,1,-1.199127197265625
PeMS08,424,6,-0.909942626953125
PeMS08,424,12,-0.6537017822265625
PeMS08,425,1,0.8110427856445312
PeMS08,425,6,-0.4282073974609375
PeMS08,425,12,-0.355072021484375
PeMS08,426,1,-0.17337799072265625
PeMS08,426,6,-0.69830322265625
PeMS08,426,12,-0.3709564208984375
PeMS08,427,1,0.411224365234375
PeMS08,427,6,0.2624053955078125
PeMS08,427,12,0.93865966796875
PeMS08,428,1,0.045013427734375
PeMS08,428,6,0.573638916015625
PeMS08,428,12,-0.5536346435546875
PeMS08,429,1,-0.5241241455078125
PeMS08,429,6,0.28934478759765625
PeMS08,429,12,-1.1035614013671875
PeMS08,430,1,0.7803421020507812
PeMS08,430,6,0.805633544921875
PeMS08,430,12,0.773468017578125
PeMS08,431,1,0.519744873046875
PeMS08,431,6,0.9193115234375
PeMS08,431,12,-0.7052764892578125
PeMS08,432,1,0.5605621337890625
PeMS08,432,6,-0.94671630859375
PeMS08,432,12,-2.406524658203125
PeMS08,433,1,0.88079833984375
PeMS08,433,6,0.8198089599609375
PeMS08,433,12,-0.48895263671875
PeMS08,434,1,-0.137542724609375
PeMS08,434,6,0.6889495849609375
PeMS08,434,12,0.8623809814453125
PeMS08,435,1,0.4752044677734375
PeMS08,435,6,0.6966781616210938
PeMS08,435,12,1.40606689453125
PeMS08,436,1,-0.45172119140625
PeMS08,436,6,1.1658935546875
PeMS08,436,12,1.088592529296875
PeMS08,437,1,-1.161529541015625
PeMS08,437,6,0.060791015625
PeMS08,437,12,-1.600982666015625
PeMS08,438,1,-0.2285919189453125
PeMS08,438,6,0.72857666015625
PeMS08,438,12,-0.5292205810546875
PeMS08,439,1,-0.01324462890625
PeMS08,439,6,0.076446533203125
PeMS08,439,12,1.303253173828125
PeMS08,440,1,-1.03875732421875
PeMS08,440,6,-0.0048065185546875
PeMS08,440,12,-0.321014404296875
PeMS08,441,1,1.107574462890625
PeMS08,441,6,0.01590728759765625
PeMS08,441,12,-1.6251220703125
PeMS08,442,1,-0.0547027587890625
PeMS08,442,6,-0.7402496337890625
PeMS08,442,12,-0.6139602661132812
PeMS08,443,1,2.344085693359375
PeMS08,443,6,0.1405792236328125
PeMS08,443,12,2.730712890625
PeMS08,444,1,-0.4738311767578125
PeMS08,444,6,-0.65802001953125
PeMS08,444,12,2.1826858520507812
PeMS08,445,1,-0.089080810546875
PeMS08,445,6,-0.262939453125
PeMS08,445,12,1.0698623657226562
PeMS08,446,1,-0.5425262451171875
PeMS08,446,6,-0.4165191650390625
PeMS08,446,12,-0.21752166748046875
PeMS08,447,1,-1.3694915771484375
PeMS08,447,6,-0.5384368896484375
PeMS08,447,12,0.523406982421875
PeMS08,448,1,-0.7739410400390625
PeMS08,448,6,-0.6848297119140625
PeMS08,448,12,1.4368133544921875
PeMS08,449,1,-0.3194580078125
PeMS08,449,6,-0.3171539306640625
PeMS08,449,12,1.0521240234375
PeMS08,450,1,-0.532135009765625
PeMS08,450,6,-0.7909393310546875
PeMS08,450,12,2.0350341796875
PeMS08,451,1,0.22674560546875
PeMS08,451,6,1.0011138916015625
PeMS08,451,12,3.096435546875
PeMS08,452,1,0.181640625
PeMS08,452,6,0.48499298095703125
PeMS08,452,12,1.613067626953125
PeMS08,453,1,1.0821075439453125
PeMS08,453,6,0.7116432189941406
PeMS08,453,12,1.274658203125
PeMS08,454,1,-0.1058197021484375
PeMS08,454,6,0.639495849609375
PeMS08,454,12,0.5745849609375
PeMS08,455,1,-0.4499969482421875
PeMS08,455,6,1.4111480712890625
PeMS08,455,12,1.9217987060546875
PeMS08,456,1,-0.3585700988769531
PeMS08,456,6,-0.2189483642578125
PeMS08,456,12,1.0742721557617188
PeMS08,457,1,-2.4218978881835938
PeMS08,457,6,-0.24273681640625
PeMS08,457,12,0.5138397216796875
PeMS08,458,1,-0.3575897216796875
PeMS08,458,6,0.4002227783203125
PeMS08,458,12,1.6064682006835938
PeMS08,459,1,1.114227294921875
PeMS08,459,6,-0.60675048828125
PeMS08,459,12,1.129364013671875
PeMS08,460,1,-0.2512092590332031
PeMS08,460,6,-0.716888427734375
PeMS08,460,12,0.7718505859375
PeMS08,461,1,-1.230712890625
PeMS08,461,6,-0.39398956298828125
PeMS08,461,12,1.063751220703125
PeMS08,462,1,-1.592803955078125
PeMS08,462,6,-0.6005096435546875
PeMS08,462,12,-0.5560111999511719
PeMS08,463,1,1.2381973266601562
PeMS08,463,6,-0.1732330322265625
PeMS08,463,12,0.7572784423828125
PeMS08,464,1,0.061492919921875
PeMS08,464,6,-0.268035888671875
PeMS08,464,12,-2.6038055419921875
PeMS08,465,1,-1.011138916015625
PeMS08,465,6,0.44354248046875
PeMS08,465,12,-0.8430404663085938
PeMS08,466,1,-0.6351547241210938
PeMS08,466,6,0.036956787109375
PeMS08,466,12,0.4023590087890625
PeMS08,467,1,-0.06160736083984375
PeMS08,467,6,-0.5002670288085938
PeMS08,467,12,-0.7894515991210938
PeMS08,468,1,0.08440399169921875
PeMS08,468,6,-0.1007232666015625
PeMS08,468,12,1.3286590576171875
PeMS08,469,1,-0.10048675537109375
PeMS08,469,6,0.6175155639648438
PeMS08,469,12,1.0503883361816406
PeMS08,470,1,0.67523193359375
PeMS08,470,6,-0.16094589233398438
PeMS08,470,12,-0.18656158447265625
PeMS08,471,1,-0.7351226806640625
PeMS08,471,6,0.49680328369140625
PeMS08,471,12,2.9761962890625
PeMS08,472,1,-0.193817138671875
PeMS08,472,6,-1.07086181640625
PeMS08,472,12,0.9842910766601562
PeMS08,473,1,-0.8828811645507812
PeMS08,473,6,0.156341552734375
PeMS08,473,12,0.8909912109375
PeMS08,474,1,-0.6155853271484375
PeMS08,474,6,1.3267669677734375
PeMS08,474,12,0.6386184692382812
PeMS08,475,1,0.5259857177734375
PeMS08,475,6,0.8866806030273438
PeMS08,475,12,3.0561141967773438
PeMS08,476,1,1.560394287109375
PeMS08,476,6,0.8221282958984375
PeMS08,476,12,0.145538330078125
PeMS08,477,1,0.228057861328125
PeMS08,477,6,-0.24652099609375
PeMS08,477,12,0.29204559326171875
PeMS08,478,1,0.2717437744140625
PeMS08,478,6,-0.08098602294921875
PeMS08,478,12,-1.1463088989257812
PeMS08,479,1,-0.2498321533203125
PeMS08,479,6,-1.1177902221679688
PeMS08,479,12,-0.58013916015625
PeMS08,480,1,-0.06610870361328125
PeMS08,480,6,0.20165252685546875
PeMS08,480,12,-0.14110565185546875
PeMS08,481,1,0.77044677734375
PeMS08,481,6,0.33399200439453125
PeMS08,481,12,1.2615203857421875
PeMS08,482,1,0.2191314697265625
PeMS08,482,6,0.5779876708984375
PeMS08,482,12,-0.246734619140625
PeMS08,483,1,0.35378265380859375
PeMS08,483,6,0.1633148193359375
PeMS08,483,12,0.7965774536132812
PeMS08,484,1,-0.35247802734375
PeMS08,484,6,0.304534912109375
PeMS08,484,12,-1.2277679443359375
PeMS08,485,1,0.6175308227539062
PeMS08,485,6,-0.10296630859375
PeMS08,485,12,0.44635009765625
PeMS08,486,1,0.33194732666015625
PeMS08,486,6,0.6500701904296875
PeMS08,486,12,2.4951934814453125
PeMS08,487,1,-0.0262451171875
PeMS08,487,6,-0.18819427490234375
PeMS08,487,12,1.2092971801757812
PeMS08,488,1,-1.4495010375976562
PeMS08,488,6,-1.0396347045898438
PeMS08,488,12,0.62237548828125
PeMS08,489,1,-0.2686004638671875
PeMS08,489,6,-0.336822509765625
PeMS08,489,12,0.9219512939453125
PeMS08,490,1,-0.825958251953125
PeMS08,490,6,-0.5850982666015625
PeMS08,490,12,0.778350830078125
PeMS08,491,1,0.1133575439453125
PeMS08,491,6,-0.5709381103515625
PeMS08,491,12,-0.6988296508789062
PeMS08,492,1,-0.48130035400390625
PeMS08,492,6,-0.5528411865234375
PeMS08,492,12,0.0301666259765625
PeMS08,493,1,-0.37751007080078125
PeMS08,493,6,1.0063018798828125
PeMS08,493,12,1.8604049682617188
PeMS08,494,1,-0.5125732421875
PeMS08,494,6,2.5187835693359375
PeMS08,494,12,1.27813720703125
PeMS08,495,1,0.17205810546875
PeMS08,495,6,1.5382308959960938
PeMS08,495,12,0.8436660766601562
PeMS08,496,1,0.42105865478515625
PeMS08,496,6,0.6736831665039062
PeMS08,496,12,0.63323974609375
PeMS08,497,1,0.8561859130859375
PeMS08,497,6,-0.21953582763671875
PeMS08,497,12,0.5965652465820312
PeMS08,498,1,0.81829833984375
PeMS08,498,6,-0.44867706298828125
PeMS08,498,12,-0.1289215087890625
PeMS08,499,1,-0.4585723876953125
PeMS08,499,6,-0.6881256103515625
PeMS08,499,12,-0.28487396240234375
PeMS08,500,1,-1.161956787109375
PeMS08,500,6,-1.4515533447265625
PeMS08,500,12,-2.8661651611328125
PeMS08,501,1,-1.2105064392089844
PeMS08,501,6,-2.0522613525390625
PeMS08,501,12,-0.25330352783203125
PeMS08,502,1,-3.264892578125
PeMS08,502,6,-2.62249755859375
PeMS08,502,12,-0.44599151611328125
PeMS08,503,1,-0.786285400390625
PeMS08,503,6,-1.6698837280273438
PeMS08,503,12,-1.277069091796875
PeMS08,504,1,-1.1290016174316406
PeMS08,504,6,-1.7978973388671875
PeMS08,504,12,-1.3451652526855469
PeMS08,505,1,-1.2180404663085938
PeMS08,505,6,-0.7838973999023438
PeMS08,505,12,-0.0290679931640625
PeMS08,506,1,-3.0750770568847656
PeMS08,506,6,-1.2444381713867188
PeMS08,506,12,-1.1810302734375
PeMS08,507,1,-1.5744781494140625
PeMS08,507,6,0.2454376220703125
PeMS08,507,12,0.740325927734375
PeMS08,508,1,-1.1350669860839844
PeMS08,508,6,-0.2628936767578125
PeMS08,508,12,-0.9645614624023438
PeMS08,509,1,-1.101898193359375
PeMS08,509,6,-0.8565216064453125
PeMS08,509,12,-0.9387359619140625
PeMS08,510,1,0.6814041137695312
PeMS08,510,6,-1.0412101745605469
PeMS08,510,12,-1.002899169921875
PeMS08,511,1,-0.774200439453125
PeMS08,511,6,-0.2170562744140625
PeMS08,511,12,-0.7095718383789062
PeMS08,512,1,1.4811935424804688
PeMS08,512,6,-0.16632080078125
PeMS08,512,12,-1.3664817810058594
PeMS08,513,1,1.108642578125
PeMS08,513,6,-0.14964675903320312
PeMS08,513,12,-0.8774261474609375
PeMS08,514,1,-1.8493728637695312
PeMS08,514,6,-1.14495849609375
PeMS08,514,12,-0.9998016357421875
PeMS08,515,1,-1.9850616455078125
PeMS08,515,6,-2.4200973510742188
PeMS08,515,12,-1.7320709228515625
PeMS08,516,1,0.133392333984375
PeMS08,516,6,-0.92852783203125
PeMS08,516,12,-1.0006561279296875
PeMS08,517,1,-0.4428863525390625
PeMS08,517,6,-0.721405029296875
PeMS08,517,12,-1.4610595703125
PeMS08,518,1,-0.39632415771484375
PeMS08,518,6,-0.47290802001953125
PeMS08,518,12,-0.5691375732421875
PeMS08,519,1,-2.566070556640625
PeMS08,519,6,-0.496002197265625
PeMS08,519,12,-0.52020263671875
PeMS08,520,1,-3.22589111328125
PeMS08,520,6,-0.767303466796875
PeMS08,520,12,-0.5486831665039062
PeMS08,521,1,-0.638519287109375
PeMS08,521,6,-0.27065277099609375
PeMS08,521,12,1.542236328125
PeMS08,522,1,0.66156005859375
PeMS08,522,6,-0.0956573486328125
PeMS08,522,12,2.1720428466796875
PeMS08,523,1,0.8481369018554688
PeMS08,523,6,-0.0905303955078125
PeMS08,523,12,2.325042724609375
PeMS08,524,1,0.42031097412109375
PeMS08,524,6,0.3799591064453125
PeMS08,524,12,2.0987396240234375
PeMS08,525,1,0.28995513916015625
PeMS08,525,6,-0.312530517578125
PeMS08,525,12,1.9774169921875
PeMS08,526,1,-0.04248809814453125
PeMS08,526,6,-0.25086212158203125
PeMS08,526,12,1.6602783203125
PeMS08,527,1,0.0719451904296875
PeMS08,527,6,1.7318115234375
PeMS08,527,12,1.7901840209960938
PeMS08,528,1,-0.64764404296875
PeMS08,528,6,1.8382797241210938
PeMS08,528,12,2.7345352172851562
PeMS08,529,1,-0.105133056640625
PeMS08,529,6,1.41033935546875
PeMS08,529,12,2.1377716064453125
PeMS08,530,1,-0.636688232421875
PeMS08,530,6,1.96539306640625
PeMS08,530,12,2.793914794921875
PeMS08,531,1,-0.4939422607421875
PeMS08,531,6,1.3014450073242188
PeMS08,531,12,1.9029083251953125
PeMS08,532,1,1.66180419921875
PeMS08,532,6,2.23150634765625
PeMS08,532,12,2.6726531982421875
PeMS08,533,1,0.41124725341796875
PeMS08,533,6,1.763397216796875
PeMS08,533,12,0.9850845336914062
PeMS08,534,1,0.75860595703125
PeMS08,534,6,1.621856689453125
PeMS08,534,12,0.8368682861328125
PeMS08,535,1,1.529022216796875
PeMS08,535,6,1.1712265014648438
PeMS08,535,12,0.07915496826171875
PeMS08,536,1,1.0267105102539062
PeMS08,536,6,0.9787139892578125
PeMS08,536,12,-0.6860198974609375
PeMS08,537,1,0.182373046875
PeMS08,537,6,1.035003662109375
PeMS08,537,12,-0.0319061279296875
PeMS08,538,1,0.6579742431640625
PeMS08,538,6,1.4711380004882812
PeMS08,538,12,0.0568084716796875
PeMS08,539,1,0.5934295654296875
PeMS08,539,6,0.2370452880859375
PeMS08,539,12,0.6086883544921875
PeMS08,540,1,0.46953582763671875
PeMS08,540,6,0.23990631103515625
PeMS08,540,12,0.6941375732421875
PeMS08,541,1,0.32952880859375
PeMS08,541,6,0.20705413818359375
PeMS08,541,12,0.08697509765625
PeMS08,542,1,0.026641845703125
PeMS08,542,6,0.1281890869140625
PeMS08,542,12,0.21254730224609375
PeMS08,543,1,0.8564186096191406
PeMS08,543,6,0.223876953125
PeMS08,543,12,-0.08792877197265625
PeMS08,544,1,0.2256011962890625
PeMS08,544,6,0.02169036865234375
PeMS08,544,12,-0.36617279052734375
PeMS08,545,1,-0.03928375244140625
PeMS08,545,6,-0.105010986328125
PeMS08,545,12,0.28802490234375
PeMS08,546,1,0.0941009521484375
PeMS08,546,6,-0.0516510009765625
PeMS08,546,12,0.52899169921875
PeMS08,547,1,0.2902679443359375
PeMS08,547,6,0.6172332763671875
PeMS08,547,12,0.7009429931640625
PeMS08,548,1,0.3847808837890625
PeMS08,548,6,0.4032745361328125
PeMS08,548,12,0.7555389404296875
PeMS08,549,1,0.20092010498046875
PeMS08,549,6,0.41381072998046875
PeMS08,549,12,0.36997222900390625
PeMS08,550,1,-0.1154022216796875
PeMS08,550,6,-0.0436553955078125
PeMS08,550,12,0.47393798828125
PeMS08,551,1,0.163055419921875
PeMS08,551,6,0.214019775390625
PeMS08,551,12,1.3661880493164062
PeMS08,552,1,0.8117828369140625
PeMS08,552,6,0.011444091796875
PeMS08,552,12,0.9107284545898438
PeMS08,553,1,-0.0613250732421875
PeMS08,553,6,-0.1146697998046875
PeMS08,553,12,-0.314666748046875
PeMS08,554,1,-0.3346099853515625
PeMS08,554,6,-0.0113372802734375
PeMS08,554,12,1.012237548828125
PeMS08,555,1,-0.4473876953125
PeMS08,555,6,0.2828521728515625
PeMS08,555,12,1.65716552734375
PeMS08,556,1,0.28240966796875
PeMS08,556,6,0.286346435546875
PeMS08,556,12,0.8452529907226562
PeMS08,557,1,-0.2403564453125
PeMS08,557,6,0.22214508056640625
PeMS08,557,12,0.5688629150390625
PeMS08,558,1,-0.480804443359375
PeMS08,558,6,0.33559417724609375
PeMS08,558,12,0.969696044921875
PeMS08,559,1,-0.0536041259765625
PeMS08,559,6,0.15618133544921875
PeMS08,559,12,2.001922607421875
PeMS08,560,1,-0.4175262451171875
PeMS08,560,6,0.8436126708984375
PeMS08,560,12,1.5398712158203125
PeMS08,561,1,0.3421630859375
PeMS08,561,6,0.79986572265625
PeMS08,561,12,0.847442626953125
PeMS08,562,1,0.22298431396484375
PeMS08,562,6,0.20829010009765625
PeMS08,562,12,1.1694259643554688
PeMS08,563,1,0.31476593017578125
PeMS08,563,6,0.2670135498046875
PeMS08,563,12,1.06103515625
PeMS08,564,1,-0.1054840087890625
PeMS08,564,6,0.5435333251953125
PeMS08,564,12,2.00360107421875
PeMS08,565,1,0.3598480224609375
PeMS08,565,6,-0.3394012451171875
PeMS08,565,12,1.7604522705078125
PeMS08,566,1,0.5584259033203125
PeMS08,566,6,0.078857421875
PeMS08,566,12,0.4520721435546875
PeMS08,567,1,0.43955230712890625
PeMS08,567,6,0.5536041259765625
PeMS08,567,12,0.22613525390625
PeMS08,568,1,0.6758575439453125
PeMS08,568,6,-0.20721435546875
PeMS08,568,12,0.28968048095703125
PeMS08,569,1,0.6601791381835938
PeMS08,569,6,-0.24353790283203125
PeMS08,569,12,-0.04152679443359375
PeMS08,570,1,0.4008941650390625
PeMS08,570,6,0.306121826171875
PeMS08,570,12,0.8917236328125
PeMS08,571,1,0.85113525390625
PeMS08,571,6,0.6446380615234375
PeMS08,571,12,1.637298583984375
PeMS08,572,1,0.4506340026855469
PeMS08,572,6,0.11876678466796875
PeMS08,572,12,0.339874267578125
PeMS08,573,1,-0.74517822265625
PeMS08,573,6,0.22085189819335938
PeMS08,573,12,0.8924484252929688
PeMS08,574,1,0.640289306640625
PeMS08,574,6,0.41043853759765625
PeMS08,574,12,1.260711669921875
PeMS08,575,1,0.157745361328125
PeMS08,575,6,0.09157943725585938
PeMS08,575,12,0.609954833984375
PeMS08,576,1,0.36199951171875
PeMS08,576,6,0.9756622314453125
PeMS08,576,12,1.8731536865234375
PeMS08,577,1,0.510650634765625
PeMS08,577,6,0.27254486083984375
PeMS08,577,12,0.9368743896484375
PeMS08,578,1,1.0823593139648438
PeMS08,578,6,0.3238716125488281
PeMS08,578,12,0.35305023193359375
PeMS08,579,1,0.30954742431640625
PeMS08,579,6,0.22563934326171875
PeMS08,579,12,0.10853958129882812
PeMS08,580,1,-0.33315277099609375
PeMS08,580,6,0.49748992919921875
PeMS08,580,12,1.59234619140625
PeMS08,581,1,0.9338302612304688
PeMS08,581,6,1.5439987182617188
PeMS08,581,12,-0.2198333740234375
PeMS08,582,1,0.360015869140625
PeMS08,582,6,0.5328865051269531
PeMS08,582,12,0.20294189453125
PeMS08,583,1,-0.47090911865234375
PeMS08,583,6,0.2642936706542969
PeMS08,583,12,-0.4421844482421875
PeMS08,584,1,-0.0738525390625
PeMS08,584,6,-0.1636505126953125
PeMS08,584,12,3.253875732421875
PeMS08,585,1,0.66070556640625
PeMS08,585,6,1.1526031494140625
PeMS08,585,12,0.11951446533203125
PeMS08,586,1,0.11456298828125
PeMS08,586,6,0.942962646484375
PeMS08,586,12,2.11175537109375
PeMS08,587,1,-0.945404052734375
PeMS08,587,6,-0.2879791259765625
PeMS08,587,12,1.0206756591796875
PeMS08,588,1,0.09522247314453125
PeMS08,588,6,-0.29345703125
PeMS08,588,12,2.536529541015625
PeMS08,589,1,-0.689544677734375
PeMS08,589,6,-0.6262283325195312
PeMS08,589,12,5.388221740722656
PeMS08,590,1,1.5162811279296875
PeMS08,590,6,-0.7835464477539062
PeMS08,590,12,1.460540771484375
PeMS08,591,1,-0.386688232421875
PeMS08,591,6,-0.6413726806640625
PeMS08,591,12,2.071746826171875
PeMS08,592,1,-0.9290084838867188
PeMS08,592,6,-0.6026802062988281
PeMS08,592,12,1.8289413452148438
PeMS08,593,1,-0.654693603515625
PeMS08,593,6,1.1722412109375
PeMS08,593,12,2.42572021484375
PeMS08,594,1,0.1008148193359375
PeMS08,594,6,-0.2864837646484375
PeMS08,594,12,3.4376220703125
PeMS08,595,1,-1.6312484741210938
PeMS08,595,6,2.2030715942382812
PeMS08,595,12,4.1095123291015625
PeMS08,596,1,1.1306610107421875
PeMS08,596,6,2.72967529296875
PeMS08,596,12,6.7992706298828125
PeMS08,597,1,0.7821731567382812
PeMS08,597,6,0.2097015380859375
PeMS08,597,12,3.0337982177734375
PeMS08,598,1,-0.27801513671875
PeMS08,598,6,1.327911376953125
PeMS08,598,12,4.955078125
PeMS08,599,1,0.1790618896484375
PeMS08,599,6,0.9281845092773438
PeMS08,599,12,0.903839111328125
PeMS08,600,1,0.5013809204101562
PeMS08,600,6,3.27484130859375
PeMS08,600,12,0.5100784301757812
PeMS08,601,1,0.05596923828125
PeMS08,601,6,0.93096923828125
PeMS08,601,12,1.1006393432617188
PeMS08,602,1,0.584442138671875
PeMS08,602,6,3.876495361328125
PeMS08,602,12,0.8117218017578125
PeMS08,603,1,-0.342620849609375
PeMS08,603,6,0.05593109130859375
PeMS08,603,12,0.9428443908691406
PeMS08,604,1,0.4086151123046875
PeMS08,604,6,0.542938232421875
PeMS08,604,12,1.0783157348632812
PeMS08,605,1,-0.14813232421875
PeMS08,605,6,-0.8469924926757812
PeMS08,605,12,-2.9992523193359375
PeMS08,606,1,0.23155593872070312
PeMS08,606,6,0.299468994140625
PeMS08,606,12,0.457000732421875
PeMS08,607,1,1.0590667724609375
PeMS08,607,6,0.851348876953125
PeMS08,607,12,1.4791717529296875
PeMS08,608,1,0.09580230712890625
PeMS08,608,6,0.209686279296875
PeMS08,608,12,0.2327880859375
PeMS08,609,1,-1.59478759765625
PeMS08,609,6,-0.3047027587890625
PeMS08,609,12,-0.4497833251953125
PeMS08,610,1,-0.3421478271484375
PeMS08,610,6,0.31842041015625
PeMS08,610,12,-1.114654541015625
PeMS08,611,1,-0.2150421142578125
PeMS08,611,6,0.336181640625
PeMS08,611,12,-0.9160842895507812
PeMS08,612,1,0.07997894287109375
PeMS08,612,6,-0.584564208984375
PeMS08,612,12,-0.4810943603515625
PeMS08,613,1,1.195404052734375
PeMS08,613,6,-1.0339126586914062
PeMS08,613,12,-2.0276641845703125
PeMS08,614,1,0.8565673828125
PeMS08,614,6,0.95751953125
PeMS08,614,12,-1.9636459350585938
PeMS08,615,1,-0.135772705078125
PeMS08,615,6,0.174774169921875
PeMS08,615,12,-1.5463409423828125
PeMS08,616,1,-0.46258544921875
PeMS08,616,6,1.0257186889648438
PeMS08,616,12,0.0919647216796875
PeMS08,617,1,-0.2264862060546875
PeMS08,617,6,0.1157989501953125
PeMS08,617,12,-1.31292724609375
PeMS08,618,1,0.5414276123046875
PeMS08,618,6,-1.3281784057617188
PeMS08,618,12,-2.0601425170898438
PeMS08,619,1,-0.7760238647460938
PeMS08,619,6,-0.1656494140625
PeMS08,619,12,-0.4191741943359375
PeMS08,620,1,-1.621826171875
PeMS08,620,6,-0.6763458251953125
PeMS08,620,12,-0.838775634765625
PeMS08,621,1,0.48345184326171875
PeMS08,621,6,-1.0360107421875
PeMS08,621,12,-0.765838623046875
PeMS08,622,1,-0.24068069458007812
PeMS08,622,6,-1.110260009765625
PeMS08,622,12,1.3786392211914062
PeMS08,623,1,-0.29685211181640625
PeMS08,623,6,-1.2202072143554688
PeMS08,623,12,-1.6979904174804688
PeMS08,624,1,0.641326904296875
PeMS08,624,6,-2.3722991943359375
PeMS08,624,12,-1.277374267578125
PeMS08,625,1,0.296722412109375
PeMS08,625,6,-0.34747314453125
PeMS08,625,12,-3.2414093017578125
PeMS08,626,1,-0.8650665283203125
PeMS08,626,6,-3.04278564453125
PeMS08,626,12,-0.8420257568359375
PeMS08,627,1,-1.0612564086914062
PeMS08,627,6,-1.79461669921875
PeMS08,627,12,-0.12476348876953125
PeMS08,628,1,-1.1856536865234375
PeMS08,628,6,-0.1471710205078125
PeMS08,628,12,0.736724853515625
PeMS08,629,1,-1.275909423828125
PeMS08,629,6,-1.30621337890625
PeMS08,629,12,-1.5184478759765625
PeMS08,630,1,-0.16461181640625
PeMS08,630,6,-0.0791473388671875
PeMS08,630,12,-0.3818168640136719
PeMS08,631,1,-1.1200103759765625
PeMS08,631,6,-0.563934326171875
PeMS08,631,12,-0.9900054931640625
PeMS08,632,1,-0.18001556396484375
PeMS08,632,6,-0.059814453125
PeMS08,632,12,-1.1764068603515625
PeMS08,633,1,-0.33533477783203125
PeMS08,633,6,-0.4456329345703125
PeMS08,633,12,-0.4202613830566406
PeMS08,634,1,-1.5991668701171875
PeMS08,634,6,0.0380859375
PeMS08,634,12,-1.8345794677734375
PeMS08,635,1,-0.21147918701171875
PeMS08,635,6,-0.48741912841796875
PeMS08,635,12,0.0812225341796875
PeMS08,636,1,-0.5049972534179688
PeMS08,636,6,-0.2322540283203125
PeMS08,636,12,-2.3588409423828125
PeMS08,637,1,0.10802459716796875
PeMS08,637,6,-0.7715950012207031
PeMS08,637,12,0.0447845458984375
PeMS08,638,1,0.8519668579101562
PeMS08,638,6,-0.7783393859863281
PeMS08,638,12,-2.1105499267578125
PeMS08,639,1,-0.713653564453125
PeMS08,639,6,-0.57000732421875
PeMS08,639,12,-0.2739410400390625
PeMS08,640,1,-0.60430908203125
PeMS08,640,6,-0.0956573486328125
PeMS08,640,12,-0.2498626708984375
PeMS08,641,1,-0.22387313842773438
PeMS08,641,6,-0.3166351318359375
PeMS08,641,12,-2.587860107421875
PeMS08,642,1,-0.2749786376953125
PeMS08,642,6,0.20119476318359375
PeMS08,642,12,0.2304534912109375
PeMS08,643,1,-0.2381744384765625
PeMS08,643,6,0.7943115234375
PeMS08,643,12,-0.6165618896484375
PeMS08,644,1,0.6976318359375
PeMS08,644,6,-0.1872100830078125
PeMS08,644,12,-0.33597564697265625
PeMS08,645,1,-0.02179718017578125
PeMS08,645,6,-0.2861785888671875
PeMS08,645,12,-0.6279373168945312
PeMS08,646,1,0.39928436279296875
PeMS08,646,6,0.6982955932617188
PeMS08,646,12,0.1092681884765625
PeMS08,647,1,0.3901214599609375
PeMS08,647,6,-0.7336883544921875
PeMS08,647,12,-0.6208610534667969
PeMS08,648,1,0.811279296875
PeMS08,648,6,-0.59381103515625
PeMS08,648,12,-0.09857177734375
PeMS08,649,1,-0.312286376953125
PeMS08,649,6,-0.35832977294921875
PeMS08,649,12,0.7816696166992188
PeMS08,650,1,-0.9017257690429688
PeMS08,650,6,-1.229522705078125
PeMS08,650,12,0.25616455078125
PeMS08,651,1,0.0045623779296875
PeMS08,651,6,-0.17058563232421875
PeMS08,651,12,0.20452880859375
PeMS08,652,1,-1.20867919921875
PeMS08,652,6,0.4139747619628906
PeMS08,652,12,2.294219970703125
PeMS08,653,1,0.0234375
PeMS08,653,6,0.4286651611328125
PeMS08,653,12,-0.4459075927734375
PeMS08,654,1,0.04361724853515625
PeMS08,654,6,1.430694580078125
PeMS08,654,12,0.6726837158203125
PeMS08,655,1,-0.4456329345703125
PeMS08,655,6,0.4530487060546875
PeMS08,655,12,1.1157989501953125
PeMS08,656,1,-0.01025390625
PeMS08,656,6,0.393463134765625
PeMS08,656,12,-0.6787109375
PeMS08,657,1,0.2364654541015625
PeMS08,657,6,0.5552291870117188
PeMS08,657,12,0.749237060546875
PeMS08,658,1,0.4209747314453125
PeMS08,658,6,0.8382492065429688
PeMS08,658,12,0.9449615478515625
PeMS08,659,1,0.8795318603515625
PeMS08,659,6,0.1524200439453125
PeMS08,659,12,0.4897308349609375
PeMS08,660,1,-0.06679534912109375
PeMS08,660,6,0.708740234375
PeMS08,660,12,0.9351348876953125
PeMS08,661,1,-0.37353515625
PeMS08,661,6,-0.51904296875
PeMS08,661,12,0.49987030029296875
PeMS08,662,1,-0.531524658203125
PeMS08,662,6,-0.5938873291015625
PeMS08,662,12,-1.1024856567382812
PeMS08,663,1,0.1413116455078125
PeMS08,663,6,-0.068634033203125
PeMS08,663,12,0.27727508544921875
PeMS08,664,1,-0.49051666259765625
PeMS08,664,6,-0.5061492919921875
PeMS08,664,12,-1.1077880859375
PeMS08,665,1,-0.360748291015625
PeMS08,665,6,-0.5688018798828125
PeMS08,665,12,0.01263427734375
PeMS08,666,1,-0.40283203125
PeMS08,666,6,-0.32177734375
PeMS08,666,12,-0.8238754272460938
PeMS08,667,1,-0.9589385986328125
PeMS08,667,6,0.40948486328125
PeMS08,667,12,-0.3057403564453125
PeMS08,668,1,0.06924057006835938
PeMS08,668,6,-0.1131439208984375
PeMS08,668,12,0.3714141845703125
PeMS08,669,1,-0.2722320556640625
PeMS08,669,6,-0.3428802490234375
PeMS08,669,12,0.349029541015625
PeMS08,670,1,-0.855072021484375
PeMS08,670,6,-0.0875091552734375
PeMS08,670,12,0.3878631591796875
PeMS08,671,1,-0.6459808349609375
PeMS08,671,6,-0.5853271484375
PeMS08,671,12,-0.614776611328125
PeMS08,672,1,-0.03586578369140625
PeMS08,672,6,-0.618865966796875
PeMS08,672,12,0.32736968994140625
PeMS08,673,1,-0.77716064453125
PeMS08,673,6,0.1874237060546875
PeMS08,673,12,0.142578125
PeMS08,674,1,-0.7514877319335938
PeMS08,674,6,-0.0050201416015625
PeMS08,674,12,-0.26735687255859375
PeMS08,675,1,-0.082489013671875
PeMS08,675,6,0.3551788330078125
PeMS08,675,12,-1.2314453125
PeMS08,676,1,0.6941146850585938
PeMS08,676,6,-0.46990966796875
PeMS08,676,12,-1.4992218017578125
PeMS08,677,1,-1.1629486083984375
PeMS08,677,6,-0.269378662109375
PeMS08,677,12,-0.6640167236328125
PeMS08,678,1,-0.519378662109375
PeMS08,678,6,0.32781982421875
PeMS08,678,12,-0.6933975219726562
PeMS08,679,1,-0.8345947265625
PeMS08,679,6,-0.6288909912109375
PeMS08,679,12,0.200103759765625
PeMS08,680,1,0.36724853515625
PeMS08,680,6,0.5120010375976562
PeMS08,680,12,0.381683349609375
PeMS08,681,1,-1.1136398315429688
PeMS08,681,6,-0.8289794921875
PeMS08,681,12,0.534454345703125
PeMS08,682,1,0.049304962158203125
PeMS08,682,6,-0.25296783447265625
PeMS08,682,12,0.4831085205078125
PeMS08,683,1,-0.29754638671875
PeMS08,683,6,0.09066009521484375
PeMS08,683,12,1.9075698852539062
PeMS08,684,1,-1.1876068115234375
PeMS08,684,6,-0.123779296875
PeMS08,684,12,1.0640487670898438
PeMS08,685,1,0.2260589599609375
PeMS08,685,6,1.0564384460449219
PeMS08,685,12,4.6860504150390625
PeMS08,686,1,0.2493896484375
PeMS08,686,6,1.42132568359375
PeMS08,686,12,5.0870361328125
PeMS08,687,1,0.6084442138671875
PeMS08,687,6,1.0029144287109375
PeMS08,687,12,1.7558441162109375
PeMS08,688,1,0.048828125
PeMS08,688,6,2.35662841796875
PeMS08,688,12,3.130767822265625
PeMS08,689,1,-0.240264892578125
PeMS08,689,6,2.1540985107421875
PeMS08,689,12,5.920379638671875
PeMS08,690,1,0.943389892578125
PeMS08,690,6,0.86053466796875
PeMS08,690,12,2.1433944702148438
PeMS08,691,1,0.9208221435546875
PeMS08,691,6,3.2991790771484375
PeMS08,691,12,2.4219818115234375
PeMS08,692,1,-0.02099609375
PeMS08,692,6,4.697441101074219
PeMS08,692,12,3.1625442504882812
PeMS08,693,1,-0.4442138671875
PeMS08,693,6,0.46944427490234375
PeMS08,693,12,1.5060882568359375
PeMS08,694,1,2.541778564453125
PeMS08,694,6,1.8409576416015625
PeMS08,694,12,1.704559326171875
PeMS08,695,1,0.4459991455078125
PeMS08,695,6,2.3313446044921875
PeMS08,695,12,2.4729690551757812
PeMS08,696,1,1.77447509765625
PeMS08,696,6,1.22186279296875
PeMS08,696,12,3.3299102783203125
PeMS08,697,1,2.2322540283203125
PeMS08,697,6,0.346954345703125
PeMS08,697,12,1.937744140625
PeMS08,698,1,0.8111038208007812
PeMS08,698,6,0.2999725341796875
PeMS08,698,12,1.772064208984375
PeMS08,699,1,1.9317626953125
PeMS08,699,6,0.1082611083984375
PeMS08,699,12,1.30108642578125
PeMS08,700,1,2.0871810913085938
PeMS08,700,6,0.108489990234375
PeMS08,700,12,1.3677597045898438
PeMS08,701,1,0.1282501220703125
PeMS08,701,6,0.5870361328125
PeMS08,701,12,1.5987014770507812
PeMS08,702,1,1.1248016357421875
PeMS08,702,6,0.2127227783203125
PeMS08,702,12,3.95867919921875
PeMS08,703,1,0.06805419921875
PeMS08,703,6,-1.934814453125
PeMS08,703,12,1.955718994140625
PeMS08,704,1,0.0040283203125
PeMS08,704,6,0.095062255859375
PeMS08,704,12,0.85870361328125
PeMS08,705,1,0.305389404296875
PeMS08,705,6,0.771697998046875
PeMS08,705,12,0.374603271484375
PeMS08,706,1,-1.3590240478515625
PeMS08,706,6,0.890869140625
PeMS08,706,12,2.38250732421875
PeMS08,707,1,-0.147430419921875
PeMS08,707,6,0.596893310546875
PeMS08,707,12,2.9443359375
PeMS08,708,1,-0.99298095703125
PeMS08,708,6,0.72991943359375
PeMS08,708,12,2.1238632202148438
PeMS08,709,1,0.68353271484375
PeMS08,709,6,0.7043304443359375
PeMS08,709,12,3.5533294677734375
PeMS08,710,1,-0.9621734619140625
PeMS08,710,6,0.790283203125
PeMS08,710,12,1.402923583984375
PeMS08,711,1,0.08343505859375
PeMS08,711,6,0.41156005859375
PeMS08,711,12,2.3832778930664062
PeMS08,712,1,1.43743896484375
PeMS08,712,6,0.477325439453125
PeMS08,712,12,0.846405029296875
PeMS08,713,1,0.375518798828125
PeMS08,713,6,1.498260498046875
PeMS08,713,12,0.4144744873046875
PeMS08,714,1,0.995574951171875
PeMS08,714,6,1.043304443359375
PeMS08,714,12,0.6069793701171875
PeMS08,715,1,0.1184539794921875
PeMS08,715,6,0.97296142578125
PeMS08,715,12,-1.49212646484375
PeMS08,716,1,-0.7530059814453125
PeMS08,716,6,-0.907379150390625
PeMS08,716,12,-3.0274505615234375
PeMS08,717,1,-1.08941650390625
PeMS08,717,6,0.2083740234375
PeMS08,717,12,-1.3854217529296875
PeMS08,718,1,0.9090576171875
PeMS08,718,6,0.0645751953125
PeMS08,718,12,0.4488983154296875
PeMS08,719,1,0.425018310546875
PeMS08,719,6,0.5478363037109375
PeMS08,719,12,0.225616455078125
PeMS08,720,1,0.010345458984375
PeMS08,720,6,-0.93084716796875
PeMS08,720,12,-1.196197509765625
PeMS08,721,1,-0.0437164306640625
PeMS08,721,6,-2.2366180419921875
PeMS08,721,12,-1.0313873291015625
PeMS08,722,1,-0.4722747802734375
PeMS08,722,6,-1.5728759765625
PeMS08,722,12,-0.897491455078125
PeMS08,723,1,0.05181884765625
PeMS08,723,6,0.15496826171875
PeMS08,723,12,-1.0142364501953125
PeMS08,724,1,-0.9150238037109375
PeMS08,724,6,-0.001739501953125
PeMS08,724,12,0.346832275390625
PeMS08,725,1,-0.9025726318359375
PeMS08,725,6,-1.15716552734375
PeMS08,725,12,0.6397933959960938
PeMS08,726,1,-0.456207275390625
PeMS08,726,6,-0.95965576171875
PeMS08,726,12,1.463165283203125
PeMS08,727,1,0.330047607421875
PeMS08,727,6,0.3428955078125
PeMS08,727,12,-0.138763427734375
PeMS08,728,1,0.205352783203125
PeMS08,728,6,-0.498199462890625
PeMS08,728,12,1.2959365844726562
PeMS08,729,1,-0.02557373046875
PeMS08,729,6,-0.388641357421875
PeMS08,729,12,-0.27231597900390625
PeMS08,730,1,1.4382781982421875
PeMS08,730,6,-1.167266845703125
PeMS08,730,12,0.49935150146484375
PeMS08,731,1,-0.2189788818359375
PeMS08,731,6,0.275787353515625
PeMS08,731,12,0.4301910400390625
PeMS08,732,1,-1.94091796875
PeMS08,732,6,-1.8914794921875
PeMS08,732,12,-2.1146240234375
PeMS08,733,1,0.106842041015625
PeMS08,733,6,-0.49652862548828125
PeMS08,733,12,1.6492767333984375
PeMS08,734,1,-0.252471923828125
PeMS08,734,6,-0.79766845703125
PeMS08,734,12,0.5611038208007812
PeMS08,735,1,-2.29559326171875
PeMS08,735,6,-0.7452392578125
PeMS08,735,12,-0.648651123046875
PeMS08,736,1,-0.383880615234375
PeMS08,736,6,-0.614837646484375
PeMS08,736,12,-1.07952880859375
PeMS08,737,1,-0.7169113159179688
PeMS08,737,6,0.43778228759765625
PeMS08,737,12,-0.410400390625
PeMS08,738,1,-0.9251861572265625
PeMS08,738,6,-0.7545166015625
PeMS08,738,12,-0.9307937622070312
PeMS08,739,1,-1.1383056640625
PeMS08,739,6,-0.664215087890625
PeMS08,739,12,-1.654876708984375
PeMS08,740,1,0.01576995849609375
PeMS08,740,6,-0.2899284362792969
PeMS08,740,12,-2.5009002685546875
PeMS08,741,1,0.4094657897949219
PeMS08,741,6,0.27408599853515625
PeMS08,741,12,-2.310089111328125
PeMS08,742,1,0.40594482421875
PeMS08,742,6,0.359222412109375
PeMS08,742,12,-1.0897369384765625
PeMS08,743,1,-2.470458984375
PeMS08,743,6,-0.6597900390625
PeMS08,743,12,0.2946014404296875
PeMS08,744,1,-1.52899169921875
PeMS08,744,6,-0.6616668701171875
PeMS08,744,12,-0.7255706787109375
PeMS08,745,1,0.4873046875
PeMS08,745,6,-1.411285400390625
PeMS08,745,12,-1.650177001953125
PeMS08,746,1,-0.146209716796875
PeMS08,746,6,-0.2940673828125
PeMS08,746,12,-1.7540817260742188
PeMS08,747,1,0.4497528076171875
PeMS08,747,6,0.2536659240722656
PeMS08,747,12,-0.608184814453125
PeMS08,748,1,-0.996002197265625
PeMS08,748,6,-0.7465972900390625
PeMS08,748,12,-0.2731170654296875
PeMS08,749,1,-0.316986083984375
PeMS08,749,6,-0.8150482177734375
PeMS08,749,12,-0.0941009521484375
PeMS08,750,1,-0.6915283203125
PeMS08,750,6,-0.35274505615234375
PeMS08,750,12,1.6661376953125
PeMS08,751,1,0.306671142578125
PeMS08,751,6,0.5547637939453125
PeMS08,751,12,2.915679931640625
PeMS08,752,1,0.9254226684570312
PeMS08,752,6,0.6604156494140625
PeMS08,752,12,0.6436386108398438
PeMS08,753,1,0.04302978515625
PeMS08,753,6,0.4399871826171875
PeMS08,753,12,1.6702117919921875
PeMS08,754,1,0.73297119140625
PeMS08,754,6,0.5523147583007812
PeMS08,754,12,2.9739990234375
PeMS08,755,1,-0.4071197509765625
PeMS08,755,6,0.4624786376953125
PeMS08,755,12,2.2222747802734375
PeMS08,756,1,0.6162872314453125
PeMS08,756,6,0.2979583740234375
PeMS08,756,12,1.9803237915039062
PeMS08,757,1,0.440948486328125
PeMS08,757,6,1.0794601440429688
PeMS08,757,12,1.044677734375
PeMS08,758,1,0.3749542236328125
PeMS08,758,6,-0.0357208251953125
PeMS08,758,12,-0.088592529296875
PeMS08,759,1,0.3865814208984375
PeMS08,759,6,0.9692916870117188
PeMS08,759,12,1.5111083984375
PeMS08,760,1,-0.711212158203125
PeMS08,760,6,0.0367279052734375
PeMS08,760,12,-0.5537948608398438
PeMS08,761,1,-0.6089096069335938
PeMS08,761,6,-0.4611968994140625
PeMS08,761,12,0.7415313720703125
PeMS08,762,1,0.4434051513671875
PeMS08,762,6,-0.05487823486328125
PeMS08,762,12,0.3631744384765625
PeMS08,763,1,-0.6955337524414062
PeMS08,763,6,-1.3585205078125
PeMS08,763,12,-0.393280029296875
PeMS08,764,1,-0.411041259765625
PeMS08,764,6,-1.1818389892578125
PeMS08,764,12,1.06201171875
PeMS08,765,1,-0.41347503662109375
PeMS08,765,6,-0.8440017700195312
PeMS08,765,12,-0.57940673828125
PeMS08,766,1,-0.8697509765625
PeMS08,766,6,-1.6196670532226562
PeMS08,766,12,0.9900588989257812
PeMS08,767,1,0.60101318359375
PeMS08,767,6,-0.22032928466796875
PeMS08,767,12,-0.6348800659179688
PeMS08,768,1,-0.7477569580078125
PeMS08,768,6,-0.9361114501953125
PeMS08,768,12,-0.9923934936523438
PeMS08,769,1,-0.18487548828125
PeMS08,769,6,-1.4837493896484375
PeMS08,769,12,-0.9909591674804688
PeMS08,770,1,-0.6652908325195312
PeMS08,770,6,0.398223876953125
PeMS08,770,12,0.40004730224609375
PeMS08,771,1,0.0991363525390625
PeMS08,771,6,0.0348052978515625
PeMS08,771,12,-1.3254623413085938
PeMS08,772,1,-1.6781692504882812
PeMS08,772,6,-1.3260879516601562
PeMS08,772,12,-0.3748016357421875
PeMS08,773,1,-0.4730224609375
PeMS08,773,6,-0.2028350830078125
PeMS08,773,12,-1.2737960815429688
PeMS08,774,1,0.07721710205078125
PeMS08,774,6,0.025054931640625
PeMS08,774,12,1.1525039672851562
PeMS08,775,1,-0.6169891357421875
PeMS08,775,6,-1.1748809814453125
PeMS08,775,12,-1.9535484313964844
PeMS08,776,1,-0.1493072509765625
PeMS08,776,6,-0.758209228515625
PeMS08,776,12,-0.5683441162109375
PeMS08,777,1,-0.10666656494140625
PeMS08,777,6,-0.9027633666992188
PeMS08,777,12,-0.634124755859375
PeMS08,778,1,-0.275665283203125
PeMS08,778,6,-0.152374267578125
PeMS08,778,12,0.003204345703125
PeMS08,779,1,0.22632598876953125
PeMS08,779,6,-0.24945068359375
PeMS08,779,12,-1.1496963500976562
PeMS08,780,1,-0.6364898681640625
PeMS08,780,6,-0.5528564453125
PeMS08,780,12,-0.8172760009765625
PeMS08,781,1,-0.9614334106445312
PeMS08,781,6,0.0257110595703125
PeMS08,781,12,1.53436279296875
PeMS08,782,1,-1.20758056640625
PeMS08,782,6,-0.8400192260742188
PeMS08,782,12,0.2224884033203125
PeMS08,783,1,-0.01043701171875
PeMS08,783,6,-0.4434814453125
PeMS08,783,12,1.4705810546875
PeMS08,784,1,-0.862518310546875
PeMS08,784,6,-0.843048095703125
PeMS08,784,12,-0.822601318359375
PeMS08,785,1,-0.843658447265625
PeMS08,785,6,-0.8390464782714844
PeMS08,785,12,-0.434539794921875
PeMS08,786,1,-0.08423614501953125
PeMS08,786,6,-0.583465576171875
PeMS08,786,12,-0.79144287109375
PeMS08,787,1,-0.44292449951171875
PeMS08,787,6,0.3370361328125
PeMS08,787,12,0.99237060546875
PeMS08,788,1,0.139556884765625
PeMS08,788,6,0.8633575439453125
PeMS08,788,12,0.6105575561523438
PeMS08,789,1,0.6540069580078125
PeMS08,789,6,0.350341796875
PeMS08,789,12,2.3024139404296875
PeMS08,790,1,-0.009357452392578125
PeMS08,790,6,0.549346923828125
PeMS08,790,12,1.4660873413085938
PeMS08,791,1,-0.3270416259765625
PeMS08,791,6,-0.1265716552734375
PeMS08,791,12,1.377899169921875
PeMS08,792,1,0.424163818359375
PeMS08,792,6,0.4142913818359375
PeMS08,792,12,1.50555419921875
PeMS08,793,1,-0.8811569213867188
PeMS08,793,6,-0.268280029296875
PeMS08,793,12,1.342254638671875
PeMS08,794,1,0.5657196044921875
PeMS08,794,6,0.039459228515625
PeMS08,794,12,0.6992721557617188
PeMS08,795,1,-1.344970703125
PeMS08,795,6,0.38062286376953125
PeMS08,795,12,0.8911781311035156
PeMS08,796,1,-1.06280517578125
PeMS08,796,6,0.46124267578125
PeMS08,796,12,0.24193572998046875
PeMS08,797,1,-0.082550048828125
PeMS08,797,6,0.9949722290039062
PeMS08,797,12,0.25714874267578125
PeMS08,798,1,0.358367919921875
PeMS08,798,6,0.2619171142578125
PeMS08,798,12,-0.4388275146484375
PeMS08,799,1,0.13869476318359375
PeMS08,799,6,0.9063262939453125
PeMS08,799,12,-0.507049560546875
PeMS08,800,1,0.8527984619140625
PeMS08,800,6,0.30115509033203125
PeMS08,800,12,-0.729888916015625
PeMS08,801,1,-0.584808349609375
PeMS08,801,6,0.44438934326171875
PeMS08,801,12,-0.0057373046875
PeMS08,802,1,0.0807342529296875
PeMS08,802,6,0.058269500732421875
PeMS08,802,12,1.4329986572265625
PeMS08,803,1,-0.27783203125
PeMS08,803,6,-0.24146270751953125
PeMS08,803,12,0.9055633544921875
PeMS08,804,1,0.603759765625
PeMS08,804,6,0.19350051879882812
PeMS08,804,12,0.4152984619140625
PeMS08,805,1,-0.00545501708984375
PeMS08,805,6,0.5441436767578125
PeMS08,805,12,0.1164093017578125
PeMS08,806,1,-0.140533447265625
PeMS08,806,6,0.186859130859375
PeMS08,806,12,0.7761688232421875
PeMS08,807,1,-0.06363677978515625
PeMS08,807,6,-0.29833221435546875
PeMS08,807,12,0.651031494140625
PeMS08,808,1,-0.8142013549804688
PeMS08,808,6,0.1233673095703125
PeMS08,808,12,0.6858673095703125
PeMS08,809,1,-0.996826171875
PeMS08,809,6,-0.01613616943359375
PeMS08,809,12,1.273956298828125
PeMS08,810,1,-0.43688201904296875
PeMS08,810,6,-0.403594970703125
PeMS08,810,12,1.4201583862304688
PeMS08,811,1,-0.451995849609375
PeMS08,811,6,0.2241973876953125
PeMS08,811,12,0.265869140625
PeMS08,812,1,-1.091156005859375
PeMS08,812,6,0.30560302734375
PeMS08,812,12,0.494415283203125
PeMS08,813,1,-1.0174293518066406
PeMS08,813,6,0.5754852294921875
PeMS08,813,12,1.8774032592773438
PeMS08,814,1,-1.286529541015625
PeMS08,814,6,0.1736907958984375
PeMS08,814,12,0.455535888671875
PeMS08,815,1,-1.060791015625
PeMS08,815,6,0.4503326416015625
PeMS08,815,12,1.1982269287109375
PeMS08,816,1,-0.9105377197265625
PeMS08,816,6,0.22171783447265625
PeMS08,816,12,0.3762054443359375
PeMS08,817,1,-0.545074462890625
PeMS08,817,6,-0.25
PeMS08,817,12,0.3152618408203125
PeMS08,818,1,-0.0247802734375
PeMS08,818,6,0.3571929931640625
PeMS08,818,12,0.5569534301757812
PeMS08,819,1,-0.4100494384765625
PeMS08,819,6,0.14736175537109375
PeMS08,819,12,0.7509918212890625
PeMS08,820,1,-0.2160491943359375
PeMS08,820,6,-0.3759613037109375
PeMS08,820,12,-0.0154266357421875
PeMS08,821,1,-0.2339019775390625
PeMS08,821,6,0.3551025390625
PeMS08,821,12,-0.21612548828125
PeMS08,822,1,-0.35250091552734375
PeMS08,822,6,-0.034027099609375
PeMS08,822,12,0.3347625732421875
PeMS08,823,1,0.4375152587890625
PeMS08,823,6,0.3076629638671875
PeMS08,823,12,1.167633056640625
PeMS08,824,1,0.7260665893554688
PeMS08,824,6,0.5325164794921875
PeMS08,824,12,1.58245849609375
PeMS08,825,1,0.3308868408203125
PeMS08,825,6,0.24212646484375
PeMS08,825,12,2.142578125
PeMS08,826,1,0.209136962890625
PeMS08,826,6,0.8383255004882812
PeMS08,826,12,1.4522857666015625
PeMS08,827,1,0.6891708374023438
PeMS08,827,6,0.30341339111328125
PeMS08,827,12,1.437652587890625
PeMS08,828,1,-0.5610198974609375
PeMS08,828,6,0.4950408935546875
PeMS08,828,12,0.8305511474609375
PeMS08,829,1,0.42780303955078125
PeMS08,829,6,0.8755111694335938
PeMS08,829,12,0.08553314208984375
PeMS08,830,1,0.2043609619140625
PeMS08,830,6,0.228973388671875
PeMS08,830,12,0.343505859375
PeMS08,831,1,0.40244293212890625
PeMS08,831,6,0.9401092529296875
PeMS08,831,12,-0.5635528564453125
PeMS08,832,1,-0.072174072265625
PeMS08,832,6,0.06451416015625
PeMS08,832,12,0.03285980224609375
PeMS08,833,1,-0.14829254150390625
PeMS08,833,6,0.4448394775390625
PeMS08,833,12,-0.05709075927734375
PeMS08,834,1,0.855712890625
PeMS08,834,6,-0.1334075927734375
PeMS08,834,12,-0.2677764892578125
PeMS08,835,1,0.12825775146484375
PeMS08,835,6,0.3922576904296875
PeMS08,835,12,-0.23134613037109375
PeMS08,836,1,0.8648223876953125
PeMS08,836,6,0.7250823974609375
PeMS08,836,12,0.39379119873046875
PeMS08,837,1,0.5070419311523438
PeMS08,837,6,0.0683746337890625
PeMS08,837,12,0.2376556396484375
PeMS08,838,1,0.0189971923828125
PeMS08,838,6,0.2835845947265625
PeMS08,838,12,1.4520645141601562
PeMS08,839,1,-0.2187347412109375
PeMS08,839,6,0.20716094970703125
PeMS08,839,12,1.5342216491699219
PeMS08,840,1,0.38460540771484375
PeMS08,840,6,0.28522491455078125
PeMS08,840,12,1.31036376953125
PeMS08,841,1,0.7147979736328125
PeMS08,841,6,0.5669937133789062
PeMS08,841,12,0.7896499633789062
PeMS08,842,1,0.0538330078125
PeMS08,842,6,0.5385055541992188
PeMS08,842,12,0.851715087890625
PeMS08,843,1,-0.35588836669921875
PeMS08,843,6,0.7313308715820312
PeMS08,843,12,0.2905731201171875
PeMS08,844,1,-0.36103057861328125
PeMS08,844,6,-0.0018157958984375
PeMS08,844,12,0.36029815673828125
PeMS08,845,1,-0.4585418701171875
PeMS08,845,6,0.0338287353515625
PeMS08,845,12,0.334564208984375
PeMS08,846,1,-0.37384033203125
PeMS08,846,6,0.8451080322265625
PeMS08,846,12,1.6496467590332031
PeMS08,847,1,0.151214599609375
PeMS08,847,6,0.4034271240234375
PeMS08,847,12,2.85345458984375
PeMS08,848,1,0.2855377197265625
PeMS08,848,6,0.6690673828125
PeMS08,848,12,1.028076171875
PeMS08,849,1,0.5088119506835938
PeMS08,849,6,0.4554290771484375
PeMS08,849,12,0.6083145141601562
PeMS08,850,1,-0.39638519287109375
PeMS08,850,6,0.275238037109375
PeMS08,850,12,1.3853912353515625
PeMS08,851,1,0.18524169921875
PeMS08,851,6,-0.2440643310546875
PeMS08,851,12,0.8198699951171875
PeMS08,852,1,0.1105804443359375
PeMS08,852,6,0.37969207763671875
PeMS08,852,12,1.2788848876953125
PeMS08,853,1,0.6810455322265625
PeMS08,853,6,0.780487060546875
PeMS08,853,12,1.206939697265625
PeMS08,854,1,0.5084991455078125
PeMS08,854,6,0.8966217041015625
PeMS08,854,12,0.47287750244140625
PeMS08,855,1,0.03961181640625
PeMS08,855,6,1.291595458984375
PeMS08,855,12,0.16265869140625
PeMS08,856,1,-0.247772216796875
PeMS08,856,6,1.0373687744140625
PeMS08,856,12,0.6614494323730469
PeMS08,857,1,0.232574462890625
PeMS08,857,6,0.7694244384765625
PeMS08,857,12,0.8182945251464844
PeMS08,858,1,-0.3785247802734375
PeMS08,858,6,0.720001220703125
PeMS08,858,12,-0.12825775146484375
PeMS08,859,1,-0.817413330078125
PeMS08,859,6,-0.29686737060546875
PeMS08,859,12,1.3045196533203125
PeMS08,860,1,-0.2929840087890625
PeMS08,860,6,0.12139892578125
PeMS08,860,12,1.1192245483398438
PeMS08,861,1,-0.0799560546875
PeMS08,861,6,-0.6141281127929688
PeMS08,861,12,0.681854248046875
PeMS08,862,1,0.535369873046875
PeMS08,862,6,-0.07862091064453125
PeMS08,862,12,-0.0478363037109375
PeMS08,863,1,-0.16217041015625
PeMS08,863,6,-0.7894859313964844
PeMS08,863,12,-0.9939422607421875
PeMS08,864,1,0.45245361328125
PeMS08,864,6,-0.34583282470703125
PeMS08,864,12,0.9503402709960938
PeMS08,865,1,0.5352363586425781
PeMS08,865,6,-0.098663330078125
PeMS08,865,12,0.7227706909179688
PeMS08,866,1,0.5757904052734375
PeMS08,866,6,-0.32464599609375
PeMS08,866,12,-1.9572677612304688
PeMS08,867,1,0.004207611083984375
PeMS08,867,6,-0.5056915283203125
PeMS08,867,12,-0.232879638671875
PeMS08,868,1,-0.25473785400390625
PeMS08,868,6,-0.0278778076171875
PeMS08,868,12,-0.23833465576171875
PeMS08,869,1,-0.7020111083984375
PeMS08,869,6,0.17730712890625
PeMS08,869,12,1.3031005859375
PeMS08,870,1,0.49510955810546875
PeMS08,870,6,0.839263916015625
PeMS08,870,12,1.475830078125
PeMS08,871,1,-0.7983856201171875
PeMS08,871,6,0.249786376953125
PeMS08,871,12,0.99444580078125
PeMS08,872,1,-0.111541748046875
PeMS08,872,6,0.000762939453125
PeMS08,872,12,-0.453704833984375
PeMS08,873,1,-1.008514404296875
PeMS08,873,6,0.47882080078125
PeMS08,873,12,1.3637466430664062
PeMS08,874,1,0.045013427734375
PeMS08,874,6,-0.16355133056640625
PeMS08,874,12,1.7298126220703125
PeMS08,875,1,-0.1525726318359375
PeMS08,875,6,-0.27371978759765625
PeMS08,875,12,0.9227142333984375
PeMS08,876,1,-0.5013046264648438
PeMS08,876,6,-1.6023788452148438
PeMS08,876,12,2.7856521606445312
PeMS08,877,1,0.02069091796875
PeMS08,877,6,-0.23067474365234375
PeMS08,877,12,3.4417266845703125
PeMS08,878,1,-0.096893310546875
PeMS08,878,6,-0.396331787109375
PeMS08,878,12,4.1338653564453125
PeMS08,879,1,-1.370147705078125
PeMS08,879,6,-0.02405548095703125
PeMS08,879,12,3.2271575927734375
PeMS08,880,1,-0.09951019287109375
PeMS08,880,6,0.7959213256835938
PeMS08,880,12,1.9543228149414062
PeMS08,881,1,-1.319427490234375
PeMS08,881,6,1.0265350341796875
PeMS08,881,12,5.816989898681641
PeMS08,882,1,-0.16143798828125
PeMS08,882,6,3.062591552734375
PeMS08,882,12,4.69000244140625
PeMS08,883,1,-1.106231689453125
PeMS08,883,6,1.5387115478515625
PeMS08,883,12,3.2883377075195312
PeMS08,884,1,-0.1067657470703125
PeMS08,884,6,1.4951629638671875
PeMS08,884,12,2.6287765502929688
PeMS08,885,1,0.514404296875
PeMS08,885,6,5.5715484619140625
PeMS08,885,12,5.405792236328125
PeMS08,886,1,0.9717941284179688
PeMS08,886,6,2.6911697387695312
PeMS08,886,12,4.4821624755859375
PeMS08,887,1,1.0518264770507812
PeMS08,887,6,3.8086090087890625
PeMS08,887,12,0.1478118896484375
PeMS08,888,1,-0.28448486328125
PeMS08,888,6,2.292266845703125
PeMS08,888,12,-0.72607421875
PeMS08,889,1,3.40240478515625
PeMS08,889,6,-0.1162872314453125
PeMS08,889,12,-2.1877899169921875
PeMS08,890,1,2.2499237060546875
PeMS08,890,6,0.0451812744140625
PeMS08,890,12,-1.00341796875
PeMS08,891,1,-0.5946044921875
PeMS08,891,6,0.401611328125
PeMS08,891,12,-0.0565185546875
PeMS08,892,1,2.088775634765625
PeMS08,892,6,1.5129470825195312
PeMS08,892,12,0.09429550170898438
PeMS08,893,1,2.572784423828125
PeMS08,893,6,1.1829071044921875
PeMS08,893,12,-0.3922119140625
PeMS08,894,1,-0.0985107421875
PeMS08,894,6,-2.4786605834960938
PeMS08,894,12,-0.17767333984375
PeMS08,895,1,0.309844970703125
PeMS08,895,6,-0.79571533203125
PeMS08,895,12,0.5596771240234375
PeMS08,896,1,-0.903656005859375
PeMS08,896,6,-1.442535400390625
PeMS08,896,12,0.622711181640625
PeMS08,897,1,2.3028564453125
PeMS08,897,6,-2.268646240234375
PeMS08,897,12,2.41949462890625
PeMS08,898,1,-1.8914794921875
PeMS08,898,6,0.076904296875
PeMS08,898,12,2.7274932861328125
PeMS08,899,1,-0.44698333740234375
PeMS08,899,6,-2.408050537109375
PeMS08,899,12,0.2994384765625
PeMS08,900,1,-0.5872802734375
PeMS08,900,6,0.6458740234375
PeMS08,900,12,0.250579833984375
PeMS08,901,1,0.7246551513671875
PeMS08,901,6,1.8677291870117188
PeMS08,901,12,-2.22760009765625
PeMS08,902,1,1.341552734375
PeMS08,902,6,1.0405426025390625
PeMS08,902,12,-0.565704345703125
PeMS08,903,1,0.9432144165039062
PeMS08,903,6,0.6601486206054688
PeMS08,903,12,-1.517242431640625
PeMS08,904,1,0.106170654296875
PeMS08,904,6,0.4185791015625
PeMS08,904,12,-0.11560821533203125
PeMS08,905,1,2.215576171875
PeMS08,905,6,0.98358154296875
PeMS08,905,12,-1.4571990966796875
PeMS08,906,1,1.9446792602539062
PeMS08,906,6,0.236602783203125
PeMS08,906,12,1.4083404541015625
PeMS08,907,1,-0.822418212890625
PeMS08,907,6,0.530364990234375
PeMS08,907,12,-1.156829833984375
PeMS08,908,1,0.33409881591796875
PeMS08,908,6,0.055572509765625
PeMS08,908,12,-0.5440216064453125
PeMS08,909,1,-0.25885009765625
PeMS08,909,6,-1.2607574462890625
PeMS08,909,12,-2.7182693481445312
PeMS08,910,1,-1.18145751953125
PeMS08,910,6,-1.209014892578125
PeMS08,910,12,-1.7158355712890625
PeMS08,911,1,-0.49907684326171875
PeMS08,911,6,-0.905487060546875
PeMS08,911,12,-0.5723495483398438
PeMS08,912,1,0.3859100341796875
PeMS08,912,6,-0.8952484130859375
PeMS08,912,12,-1.392822265625
PeMS08,913,1,-0.956085205078125
PeMS08,913,6,-1.8427200317382812
PeMS08,913,12,-2.1118392944335938
PeMS08,914,1,-0.475616455078125
PeMS08,914,6,0.43042755126953125
PeMS08,914,12,-1.4588699340820312
PeMS08,915,1,-0.1289215087890625
PeMS08,915,6,-1.6217498779296875
PeMS08,915,12,-1.56793212890625
PeMS08,916,1,-0.2450408935546875
PeMS08,916,6,-1.0635910034179688
PeMS08,916,12,-2.422271728515625
PeMS08,917,1,-0.1872711181640625
PeMS08,917,6,0.17903900146484375
PeMS08,917,12,-0.3072166442871094
PeMS08,918,1,-0.3845100402832031
PeMS08,918,6,0.707794189453125
PeMS08,918,12,0.5615615844726562
PeMS08,919,1,0.33220672607421875
PeMS08,919,6,0.756927490234375
PeMS08,919,12,1.3310089111328125
PeMS08,920,1,0.18609619140625
PeMS08,920,6,-0.0895233154296875
PeMS08,920,12,0.2711334228515625
PeMS08,921,1,0.10980224609375
PeMS08,921,6,0.41851043701171875
PeMS08,921,12,1.2435684204101562
PeMS08,922,1,0.06462478637695312
PeMS08,922,6,0.2035980224609375
PeMS08,922,12,0.3046417236328125
PeMS08,923,1,1.047332763671875
PeMS08,923,6,-0.141143798828125
PeMS08,923,12,0.452728271484375
PeMS08,924,1,-0.1449737548828125
PeMS08,924,6,-0.118682861328125
PeMS08,924,12,-1.28369140625
PeMS08,925,1,-0.04009246826171875
PeMS08,925,6,0.32257080078125
PeMS08,925,12,0.038299560546875
PeMS08,926,1,0.1199188232421875
PeMS08,926,6,-0.203704833984375
PeMS08,926,12,-1.1487884521484375
PeMS08,927,1,0.470550537109375
PeMS08,927,6,0.178955078125
PeMS08,927,12,0.512237548828125
PeMS08,928,1,-2.156402587890625
PeMS08,928,6,-0.816741943359375
PeMS08,928,12,-0.7433013916015625
PeMS08,929,1,-0.291046142578125
PeMS08,929,6,-1.6350555419921875
PeMS08,929,12,-0.71527099609375
PeMS08,930,1,-0.4038581848144531
PeMS08,930,6,-0.20529937744140625
PeMS08,930,12,-0.07065582275390625
PeMS08,931,1,-0.81146240234375
PeMS08,931,6,-0.440673828125
PeMS08,931,12,0.25440216064453125
PeMS08,932,1,-0.17767333984375
PeMS08,932,6,0.1220550537109375
PeMS08,932,12,0.8119354248046875
PeMS08,933,1,-0.7525482177734375
PeMS08,933,6,-0.3376922607421875
PeMS08,933,12,0.27918243408203125
PeMS08,934,1,-0.98980712890625
PeMS08,934,6,0.103729248046875
PeMS08,934,12,1.4856719970703125
PeMS08,935,1,-0.09903335571289062
PeMS08,935,6,0.312652587890625
PeMS08,935,12,0.7088775634765625
PeMS08,936,1,-0.47936248779296875
PeMS08,936,6,0.4050445556640625
PeMS08,936,12,0.637115478515625
PeMS08,937,1,0.303802490234375
PeMS08,937,6,0.3873748779296875
PeMS08,937,12,1.6198196411132812
PeMS08,938,1,-1.5576171875
PeMS08,938,6,-0.2882537841796875
PeMS08,938,12,-0.08739471435546875
PeMS08,939,1,-0.68408203125
PeMS08,939,6,-0.2686920166015625
PeMS08,939,12,0.1494903564453125
PeMS08,940,1,-0.339141845703125
PeMS08,940,6,0.8950958251953125
PeMS08,940,12,-0.817413330078125
PeMS08,941,1,-0.3528289794921875
PeMS08,941,6,-0.22576904296875
PeMS08,941,12,-0.4107208251953125
PeMS08,942,1,0.006683349609375
PeMS08,942,6,-0.8393402099609375
PeMS08,942,12,-0.08380889892578125
PeMS08,943,1,-0.1314544677734375
PeMS08,943,6,-0.8497390747070312
PeMS08,943,12,-0.44097900390625
PeMS08,944,1,-0.7570571899414062
PeMS08,944,6,-0.7889175415039062
PeMS08,944,12,-0.5823211669921875
PeMS08,945,1,0.491424560546875
PeMS08,945,6,-0.45967864990234375
PeMS08,945,12,0.204315185546875
PeMS08,946,1,0.22823333740234375
PeMS08,946,6,-0.3994903564453125
PeMS08,946,12,0.894287109375
PeMS08,947,1,-0.16117095947265625
PeMS08,947,6,0.4631195068359375
PeMS08,947,12,0.7672767639160156
PeMS08,948,1,0.3491363525390625
PeMS08,948,6,0.43311309814453125
PeMS08,948,12,0.01058197021484375
PeMS08,949,1,0.0486297607421875
PeMS08,949,6,0.32236480712890625
PeMS08,949,12,0.1356658935546875
PeMS08,950,1,0.356201171875
PeMS08,950,6,-0.10593795776367188
PeMS08,950,12,-0.25449371337890625
PeMS08,951,1,-0.2701568603515625
PeMS08,951,6,0.25164794921875
PeMS08,951,12,-0.9355010986328125
PeMS08,952,1,1.1218414306640625
PeMS08,952,6,0.42486572265625
PeMS08,952,12,-0.3588409423828125
PeMS08,953,1,0.6240234375
PeMS08,953,6,0.4670867919921875
PeMS08,953,12,-0.111114501953125
PeMS08,954,1,-0.19211196899414062
PeMS08,954,6,0.048076629638671875
PeMS08,954,12,-1.04266357421875
PeMS08,955,1,-0.3782958984375
PeMS08,955,6,-0.4865264892578125
PeMS08,955,12,-0.1737518310546875
PeMS08,956,1,0.507476806640625
PeMS08,956,6,0.37996673583984375
PeMS08,956,12,0.3377838134765625
PeMS08,957,1,-0.1610260009765625
PeMS08,957,6,-0.15847015380859375
PeMS08,957,12,0.8363304138183594
PeMS08,958,1,0.26483154296875
PeMS08,958,6,0.45513916015625
PeMS08,958,12,0.78759765625
PeMS08,959,1,0.3115997314453125
PeMS08,959,6,0.16338348388671875
PeMS08,959,12,1.09906005859375
PeMS08,960,1,0.159027099609375
PeMS08,960,6,-0.5564727783203125
PeMS08,960,12,0.24559783935546875
PeMS08,961,1,0.4615936279296875
PeMS08,961,6,-0.0907440185546875
PeMS08,961,12,0.7899322509765625
PeMS08,962,1,0.327667236328125
PeMS08,962,6,0.17446136474609375
PeMS08,962,12,0.79742431640625
PeMS08,963,1,-0.5827484130859375
PeMS08,963,6,-0.1392974853515625
PeMS08,963,12,-0.059112548828125
PeMS08,964,1,0.555511474609375
PeMS08,964,6,0.5842361450195312
PeMS08,964,12,1.5774993896484375
PeMS08,965,1,0.25418853759765625
PeMS08,965,6,0.29168701171875
PeMS08,965,12,1.0174407958984375
PeMS08,966,1,-0.223358154296875
PeMS08,966,6,0.6488876342773438
PeMS08,966,12,2.1784400939941406
PeMS08,967,1,-0.689056396484375
PeMS08,967,6,0.688201904296875
PeMS08,967,12,1.3482513427734375
PeMS08,968,1,0.022918701171875
PeMS08,968,6,0.376190185546875
PeMS08,968,12,2.0924835205078125
PeMS08,969,1,0.550048828125
PeMS08,969,6,0.0143280029296875
PeMS08,969,12,2.4405746459960938
PeMS08,970,1,1.239166259765625
PeMS08,970,6,0.0619049072265625
PeMS08,970,12,2.9864501953125
PeMS08,971,1,0.497955322265625
PeMS08,971,6,0.26232147216796875
PeMS08,971,12,1.41815185546875
PeMS08,972,1,0.2115020751953125
PeMS08,972,6,-0.053741455078125
PeMS08,972,12,1.09991455078125
PeMS08,973,1,-0.4694061279296875
PeMS08,973,6,-0.5401840209960938
PeMS08,973,12,1.809051513671875
PeMS08,974,1,-0.7732696533203125
PeMS08,974,6,0.143707275390625
PeMS08,974,12,1.5629425048828125
PeMS08,975,1,-0.008514404296875
PeMS08,975,6,0.517425537109375
PeMS08,975,12,-0.178985595703125
PeMS08,976,1,0.7354278564453125
PeMS08,976,6,1.6095352172851562
PeMS08,976,12,1.1428375244140625
PeMS08,977,1,1.184539794921875
PeMS08,977,6,0.6177825927734375
PeMS08,977,12,1.5807342529296875
PeMS08,978,1,0.1013641357421875
PeMS08,978,6,0.135101318359375
PeMS08,978,12,0.769378662109375
PeMS08,979,1,-0.106719970703125
PeMS08,979,6,1.2677764892578125
PeMS08,979,12,0.9646835327148438
PeMS08,980,1,0.6355438232421875
PeMS08,980,6,1.2718505859375
PeMS08,980,12,1.16485595703125
PeMS08,981,1,-0.26904296875
PeMS08,981,6,-0.5028076171875
PeMS08,981,12,0.5026397705078125
PeMS08,982,1,1.2373504638671875
PeMS08,982,6,0.122406005859375
PeMS08,982,12,0.6410369873046875
PeMS08,983,1,0.2079925537109375
PeMS08,983,6,0.5940704345703125
PeMS08,983,12,2.2858734130859375
PeMS08,984,1,0.0694427490234375
PeMS08,984,6,0.8132781982421875
PeMS08,984,12,0.8283538818359375
PeMS08,985,1,-0.2407379150390625
PeMS08,985,6,0.6744537353515625
PeMS08,985,12,-0.0076751708984375
PeMS08,986,1,0.5221099853515625
PeMS08,986,6,0.1423797607421875
PeMS08,986,12,1.614837646484375
PeMS08,987,1,0.1886138916015625
PeMS08,987,6,0.072235107421875
PeMS08,987,12,0.23028564453125
PeMS08,988,1,0.315673828125
PeMS08,988,6,0.5601119995117188
PeMS08,988,12,-0.6429595947265625
PeMS08,989,1,0.35349273681640625
PeMS08,989,6,1.08331298828125
PeMS08,989,12,0.32321929931640625
PeMS08,990,1,0.7496795654296875
PeMS08,990,6,-0.691192626953125
PeMS08,990,12,1.1750259399414062
PeMS08,991,1,0.177703857421875
PeMS08,991,6,-0.180572509765625
PeMS08,991,12,1.2030487060546875
PeMS08,992,1,-0.3777923583984375
PeMS08,992,6,0.3213348388671875
PeMS08,992,12,0.74346923828125
PeMS08,993,1,0.3365478515625
PeMS08,993,6,-0.514129638671875
PeMS08,993,12,-0.29022216796875
PeMS08,994,1,-0.162750244140625
PeMS08,994,6,-0.3172454833984375
PeMS08,994,12,0.26647186279296875
PeMS08,995,1,1.2736434936523438
PeMS08,995,6,-1.4208984375
PeMS08,995,12,1.906890869140625
PeMS08,996,1,-0.0330963134765625
PeMS08,996,6,0.4235992431640625
PeMS08,996,12,2.8803558349609375
PeMS08,997,1,1.39068603515625
PeMS08,997,6,0.74005126953125
PeMS08,997,12,2.951934814453125
PeMS08,998,1,1.436126708984375
PeMS08,998,6,1.57781982421875
PeMS08,998,12,1.97625732421875
PeMS08,999,1,1.12188720703125
PeMS08,999,6,-0.0583953857421875
PeMS08,999,12,1.4223861694335938
PeMS08,1000,1,-0.297698974609375
PeMS08,1000,6,0.321533203125
PeMS08,1000,12,-0.27484130859375
PeMS08,1001,1,0.7885894775390625
PeMS08,1001,6,0.582061767578125
PeMS08,1001,12,0.665863037109375
PeMS08,1002,1,-0.95330810546875
PeMS08,1002,6,-0.308990478515625
PeMS08,1002,12,0.7464599609375
PeMS08,1003,1,0.81903076171875
PeMS08,1003,6,-0.494171142578125
PeMS08,1003,12,0.041839599609375
PeMS08,1004,1,0.1651611328125
PeMS08,1004,6,-0.048370361328125
PeMS08,1004,12,0.79864501953125
PeMS08,1005,1,-0.399627685546875
PeMS08,1005,6,-0.332550048828125
PeMS08,1005,12,0.8491668701171875
PeMS08,1006,1,-0.741241455078125
PeMS08,1006,6,-0.0442047119140625
PeMS08,1006,12,0.37284088134765625
PeMS08,1007,1,0.279388427734375
PeMS08,1007,6,-1.29833984375
PeMS08,1007,12,0.2200164794921875
PeMS08,1008,1,0.621337890625
PeMS08,1008,6,0.1623687744140625
PeMS08,1008,12,0.1299285888671875
PeMS08,1009,1,0.3731231689453125
PeMS08,1009,6,1.2193603515625
PeMS08,1009,12,0.7486572265625
PeMS08,1010,1,-1.422271728515625
PeMS08,1010,6,0.505889892578125
PeMS08,1010,12,1.338592529296875
PeMS08,1011,1,-0.2345123291015625
PeMS08,1011,6,0.740386962890625
PeMS08,1011,12,0.219512939453125
PeMS08,1012,1,-0.1156005859375
PeMS08,1012,6,0.936126708984375
PeMS08,1012,12,1.2931671142578125
PeMS08,1013,1,-0.046417236328125
PeMS08,1013,6,0.91656494140625
PeMS08,1013,12,-0.5453338623046875
PeMS08,1014,1,0.074615478515625
PeMS08,1014,6,0.726959228515625
PeMS08,1014,12,0.9156494140625
PeMS08,1015,1,0.17125701904296875
PeMS08,1015,6,0.6258544921875
PeMS08,1015,12,1.449615478515625
PeMS08,1016,1,-0.5090408325195312
PeMS08,1016,6,-0.042236328125
PeMS08,1016,12,1.318756103515625
PeMS08,1017,1,0.1225128173828125
PeMS08,1017,6,0.013641357421875
PeMS08,1017,12,0.682952880859375
PeMS08,1018,1,0.973419189453125
PeMS08,1018,6,0.227996826171875
PeMS08,1018,12,0.494354248046875
PeMS08,1019,1,-0.6653976440429688
PeMS08,1019,6,0.313232421875
PeMS08,1019,12,1.5637588500976562
PeMS08,1020,1,1.8343505859375
PeMS08,1020,6,1.057708740234375
PeMS08,1020,12,2.2890472412109375
PeMS08,1021,1,0.3439483642578125
PeMS08,1021,6,-0.859100341796875
PeMS08,1021,12,0.87738037109375
PeMS08,1022,1,-0.854339599609375
PeMS08,1022,6,0.9370574951171875
PeMS08,1022,12,2.2022552490234375
PeMS08,1023,1,0.25030517578125
PeMS08,1023,6,0.2147979736328125
PeMS08,1023,12,1.8436508178710938
PeMS08,1024,1,0.8355712890625
PeMS08,1024,6,-0.1583404541015625
PeMS08,1024,12,3.3433837890625
PeMS08,1025,1,0.2592620849609375
PeMS08,1025,6,-0.095001220703125
PeMS08,1025,12,0.8683013916015625
PeMS08,1026,1,-1.1190185546875
PeMS08,1026,6,-1.3545074462890625
PeMS08,1026,12,-1.435577392578125
PeMS08,1027,1,0.11151123046875
PeMS08,1027,6,-0.071563720703125
PeMS08,1027,12,-1.0730514526367188
PeMS08,1028,1,0.47137451171875
PeMS08,1028,6,-0.33145904541015625
PeMS08,1028,12,-1.711761474609375
PeMS08,1029,1,0.0765380859375
PeMS08,1029,6,-0.12871170043945312
PeMS08,1029,12,-1.8188705444335938
PeMS08,1030,1,0.241119384765625
PeMS08,1030,6,0.9500656127929688
PeMS08,1030,12,-0.710205078125
PeMS08,1031,1,-0.1894683837890625
PeMS08,1031,6,0.88763427734375
PeMS08,1031,12,1.899322509765625
PeMS08,1032,1,1.35919189453125
PeMS08,1032,6,-0.35345458984375
PeMS08,1032,12,1.3407974243164062
PeMS08,1033,1,0.15821075439453125
PeMS08,1033,6,0.22548675537109375
PeMS08,1033,12,1.3287506103515625
PeMS08,1034,1,-0.43851470947265625
PeMS08,1034,6,-0.36873626708984375
PeMS08,1034,12,0.9411773681640625
PeMS08,1035,1,0.097259521484375
PeMS08,1035,6,-0.7320327758789062
PeMS08,1035,12,0.0261993408203125
PeMS08,1036,1,-0.03012847900390625
PeMS08,1036,6,-0.5722198486328125
PeMS08,1036,12,-0.0724945068359375
PeMS08,1037,1,-1.00555419921875
PeMS08,1037,6,-0.3372802734375
PeMS08,1037,12,0.01580810546875
PeMS08,1038,1,0.11952972412109375
PeMS08,1038,6,-0.3863983154296875
PeMS08,1038,12,-0.43996429443359375
PeMS08,1039,1,0.02965545654296875
PeMS08,1039,6,-0.8321533203125
PeMS08,1039,12,-0.9177627563476562
PeMS08,1040,1,0.2670555114746094
PeMS08,1040,6,0.60760498046875
PeMS08,1040,12,0.5805511474609375
PeMS08,1041,1,-0.23703765869140625
PeMS08,1041,6,0.07219696044921875
PeMS08,1041,12,0.5659103393554688
PeMS08,1042,1,0.36829376220703125
PeMS08,1042,6,-0.6680908203125
PeMS08,1042,12,-0.505157470703125
PeMS08,1043,1,-0.3326873779296875
PeMS08,1043,6,-1.225006103515625
PeMS08,1043,12,0.2350006103515625
PeMS08,1044,1,-0.46982574462890625
PeMS08,1044,6,0.582672119140625
PeMS08,1044,12,1.7613143920898438
PeMS08,1045,1,0.8734664916992188
PeMS08,1045,6,-0.277069091796875
PeMS08,1045,12,-0.16262054443359375
PeMS08,1046,1,-0.5728302001953125
PeMS08,1046,6,-0.177032470703125
PeMS08,1046,12,0.5943145751953125
PeMS08,1047,1,-0.055023193359375
PeMS08,1047,6,-0.416748046875
PeMS08,1047,12,-0.05458831787109375
PeMS08,1048,1,-0.6541976928710938
PeMS08,1048,6,0.0207061767578125
PeMS08,1048,12,-3.325469970703125
PeMS08,1049,1,-1.1985931396484375
PeMS08,1049,6,0.2150115966796875
PeMS08,1049,12,-0.3384552001953125
PeMS08,1050,1,0.2716064453125
PeMS08,1050,6,0.3324127197265625
PeMS08,1050,12,-2.0185699462890625
PeMS08,1051,1,-0.4428863525390625
PeMS08,1051,6,0.5586929321289062
PeMS08,1051,12,0.226409912109375
PeMS08,1052,1,1.1378555297851562
PeMS08,1052,6,0.6185302734375
PeMS08,1052,12,-2.5858078002929688
PeMS08,1053,1,-0.06158447265625
PeMS08,1053,6,0.2559814453125
PeMS08,1053,12,-1.704620361328125
PeMS08,1054,1,0.82147216796875
PeMS08,1054,6,-0.2891693115234375
PeMS08,1054,12,-2.8414306640625
PeMS08,1055,1,0.41204833984375
PeMS08,1055,6,-1.187896728515625
PeMS08,1055,12,-2.4825515747070312
PeMS08,1056,1,-0.03165435791015625
PeMS08,1056,6,-1.6493377685546875
PeMS08,1056,12,-6.4993438720703125
PeMS08,1057,1,-1.4975738525390625
PeMS08,1057,6,-1.0981063842773438
PeMS08,1057,12,-3.9006805419921875
PeMS08,1058,1,-1.0379867553710938
PeMS08,1058,6,-2.6121673583984375
PeMS08,1058,12,-2.9161376953125
PeMS08,1059,1,-0.983978271484375
PeMS08,1059,6,-0.8965606689453125
PeMS08,1059,12,-2.625244140625
PeMS08,1060,1,-0.693511962890625
PeMS08,1060,6,-2.4364700317382812
PeMS08,1060,12,-0.662261962890625
PeMS08,1061,1,0.5886993408203125
PeMS08,1061,6,-1.5287513732910156
PeMS08,1061,12,-1.5647659301757812
PeMS08,1062,1,-0.10129547119140625
PeMS08,1062,6,-1.50494384765625
PeMS08,1062,12,-1.9211578369140625
PeMS08,1063,1,-1.0364227294921875
PeMS08,1063,6,-0.4264068603515625
PeMS08,1063,12,0.5248565673828125
PeMS08,1064,1,-0.439300537109375
PeMS08,1064,6,0.8461151123046875
PeMS08,1064,12,1.5723800659179688
PeMS08,1065,1,-0.96661376953125
PeMS08,1065,6,-0.6953048706054688
PeMS08,1065,12,0.6505584716796875
PeMS08,1066,1,-0.39714813232421875
PeMS08,1066,6,-0.697723388671875
PeMS08,1066,12,1.156768798828125
PeMS08,1067,1,0.41423797607421875
PeMS08,1067,6,-0.7176055908203125
PeMS08,1067,12,0.9380645751953125
PeMS08,1068,1,0.6940345764160156
PeMS08,1068,6,-0.3441162109375
PeMS08,1068,12,1.4073562622070312
PeMS08,1069,1,-0.17446136474609375
PeMS08,1069,6,-0.5924606323242188
PeMS08,1069,12,1.7599716186523438
PeMS08,1070,1,-0.9129714965820312
PeMS08,1070,6,-0.44225311279296875
PeMS08,1070,12,1.4811019897460938
PeMS08,1071,1,0.8533782958984375
PeMS08,1071,6,0.17307281494140625
PeMS08,1071,12,0.8958206176757812
PeMS08,1072,1,0.02913665771484375
PeMS08,1072,6,0.41593170166015625
PeMS08,1072,12,0.241729736328125
PeMS08,1073,1,0.067840576171875
PeMS08,1073,6,0.04327392578125
PeMS08,1073,12,1.6551666259765625
PeMS08,1074,1,-0.913482666015625
PeMS08,1074,6,0.0006256103515625
PeMS08,1074,12,0.17740249633789062
PeMS08,1075,1,0.6054306030273438
PeMS08,1075,6,0.9228286743164062
PeMS08,1075,12,-0.338134765625
PeMS08,1076,1,0.28968048095703125
PeMS08,1076,6,0.5716400146484375
PeMS08,1076,12,0.281402587890625
PeMS08,1077,1,-0.00313568115234375
PeMS08,1077,6,0.5399551391601562
PeMS08,1077,12,-0.138946533203125
PeMS08,1078,1,-0.923095703125
PeMS08,1078,6,0.16181182861328125
PeMS08,1078,12,0.406036376953125
PeMS08,1079,1,-1.0663681030273438
PeMS08,1079,6,0.02655029296875
PeMS08,1079,12,-0.73419189453125
PeMS08,1080,1,0.273162841796875
PeMS08,1080,6,0.0640106201171875
PeMS08,1080,12,0.35913848876953125
PeMS08,1081,1,0.0684051513671875
PeMS08,1081,6,-0.0180511474609375
PeMS08,1081,12,0.1284332275390625
PeMS08,1082,1,0.4030876159667969
PeMS08,1082,6,-0.06406784057617188
PeMS08,1082,12,1.0571212768554688
PeMS08,1083,1,-0.6086273193359375
PeMS08,1083,6,-0.0462646484375
PeMS08,1083,12,0.215728759765625
PeMS08,1084,1,-0.3165283203125
PeMS08,1084,6,-0.0709381103515625
PeMS08,1084,12,-0.03350830078125
PeMS08,1085,1,-0.5851516723632812
PeMS08,1085,6,0.3800811767578125
PeMS08,1085,12,0.8698806762695312
PeMS08,1086,1,-0.6964569091796875
PeMS08,1086,6,-0.14258575439453125
PeMS08,1086,12,0.16092300415039062
PeMS08,1087,1,0.36939239501953125
PeMS08,1087,6,-0.1937713623046875
PeMS08,1087,12,-0.700958251953125
PeMS08,1088,1,1.0726470947265625
PeMS08,1088,6,-0.16846466064453125
PeMS08,1088,12,0.052764892578125
PeMS08,1089,1,-0.7946319580078125
PeMS08,1089,6,-0.64324951171875
PeMS08,1089,12,0.7152481079101562
PeMS08,1090,1,0.3233489990234375
PeMS08,1090,6,-0.0220489501953125
PeMS08,1090,12,-0.11963653564453125
PeMS08,1091,1,-0.1649627685546875
PeMS08,1091,6,-0.5899314880371094
PeMS08,1091,12,0.18488311767578125
PeMS08,1092,1,0.574493408203125
PeMS08,1092,6,-0.07140731811523438
PeMS08,1092,12,-0.01157379150390625
PeMS08,1093,1,0.6019821166992188
PeMS08,1093,6,-0.29402923583984375
PeMS08,1093,12,-0.5130538940429688
PeMS08,1094,1,0.0847320556640625
PeMS08,1094,6,0.025390625
PeMS08,1094,12,0.719268798828125
PeMS08,1095,1,0.017791748046875
PeMS08,1095,6,-0.31884002685546875
PeMS08,1095,12,-0.49344635009765625
PeMS08,1096,1,-0.0534515380859375
PeMS08,1096,6,-0.4805412292480469
PeMS08,1096,12,0.3552093505859375
PeMS08,1097,1,-0.39942169189453125
PeMS08,1097,6,-0.22078704833984375
PeMS08,1097,12,0.938720703125
PeMS08,1098,1,-0.692047119140625
PeMS08,1098,6,-0.1915283203125
PeMS08,1098,12,0.925567626953125
PeMS08,1099,1,0.4300079345703125
PeMS08,1099,6,-0.23815155029296875
PeMS08,1099,12,1.2034759521484375
PeMS08,1100,1,-0.6636848449707031
PeMS08,1100,6,0.33087158203125
PeMS08,1100,12,0.23845672607421875
PeMS08,1101,1,-1.1484222412109375
PeMS08,1101,6,0.19838714599609375
PeMS08,1101,12,0.0713653564453125
PeMS08,1102,1,0.06000518798828125
PeMS08,1102,6,0.38720703125
PeMS08,1102,12,1.0527801513671875
PeMS08,1103,1,-0.3043365478515625
PeMS08,1103,6,0.06717681884765625
PeMS08,1103,12,0.9792709350585938
PeMS08,1104,1,-0.39361572265625
PeMS08,1104,6,0.0797119140625
PeMS08,1104,12,1.4475860595703125
PeMS08,1105,1,0.43523406982421875
PeMS08,1105,6,0.519775390625
PeMS08,1105,12,-0.03211212158203125
PeMS08,1106,1,-0.18477630615234375
PeMS08,1106,6,0.26922607421875
PeMS08,1106,12,1.0825347900390625
PeMS08,1107,1,0.1094207763671875
PeMS08,1107,6,-0.136474609375
PeMS08,1107,12,0.9869003295898438
PeMS08,1108,1,-1.1123504638671875
PeMS08,1108,6,-0.5577163696289062
PeMS08,1108,12,0.5556488037109375
PeMS08,1109,1,-0.867340087890625
PeMS08,1109,6,0.18535614013671875
PeMS08,1109,12,0.5858917236328125
PeMS08,1110,1,-0.6524810791015625
PeMS08,1110,6,0.1212615966796875
PeMS08,1110,12,-0.2890472412109375
PeMS08,1111,1,0.099578857421875
PeMS08,1111,6,0.403228759765625
PeMS08,1111,12,-0.5134124755859375
PeMS08,1112,1,0.287017822265625
PeMS08,1112,6,0.6958465576171875
PeMS08,1112,12,1.5115890502929688
PeMS08,1113,1,-0.169586181640625
PeMS08,1113,6,-0.00608062744140625
PeMS08,1113,12,-0.320098876953125
PeMS08,1114,1,0.04456329345703125
PeMS08,1114,6,-0.01544189453125
PeMS08,1114,12,0.467620849609375
PeMS08,1115,1,0.05498504638671875
PeMS08,1115,6,0.0576019287109375
PeMS08,1115,12,0.1570587158203125
PeMS08,1116,1,0.3834686279296875
PeMS08,1116,6,-0.2890472412109375
PeMS08,1116,12,-0.3130340576171875
PeMS08,1117,1,0.2707366943359375
PeMS08,1117,6,-0.06817626953125
PeMS08,1117,12,-0.25522613525390625
PeMS08,1118,1,-0.14965057373046875
PeMS08,1118,6,0.48328399658203125
PeMS08,1118,12,-0.13482666015625
PeMS08,1119,1,-0.0692596435546875
PeMS08,1119,6,-0.1000823974609375
PeMS08,1119,12,-0.1446533203125
PeMS08,1120,1,-0.2497711181640625
PeMS08,1120,6,0.25035858154296875
PeMS08,1120,12,-0.075775146484375
PeMS08,1121,1,-0.49615478515625
PeMS08,1121,6,-0.2929840087890625
PeMS08,1121,12,0.17352294921875
PeMS08,1122,1,-0.3247833251953125
PeMS08,1122,6,-0.237640380859375
PeMS08,1122,12,0.1817474365234375
PeMS08,1123,1,0.43898773193359375
PeMS08,1123,6,0.27532196044921875
PeMS08,1123,12,0.2991790771484375
PeMS08,1124,1,-0.698638916015625
PeMS08,1124,6,0.2304229736328125
PeMS08,1124,12,0.32968902587890625
PeMS08,1125,1,0.08525848388671875
PeMS08,1125,6,0.2081146240234375
PeMS08,1125,12,0.5538787841796875
PeMS08,1126,1,-0.1006927490234375
PeMS08,1126,6,0.313018798828125
PeMS08,1126,12,0.8833160400390625
PeMS08,1127,1,-0.5125885009765625
PeMS08,1127,6,0.550994873046875
PeMS08,1127,12,1.1012725830078125
PeMS08,1128,1,-0.022918701171875
PeMS08,1128,6,0.16943359375
PeMS08,1128,12,0.978973388671875
PeMS08,1129,1,-0.1227874755859375
PeMS08,1129,6,0.480621337890625
PeMS08,1129,12,0.0093536376953125
PeMS08,1130,1,-0.2650299072265625
PeMS08,1130,6,-0.06951904296875
PeMS08,1130,12,0.6152496337890625
PeMS08,1131,1,-0.13956451416015625
PeMS08,1131,6,0.714111328125
PeMS08,1131,12,0.2780303955078125
PeMS08,1132,1,0.1605072021484375
PeMS08,1132,6,0.16558837890625
PeMS08,1132,12,-0.154998779296875
PeMS08,1133,1,-0.13698577880859375
PeMS08,1133,6,0.25177001953125
PeMS08,1133,12,0.7624359130859375
PeMS08,1134,1,-0.10483551025390625
PeMS08,1134,6,0.1779937744140625
PeMS08,1134,12,1.943817138671875
PeMS08,1135,1,-0.19554901123046875
PeMS08,1135,6,0.2622222900390625
PeMS08,1135,12,1.1315460205078125
PeMS08,1136,1,-0.2343902587890625
PeMS08,1136,6,0.8308868408203125
PeMS08,1136,12,1.184539794921875
PeMS08,1137,1,0.5912933349609375
PeMS08,1137,6,0.2424468994140625
PeMS08,1137,12,1.8303070068359375
PeMS08,1138,1,0.5782623291015625
PeMS08,1138,6,0.593994140625
PeMS08,1138,12,1.7793121337890625
PeMS08,1139,1,-0.4281768798828125
PeMS08,1139,6,0.019924163818359375
PeMS08,1139,12,1.0492706298828125
PeMS08,1140,1,0.48122406005859375
PeMS08,1140,6,-0.085418701171875
PeMS08,1140,12,2.0501708984375
PeMS08,1141,1,0.34674072265625
PeMS08,1141,6,0.09405517578125
PeMS08,1141,12,0.8153762817382812
PeMS08,1142,1,-0.4753570556640625
PeMS08,1142,6,0.7091064453125
PeMS08,1142,12,-0.345062255859375
PeMS08,1143,1,0.1912078857421875
PeMS08,1143,6,0.582122802734375
PeMS08,1143,12,0.10196304321289062
PeMS08,1144,1,0.5419158935546875
PeMS08,1144,6,0.23522186279296875
PeMS08,1144,12,1.7769851684570312
PeMS08,1145,1,0.32198333740234375
PeMS08,1145,6,0.1665191650390625
PeMS08,1145,12,1.0245590209960938
PeMS08,1146,1,-0.3514251708984375
PeMS08,1146,6,-0.1227264404296875
PeMS08,1146,12,2.141857147216797
PeMS08,1147,1,0.6558380126953125
PeMS08,1147,6,0.0762939453125
PeMS08,1147,12,1.6791152954101562
PeMS08,1148,1,0.37225341796875
PeMS08,1148,6,0.4915008544921875
PeMS08,1148,12,2.114471435546875
PeMS08,1149,1,-0.96142578125
PeMS08,1149,6,-0.12012481689453125
PeMS08,1149,12,0.820770263671875
PeMS08,1150,1,0.13822174072265625
PeMS08,1150,6,0.6090011596679688
PeMS08,1150,12,0.0001068115234375
PeMS08,1151,1,-0.243194580078125
PeMS08,1151,6,0.11898040771484375
PeMS08,1151,12,1.0258636474609375
PeMS08,1152,1,0.32232666015625
PeMS08,1152,6,0.25954437255859375
PeMS08,1152,12,-1.4209136962890625
PeMS08,1153,1,-0.265289306640625
PeMS08,1153,6,1.3462677001953125
PeMS08,1153,12,-0.011016845703125
PeMS08,1154,1,1.3859786987304688
PeMS08,1154,6,1.3586654663085938
PeMS08,1154,12,-0.993438720703125
PeMS08,1155,1,1.038299560546875
PeMS08,1155,6,-0.02304840087890625
PeMS08,1155,12,-0.98223876953125
PeMS08,1156,1,-0.1058197021484375
PeMS08,1156,6,-0.0609130859375
PeMS08,1156,12,-0.78607177734375
PeMS08,1157,1,0.9051666259765625
PeMS08,1157,6,0.80914306640625
PeMS08,1157,12,0.50067138671875
PeMS08,1158,1,-0.0715179443359375
PeMS08,1158,6,-0.51434326171875
PeMS08,1158,12,0.05682373046875
PeMS08,1159,1,-0.1604766845703125
PeMS08,1159,6,-0.359375
PeMS08,1159,12,0.188629150390625
PeMS08,1160,1,0.36717987060546875
PeMS08,1160,6,-1.7860107421875
PeMS08,1160,12,0.590850830078125
PeMS08,1161,1,-0.073333740234375
PeMS08,1161,6,-1.71197509765625
PeMS08,1161,12,-0.32598876953125
PeMS08,1162,1,0.2506103515625
PeMS08,1162,6,0.1019287109375
PeMS08,1162,12,1.12481689453125
PeMS08,1163,1,-0.9019622802734375
PeMS08,1163,6,0.913848876953125
PeMS08,1163,12,2.78680419921875
PeMS08,1164,1,-0.3215789794921875
PeMS08,1164,6,0.65423583984375
PeMS08,1164,12,4.6402587890625
PeMS08,1165,1,-1.774658203125
PeMS08,1165,6,0.235687255859375
PeMS08,1165,12,3.8118896484375
PeMS08,1166,1,1.407958984375
PeMS08,1166,6,-0.8060302734375
PeMS08,1166,12,4.24658203125
PeMS08,1167,1,1.372161865234375
PeMS08,1167,6,-0.0702056884765625
PeMS08,1167,12,4.57720947265625
PeMS08,1168,1,-0.760894775390625
PeMS08,1168,6,0.6723785400390625
PeMS08,1168,12,5.60760498046875
PeMS08,1169,1,-1.77398681640625
PeMS08,1169,6,0.691650390625
PeMS08,1169,12,6.4224853515625
PeMS08,1170,1,0.2545166015625
PeMS08,1170,6,0.80548095703125
PeMS08,1170,12,6.08624267578125
PeMS08,1171,1,-0.287628173828125
PeMS08,1171,6,2.7537689208984375
PeMS08,1171,12,4.483734130859375
PeMS08,1172,1,-0.447998046875
PeMS08,1172,6,3.4425201416015625
PeMS08,1172,12,1.603118896484375
PeMS08,1173,1,1.34967041015625
PeMS08,1173,6,2.874176025390625
PeMS08,1173,12,3.26190185546875
PeMS08,1174,1,-1.41986083984375
PeMS08,1174,6,1.71221923828125
PeMS08,1174,12,1.153167724609375
PeMS08,1175,1,-0.353271484375
PeMS08,1175,6,3.139739990234375
PeMS08,1175,12,2.816802978515625
PeMS08,1176,1,0.8636474609375
PeMS08,1176,6,7.094871520996094
PeMS08,1176,12,1.0733642578125
PeMS08,1177,1,0.6002655029296875
PeMS08,1177,6,1.3855514526367188
PeMS08,1177,12,-0.1816864013671875
PeMS08,1178,1,0.04486083984375
PeMS08,1178,6,0.688934326171875
PeMS08,1178,12,-1.24652099609375
PeMS08,1179,1,-0.48919677734375
PeMS08,1179,6,0.476409912109375
PeMS08,1179,12,0.4511871337890625
PeMS08,1180,1,0.4442138671875
PeMS08,1180,6,0.487823486328125
PeMS08,1180,12,1.1875
PeMS08,1181,1,2.0611572265625
PeMS08,1181,6,-0.08233642578125
PeMS08,1181,12,0.13909912109375
PeMS08,1182,1,0.1812744140625
PeMS08,1182,6,-1.2099761962890625
PeMS08,1182,12,3.23358154296875
PeMS08,1183,1,0.558929443359375
PeMS08,1183,6,-1.72894287109375
PeMS08,1183,12,-0.12060546875
PeMS08,1184,1,-1.9256591796875
PeMS08,1184,6,-1.69805908203125
PeMS08,1184,12,-0.567291259765625
PeMS08,1185,1,0.2118682861328125
PeMS08,1185,6,-0.5693359375
PeMS08,1185,12,1.686859130859375
PeMS08,1186,1,-1.501739501953125
PeMS08,1186,6,-0.54644775390625
PeMS08,1186,12,0.0758056640625
PeMS08,1187,1,-1.0992431640625
PeMS08,1187,6,0.067657470703125
PeMS08,1187,12,-0.61248779296875
PeMS08,1188,1,0.3993988037109375
PeMS08,1188,6,0.727630615234375
PeMS08,1188,12,0.6544189453125
PeMS08,1189,1,-1.71185302734375
PeMS08,1189,6,1.197906494140625
PeMS08,1189,12,-0.9415473937988281
PeMS08,1190,1,0.38592529296875
PeMS08,1190,6,-0.447265625
PeMS08,1190,12,-2.8519134521484375
PeMS08,1191,1,1.12384033203125
PeMS08,1191,6,0.35931396484375
PeMS08,1191,12,-0.00299072265625
PeMS08,1192,1,-0.906463623046875
PeMS08,1192,6,-0.6661376953125
PeMS08,1192,12,0.10638427734375
PeMS08,1193,1,0.30707550048828125
PeMS08,1193,6,0.6677703857421875
PeMS08,1193,12,-4.6790924072265625
PeMS08,1194,1,0.311553955078125
PeMS08,1194,6,-0.7366180419921875
PeMS08,1194,12,-3.93212890625
PeMS08,1195,1,0.14727783203125
PeMS08,1195,6,-2.307830810546875
PeMS08,1195,12,-0.7718658447265625
PeMS08,1196,1,1.375091552734375
PeMS08,1196,6,-1.60125732421875
PeMS08,1196,12,-1.557464599609375
PeMS08,1197,1,0.54864501953125
PeMS08,1197,6,-2.38812255859375
PeMS08,1197,12,-0.6868438720703125
PeMS08,1198,1,0.2340850830078125
PeMS08,1198,6,-0.56640625
PeMS08,1198,12,-1.014434814453125
PeMS08,1199,1,-0.869140625
PeMS08,1199,6,-2.568084716796875
PeMS08,1199,12,-0.217071533203125
PeMS08,1200,1,-0.91229248046875
PeMS08,1200,6,-3.57281494140625
PeMS08,1200,12,-0.1395263671875
PeMS08,1201,1,0.15264892578125
PeMS08,1201,6,-0.61248779296875
PeMS08,1201,12,-1.8492431640625
PeMS08,1202,1,0.63568115234375
PeMS08,1202,6,-0.09496307373046875
PeMS08,1202,12,0.056884765625
PeMS08,1203,1,1.159210205078125
PeMS08,1203,6,0.07947540283203125
PeMS08,1203,12,-0.0765838623046875
PeMS08,1204,1,-0.5398368835449219
PeMS08,1204,6,-0.48114013671875
PeMS08,1204,12,-0.25897216796875
PeMS08,1205,1,-1.7448654174804688
PeMS08,1205,6,-0.946533203125
PeMS08,1205,12,0.6691856384277344
PeMS08,1206,1,-0.3687744140625
PeMS08,1206,6,-0.72882080078125
PeMS08,1206,12,-0.004150390625
PeMS08,1207,1,-0.6641845703125
PeMS08,1207,6,-0.623046875
PeMS08,1207,12,-0.3695068359375
PeMS08,1208,1,-0.44635009765625
PeMS08,1208,6,-0.4282379150390625
PeMS08,1208,12,-0.75238037109375
PeMS08,1209,1,-0.10453033447265625
PeMS08,1209,6,0.1079864501953125
PeMS08,1209,12,0.41741943359375
PeMS08,1210,1,-0.56707763671875
PeMS08,1210,6,-0.7455291748046875
PeMS08,1210,12,0.48919677734375
PeMS08,1211,1,-0.928924560546875
PeMS08,1211,6,0.555908203125
PeMS08,1211,12,0.717926025390625
PeMS08,1212,1,-0.4051513671875
PeMS08,1212,6,-0.5398406982421875
PeMS08,1212,12,-0.8093795776367188
PeMS08,1213,1,-0.6043701171875
PeMS08,1213,6,-0.4322509765625
PeMS08,1213,12,0.67547607421875
PeMS08,1214,1,-0.1603240966796875
PeMS08,1214,6,0.1968841552734375
PeMS08,1214,12,0.2205810546875
PeMS08,1215,1,0.1352691650390625
PeMS08,1215,6,0.02899169921875
PeMS08,1215,12,-1.4690208435058594
PeMS08,1216,1,0.043792724609375
PeMS08,1216,6,-0.09014892578125
PeMS08,1216,12,-0.199493408203125
PeMS08,1217,1,0.01629638671875
PeMS08,1217,6,-0.4694976806640625
PeMS08,1217,12,-0.7783279418945312
PeMS08,1218,1,-0.6801605224609375
PeMS08,1218,6,-0.603546142578125
PeMS08,1218,12,-0.2470703125
PeMS08,1219,1,-0.2220458984375
PeMS08,1219,6,-0.160552978515625
PeMS08,1219,12,-0.80133056640625
PeMS08,1220,1,0.59564208984375
PeMS08,1220,6,-0.1405029296875
PeMS08,1220,12,0.5880584716796875
PeMS08,1221,1,-0.48858642578125
PeMS08,1221,6,-2.6461563110351562
PeMS08,1221,12,-1.369903564453125
PeMS08,1222,1,-0.38494873046875
PeMS08,1222,6,-0.104736328125
PeMS08,1222,12,-0.20721435546875
PeMS08,1223,1,-0.829315185546875
PeMS08,1223,6,-0.5462646484375
PeMS08,1223,12,0.498809814453125
PeMS08,1224,1,0.0294342041015625
PeMS08,1224,6,-0.2691650390625
PeMS08,1224,12,0.56829833984375
PeMS08,1225,1,-0.25433349609375
PeMS08,1225,6,-0.086669921875
PeMS08,1225,12,1.2762451171875
PeMS08,1226,1,-1.3235855102539062
PeMS08,1226,6,-0.2539825439453125
PeMS08,1226,12,-0.128662109375
PeMS08,1227,1,0.739654541015625
PeMS08,1227,6,0.50091552734375
PeMS08,1227,12,0.280548095703125
PeMS08,1228,1,-0.205596923828125
PeMS08,1228,6,0.05694580078125
PeMS08,1228,12,0.81793212890625
PeMS08,1229,1,-0.4718780517578125
PeMS08,1229,6,-0.2588348388671875
PeMS08,1229,12,-0.134765625
PeMS08,1230,1,0.315216064453125
PeMS08,1230,6,0.644500732421875
PeMS08,1230,12,1.0904388427734375
PeMS08,1231,1,-0.16473388671875
PeMS08,1231,6,-0.536773681640625
PeMS08,1231,12,0.09527587890625
PeMS08,1232,1,0.5402679443359375
PeMS08,1232,6,-0.21343994140625
PeMS08,1232,12,-0.4628448486328125
PeMS08,1233,1,-0.59527587890625
PeMS08,1233,6,-0.6641845703125
PeMS08,1233,12,1.4723052978515625
PeMS08,1234,1,-0.13470458984375
PeMS08,1234,6,-0.62957763671875
PeMS08,1234,12,0.460052490234375
PeMS08,1235,1,-0.12969970703125
PeMS08,1235,6,-1.054840087890625
PeMS08,1235,12,-0.6239013671875
PeMS08,1236,1,-0.79022216796875
PeMS08,1236,6,-0.80120849609375
PeMS08,1236,12,-0.443206787109375
PeMS08,1237,1,-0.085052490234375
PeMS08,1237,6,-1.67181396484375
PeMS08,1237,12,-1.4385986328125
PeMS08,1238,1,-0.5272216796875
PeMS08,1238,6,-0.8834991455078125
PeMS08,1238,12,-0.618011474609375
PeMS08,1239,1,-0.20977783203125
PeMS08,1239,6,0.04144287109375
PeMS08,1239,12,-0.0128326416015625
PeMS08,1240,1,-0.6666412353515625
PeMS08,1240,6,-0.7327880859375
PeMS08,1240,12,-1.068389892578125
PeMS08,1241,1,-0.9840774536132812
PeMS08,1241,6,-0.19830322265625
PeMS08,1241,12,0.6600494384765625
PeMS08,1242,1,-0.9691238403320312
PeMS08,1242,6,0.47503662109375
PeMS08,1242,12,0.93133544921875
PeMS08,1243,1,-0.15369415283203125
PeMS08,1243,6,0.42169189453125
PeMS08,1243,12,1.4768447875976562
PeMS08,1244,1,0.3548583984375
PeMS08,1244,6,-0.2522125244140625
PeMS08,1244,12,0.4687957763671875
PeMS08,1245,1,-0.7180862426757812
PeMS08,1245,6,-0.255706787109375
PeMS08,1245,12,1.266204833984375
PeMS08,1246,1,0.093109130859375
PeMS08,1246,6,-0.29510498046875
PeMS08,1246,12,0.271575927734375
PeMS08,1247,1,0.3115234375
PeMS08,1247,6,-0.413330078125
PeMS08,1247,12,1.197906494140625
PeMS08,1248,1,-0.0047607421875
PeMS08,1248,6,-0.31453704833984375
PeMS08,1248,12,0.6964950561523438
PeMS08,1249,1,0.34246826171875
PeMS08,1249,6,-0.3508758544921875
PeMS08,1249,12,0.2913818359375
PeMS08,1250,1,0.4460906982421875
PeMS08,1250,6,0.130218505859375
PeMS08,1250,12,1.35028076171875
PeMS08,1251,1,-0.905242919921875
PeMS08,1251,6,-0.65350341796875
PeMS08,1251,12,-0.887939453125
PeMS08,1252,1,-0.404998779296875
PeMS08,1252,6,-0.0784912109375
PeMS08,1252,12,1.163818359375
PeMS08,1253,1,0.0965576171875
PeMS08,1253,6,-0.2044677734375
PeMS08,1253,12,0.265289306640625
PeMS08,1254,1,-0.10317230224609375
PeMS08,1254,6,-0.86273193359375
PeMS08,1254,12,-0.4693603515625
PeMS08,1255,1,0.21209716796875
PeMS08,1255,6,-0.721893310546875
PeMS08,1255,12,1.0473480224609375
PeMS08,1256,1,-1.156890869140625
PeMS08,1256,6,-0.76556396484375
PeMS08,1256,12,0.162872314453125
PeMS08,1257,1,0.683837890625
PeMS08,1257,6,-0.24456787109375
PeMS08,1257,12,3.597412109375
PeMS08,1258,1,1.50750732421875
PeMS08,1258,6,1.0465087890625
PeMS08,1258,12,2.236297607421875
PeMS08,1259,1,-0.17840576171875
PeMS08,1259,6,0.40869140625
PeMS08,1259,12,1.0439453125
PeMS08,1260,1,0.558563232421875
PeMS08,1260,6,0.7376708984375
PeMS08,1260,12,2.1182861328125
PeMS08,1261,1,-0.500213623046875
PeMS08,1261,6,1.2323455810546875
PeMS08,1261,12,1.48150634765625
PeMS08,1262,1,-0.82354736328125
PeMS08,1262,6,0.115447998046875
PeMS08,1262,12,2.19952392578125
PeMS08,1263,1,1.49560546875
PeMS08,1263,6,1.490386962890625
PeMS08,1263,12,1.044830322265625
PeMS08,1264,1,1.37237548828125
PeMS08,1264,6,1.378875732421875
PeMS08,1264,12,1.44622802734375
PeMS08,1265,1,0.96875
PeMS08,1265,6,1.1634368896484375
PeMS08,1265,12,1.86285400390625
PeMS08,1266,1,0.8621826171875
PeMS08,1266,6,0.620391845703125
PeMS08,1266,12,2.50311279296875
PeMS08,1267,1,0.2669677734375
PeMS08,1267,6,1.94970703125
PeMS08,1267,12,2.81011962890625
PeMS08,1268,1,0.45770263671875
PeMS08,1268,6,2.10040283203125
PeMS08,1268,12,2.588531494140625
PeMS08,1269,1,-0.40875244140625
PeMS08,1269,6,-0.214691162109375
PeMS08,1269,12,0.1735687255859375
PeMS08,1270,1,0.8893585205078125
PeMS08,1270,6,0.4169769287109375
PeMS08,1270,12,2.08642578125
PeMS08,1271,1,0.0999755859375
PeMS08,1271,6,0.044677734375
PeMS08,1271,12,0.253143310546875
PeMS08,1272,1,0.274383544921875
PeMS08,1272,6,0.247955322265625
PeMS08,1272,12,-0.171905517578125
PeMS08,1273,1,0.393585205078125
PeMS08,1273,6,0.54052734375
PeMS08,1273,12,1.29803466796875
PeMS08,1274,1,-0.23577880859375
PeMS08,1274,6,0.42779541015625
PeMS08,1274,12,1.303070068359375
PeMS08,1275,1,-0.07244873046875
PeMS08,1275,6,0.16082763671875
PeMS08,1275,12,0.64007568359375
PeMS08,1276,1,0.63690185546875
PeMS08,1276,6,-0.555877685546875
PeMS08,1276,12,1.50152587890625
PeMS08,1277,1,0.01055908203125
PeMS08,1277,6,-0.11309814453125
PeMS08,1277,12,1.5419921875
PeMS08,1278,1,1.183074951171875
PeMS08,1278,6,-0.2086639404296875
PeMS08,1278,12,-0.55975341796875
PeMS08,1279,1,-0.427001953125
PeMS08,1279,6,0.1697998046875
PeMS08,1279,12,-1.57794189453125
PeMS08,1280,1,-1.5484771728515625
PeMS08,1280,6,-0.6050262451171875
PeMS08,1280,12,-2.187255859375
PeMS08,1281,1,-0.5662841796875
PeMS08,1281,6,0.43023681640625
PeMS08,1281,12,-0.675079345703125
PeMS08,1282,1,-0.07391357421875
PeMS08,1282,6,0.068115234375
PeMS08,1282,12,-0.3150787353515625
PeMS08,1283,1,-0.7376861572265625
PeMS08,1283,6,0.131805419921875
PeMS08,1283,12,1.60064697265625
PeMS08,1284,1,0.2271728515625
PeMS08,1284,6,-1.2852783203125
PeMS08,1284,12,-0.68536376953125
PeMS08,1285,1,-0.0806884765625
PeMS08,1285,6,-0.7117919921875
PeMS08,1285,12,-1.4078369140625
PeMS08,1286,1,0.0731353759765625
PeMS08,1286,6,0.429931640625
PeMS08,1286,12,0.41204833984375
PeMS08,1287,1,0.3109130859375
PeMS08,1287,6,-0.515838623046875
PeMS08,1287,12,-0.104888916015625
PeMS08,1288,1,-0.218292236328125
PeMS08,1288,6,-0.9908599853515625
PeMS08,1288,12,-1.396728515625
PeMS08,1289,1,0.968780517578125
PeMS08,1289,6,-0.00909423828125
PeMS08,1289,12,0.906402587890625
PeMS08,1290,1,0.74029541015625
PeMS08,1290,6,-0.999237060546875
PeMS08,1290,12,1.29998779296875
PeMS08,1291,1,0.42022705078125
PeMS08,1291,6,-0.7510986328125
PeMS08,1291,12,-0.29412841796875
PeMS08,1292,1,0.04669189453125
PeMS08,1292,6,0.4598388671875
PeMS08,1292,12,2.221954345703125
PeMS08,1293,1,0.330413818359375
PeMS08,1293,6,-0.3597869873046875
PeMS08,1293,12,1.82275390625
PeMS08,1294,1,0.08056640625
PeMS08,1294,6,-0.39373779296875
PeMS08,1294,12,0.194427490234375
PeMS08,1295,1,-1.1495361328125
PeMS08,1295,6,0.48919677734375
PeMS08,1295,12,0.32476806640625
PeMS08,1296,1,0.2991943359375
PeMS08,1296,6,0.473114013671875
PeMS08,1296,12,-0.3880157470703125
PeMS08,1297,1,0.492279052734375
PeMS08,1297,6,0.0601806640625
PeMS08,1297,12,-0.4072418212890625
PeMS08,1298,1,0.731292724609375
PeMS08,1298,6,0.9603271484375
PeMS08,1298,12,-0.03863525390625
PeMS08,1299,1,-0.5272216796875
PeMS08,1299,6,2.20159912109375
PeMS08,1299,12,1.681396484375
PeMS08,1300,1,-0.17578125
PeMS08,1300,6,0.5571441650390625
PeMS08,1300,12,0.478271484375
PeMS08,1301,1,-0.3427734375
PeMS08,1301,6,0.769622802734375
PeMS08,1301,12,-0.46441650390625
PeMS08,1302,1,-0.94293212890625
PeMS08,1302,6,0.19757080078125
PeMS08,1302,12,-1.52325439453125
PeMS08,1303,1,-0.7458953857421875
PeMS08,1303,6,0.3433837890625
PeMS08,1303,12,0.29552459716796875
PeMS08,1304,1,0.033294677734375
PeMS08,1304,6,0.298431396484375
PeMS08,1304,12,1.01446533203125
PeMS08,1305,1,1.3807373046875
PeMS08,1305,6,0.56298828125
PeMS08,1305,12,2.13690185546875
PeMS08,1306,1,0.3502197265625
PeMS08,1306,6,0.81219482421875
PeMS08,1306,12,-0.065643310546875
PeMS08,1307,1,-0.2975006103515625
PeMS08,1307,6,-0.58343505859375
PeMS08,1307,12,0.629119873046875
PeMS08,1308,1,-0.4232025146484375
PeMS08,1308,6,0.163787841796875
PeMS08,1308,12,0.438201904296875
PeMS08,1309,1,0.4226226806640625
PeMS08,1309,6,-0.71319580078125
PeMS08,1309,12,0.0117034912109375
PeMS08,1310,1,0.9841156005859375
PeMS08,1310,6,0.3833770751953125
PeMS08,1310,12,0.4798736572265625
PeMS08,1311,1,-0.0362548828125
PeMS08,1311,6,0.8083038330078125
PeMS08,1311,12,0.827667236328125
PeMS08,1312,1,-0.409423828125
PeMS08,1312,6,0.760986328125
PeMS08,1312,12,3.72088623046875
PeMS08,1313,1,0.074188232421875
PeMS08,1313,6,0.79302978515625
PeMS08,1313,12,2.005889892578125
PeMS08,1314,1,-0.15528106689453125
PeMS08,1314,6,0.512786865234375
PeMS08,1314,12,1.1879730224609375
PeMS08,1315,1,0.988037109375
PeMS08,1315,6,0.45882415771484375
PeMS08,1315,12,2.04443359375
PeMS08,1316,1,-0.10089111328125
PeMS08,1316,6,1.040557861328125
PeMS08,1316,12,1.834228515625
PeMS08,1317,1,-1.052032470703125
PeMS08,1317,6,0.308746337890625
PeMS08,1317,12,-0.10577392578125
PeMS08,1318,1,0.29156494140625
PeMS08,1318,6,-0.28977203369140625
PeMS08,1318,12,-0.634613037109375
PeMS08,1319,1,-0.13067626953125
PeMS08,1319,6,0.0396881103515625
PeMS08,1319,12,0.28009033203125
PeMS08,1320,1,-0.1420440673828125
PeMS08,1320,6,-0.26544189453125
PeMS08,1320,12,0.99652099609375
PeMS08,1321,1,0.20819091796875
PeMS08,1321,6,-0.38045501708984375
PeMS08,1321,12,1.4495315551757812
PeMS08,1322,1,0.382598876953125
PeMS08,1322,6,0.4617919921875
PeMS08,1322,12,-1.4876708984375
PeMS08,1323,1,0.2389068603515625
PeMS08,1323,6,0.065338134765625
PeMS08,1323,12,0.0557861328125
PeMS08,1324,1,-1.6436309814453125
PeMS08,1324,6,-1.231414794921875
PeMS08,1324,12,-3.1497573852539062
PeMS08,1325,1,-0.981842041015625
PeMS08,1325,6,-0.7945556640625
PeMS08,1325,12,-1.913330078125
PeMS08,1326,1,-0.3328590393066406
PeMS08,1326,6,-0.7655029296875
PeMS08,1326,12,-2.08538818359375
PeMS08,1327,1,-0.78179931640625
PeMS08,1327,6,-0.5936660766601562
PeMS08,1327,12,-3.5063934326171875
PeMS08,1328,1,0.26416015625
PeMS08,1328,6,0.05865478515625
PeMS08,1328,12,-1.6288604736328125
PeMS08,1329,1,-0.817474365234375
PeMS08,1329,6,-0.94134521484375
PeMS08,1329,12,-2.4566650390625
PeMS08,1330,1,0.215576171875
PeMS08,1330,6,-0.0269012451171875
PeMS08,1330,12,-0.205108642578125
PeMS08,1331,1,-1.05242919921875
PeMS08,1331,6,-1.264892578125
PeMS08,1331,12,-1.24920654296875
PeMS08,1332,1,0.0889129638671875
PeMS08,1332,6,-0.771575927734375
PeMS08,1332,12,-0.969146728515625
PeMS08,1333,1,-1.866455078125
PeMS08,1333,6,-1.86199951171875
PeMS08,1333,12,-1.305084228515625
PeMS08,1334,1,-1.21697998046875
PeMS08,1334,6,-0.2576904296875
PeMS08,1334,12,-0.2879486083984375
PeMS08,1335,1,0.4294891357421875
PeMS08,1335,6,-0.572418212890625
PeMS08,1335,12,0.467041015625
PeMS08,1336,1,-0.99505615234375
PeMS08,1336,6,0.284942626953125
PeMS08,1336,12,-0.95611572265625
PeMS08,1337,1,0.067230224609375
PeMS08,1337,6,-0.759552001953125
PeMS08,1337,12,-0.858245849609375
PeMS08,1338,1,-0.57012939453125
PeMS08,1338,6,-0.650390625
PeMS08,1338,12,-1.6995849609375
PeMS08,1339,1,-0.75762939453125
PeMS08,1339,6,-1.401611328125
PeMS08,1339,12,-1.2159423828125
PeMS08,1340,1,0.21240234375
PeMS08,1340,6,-0.78118896484375
PeMS08,1340,12,-2.1226806640625
PeMS08,1341,1,-0.35520172119140625
PeMS08,1341,6,-0.32421875
PeMS08,1341,12,-1.107208251953125
PeMS08,1342,1,-0.40911102294921875
PeMS08,1342,6,-1.1412353515625
PeMS08,1342,12,-1.528564453125
PeMS08,1343,1,-1.1490478515625
PeMS08,1343,6,-0.1803131103515625
PeMS08,1343,12,-1.583099365234375
PeMS08,1344,1,-1.5191650390625
PeMS08,1344,6,-0.864349365234375
PeMS08,1344,12,0.326446533203125
PeMS08,1345,1,-1.1339569091796875
PeMS08,1345,6,-0.43505859375
PeMS08,1345,12,0.2537841796875
PeMS08,1346,1,-0.687896728515625
PeMS08,1346,6,-1.271575927734375
PeMS08,1346,12,-1.79376220703125
PeMS08,1347,1,-1.0146484375
PeMS08,1347,6,-0.332550048828125
PeMS08,1347,12,-1.0145721435546875
PeMS08,1348,1,-0.66217041015625
PeMS08,1348,6,-1.1653900146484375
PeMS08,1348,12,-0.535369873046875
PeMS08,1349,1,-1.0414886474609375
PeMS08,1349,6,-0.411407470703125
PeMS08,1349,12,-0.252716064453125
PeMS08,1350,1,-0.6087646484375
PeMS08,1350,6,-0.40814208984375
PeMS08,1350,12,0.2919464111328125
PeMS08,1351,1,-1.3717041015625
PeMS08,1351,6,0.07871246337890625
PeMS08,1351,12,0.9525146484375
PeMS08,1352,1,0.2340087890625
PeMS08,1352,6,0.0996856689453125
PeMS08,1352,12,0.379486083984375
PeMS08,1353,1,0.174224853515625
PeMS08,1353,6,-0.619964599609375
PeMS08,1353,12,-3.7018585205078125
PeMS08,1354,1,-0.913116455078125
PeMS08,1354,6,-1.901885986328125
PeMS08,1354,12,-2.226593017578125
PeMS08,1355,1,-0.22161865234375
PeMS08,1355,6,-0.452606201171875
PeMS08,1355,12,-2.893157958984375
PeMS08,1356,1,-1.0452880859375
PeMS08,1356,6,-0.5162353515625
PeMS08,1356,12,-1.2215576171875
PeMS08,1357,1,-0.64227294921875
PeMS08,1357,6,-1.278076171875
PeMS08,1357,12,-0.049285888671875
PeMS08,1358,1,-1.9343414306640625
PeMS08,1358,6,-0.9330902099609375
PeMS08,1358,12,-0.55963134765625
PeMS08,1359,1,-1.0257110595703125
PeMS08,1359,6,-2.9128570556640625
PeMS08,1359,12,-0.6670379638671875
PeMS08,1360,1,-0.512237548828125
PeMS08,1360,6,-1.034423828125
PeMS08,1360,12,-1.93536376953125
PeMS08,1361,1,-0.5007171630859375
PeMS08,1361,6,-1.661529541015625
PeMS08,1361,12,0.12884521484375
PeMS08,1362,1,-0.54034423828125
PeMS08,1362,6,-0.164398193359375
PeMS08,1362,12,-0.784423828125
PeMS08,1363,1,-0.716552734375
PeMS08,1363,6,-1.413055419921875
PeMS08,1363,12,-0.376007080078125
PeMS08,1364,1,-1.4088287353515625
PeMS08,1364,6,-1.1165771484375
PeMS08,1364,12,-0.6516799926757812
PeMS08,1365,1,-0.06927490234375
PeMS08,1365,6,-0.68963623046875
PeMS08,1365,12,1.6647796630859375
PeMS08,1366,1,-0.196502685546875
PeMS08,1366,6,0.264892578125
PeMS08,1366,12,0.819122314453125
PeMS08,1367,1,-0.0475921630859375
PeMS08,1367,6,-0.01739501953125
PeMS08,1367,12,0.4498748779296875
PeMS08,1368,1,-0.225433349609375
PeMS08,1368,6,-0.5857162475585938
PeMS08,1368,12,-0.46636962890625
PeMS08,1369,1,-1.02154541015625
PeMS08,1369,6,-0.2849884033203125
PeMS08,1369,12,-0.8600540161132812
PeMS08,1370,1,-1.0467071533203125
PeMS08,1370,6,-0.6392059326171875
PeMS08,1370,12,0.1243438720703125
PeMS08,1371,1,-0.7442626953125
PeMS08,1371,6,-0.115478515625
PeMS08,1371,12,0.1199798583984375
PeMS08,1372,1,-0.31633758544921875
PeMS08,1372,6,0.0617218017578125
PeMS08,1372,12,-0.9237136840820312
PeMS08,1373,1,-1.3521270751953125
PeMS08,1373,6,-0.5619964599609375
PeMS08,1373,12,-0.733428955078125
PeMS08,1374,1,-0.372283935546875
PeMS08,1374,6,-0.66180419921875
PeMS08,1374,12,-0.0421142578125
PeMS08,1375,1,-0.3927154541015625
PeMS08,1375,6,-0.32525634765625
PeMS08,1375,12,0.2191925048828125
PeMS08,1376,1,0.6804046630859375
PeMS08,1376,6,-0.296478271484375
PeMS08,1376,12,0.3273468017578125
PeMS08,1377,1,0.18402099609375
PeMS08,1377,6,-0.0704193115234375
PeMS08,1377,12,0.7168502807617188
PeMS08,1378,1,-0.6363677978515625
PeMS08,1378,6,-0.475494384765625
PeMS08,1378,12,0.07994461059570312
PeMS08,1379,1,-0.26007080078125
PeMS08,1379,6,-0.3758506774902344
PeMS08,1379,12,-0.19522857666015625
PeMS08,1380,1,0.4405059814453125
PeMS08,1380,6,0.5832366943359375
PeMS08,1380,12,-0.07741546630859375
PeMS08,1381,1,1.3474044799804688
PeMS08,1381,6,0.384429931640625
PeMS08,1381,12,0.0029754638671875
PeMS08,1382,1,-0.190826416015625
PeMS08,1382,6,-0.14832305908203125
PeMS08,1382,12,-0.0041046142578125
PeMS08,1383,1,-0.6596832275390625
PeMS08,1383,6,0.13967132568359375
PeMS08,1383,12,1.3008804321289062
PeMS08,1384,1,0.13619232177734375
PeMS08,1384,6,0.1892852783203125
PeMS08,1384,12,-0.00951385498046875
PeMS08,1385,1,-0.7362060546875
PeMS08,1385,6,0.3524322509765625
PeMS08,1385,12,1.0983734130859375
PeMS08,1386,1,-0.217437744140625
PeMS08,1386,6,0.078033447265625
PeMS08,1386,12,0.6133880615234375
PeMS08,1387,1,0.8835220336914062
PeMS08,1387,6,0.629852294921875
PeMS08,1387,12,0.735931396484375
PeMS08,1388,1,-0.20107269287109375
PeMS08,1388,6,0.4805145263671875
PeMS08,1388,12,0.5912094116210938
PeMS08,1389,1,-0.38837432861328125
PeMS08,1389,6,1.0339508056640625
PeMS08,1389,12,0.8240585327148438
PeMS08,1390,1,0.6241607666015625
PeMS08,1390,6,0.281890869140625
PeMS08,1390,12,1.4109954833984375
PeMS08,1391,1,0.0090789794921875
PeMS08,1391,6,1.07904052734375
PeMS08,1391,12,0.8481903076171875
PeMS08,1392,1,0.5634765625
PeMS08,1392,6,0.8484344482421875
PeMS08,1392,12,0.31531524658203125
PeMS08,1393,1,0.2215728759765625
PeMS08,1393,6,1.1822967529296875
PeMS08,1393,12,1.58697509765625
PeMS08,1394,1,0.37972259521484375
PeMS08,1394,6,0.6086883544921875
PeMS08,1394,12,1.9045562744140625
PeMS08,1395,1,0.04685211181640625
PeMS08,1395,6,0.46611785888671875
PeMS08,1395,12,1.1299209594726562
PeMS08,1396,1,-0.0181427001953125
PeMS08,1396,6,0.6964797973632812
PeMS08,1396,12,1.9641571044921875
PeMS08,1397,1,0.946929931640625
PeMS08,1397,6,1.0214920043945312
PeMS08,1397,12,1.46673583984375
PeMS08,1398,1,1.0667877197265625
PeMS08,1398,6,1.3446578979492188
PeMS08,1398,12,0.900299072265625
PeMS08,1399,1,0.2601776123046875
PeMS08,1399,6,0.7121200561523438
PeMS08,1399,12,1.572296142578125
PeMS08,1400,1,0.5762557983398438
PeMS08,1400,6,0.38292694091796875
PeMS08,1400,12,0.43158721923828125
PeMS08,1401,1,0.13094329833984375
PeMS08,1401,6,0.2659912109375
PeMS08,1401,12,1.3709716796875
PeMS08,1402,1,0.359466552734375
PeMS08,1402,6,0.39572906494140625
PeMS08,1402,12,1.061981201171875
PeMS08,1403,1,0.949859619140625
PeMS08,1403,6,0.837554931640625
PeMS08,1403,12,1.0396347045898438
PeMS08,1404,1,0.4775848388671875
PeMS08,1404,6,0.3455963134765625
PeMS08,1404,12,2.1863632202148438
PeMS08,1405,1,1.08056640625
PeMS08,1405,6,1.1661224365234375
PeMS08,1405,12,1.8738327026367188
PeMS08,1406,1,0.24383544921875
PeMS08,1406,6,0.6879653930664062
PeMS08,1406,12,1.1930618286132812
PeMS08,1407,1,0.6922760009765625
PeMS08,1407,6,0.810394287109375
PeMS08,1407,12,1.7811660766601562
PeMS08,1408,1,1.0944671630859375
PeMS08,1408,6,0.3719940185546875
PeMS08,1408,12,1.4916839599609375
PeMS08,1409,1,0.76995849609375
PeMS08,1409,6,0.5674591064453125
PeMS08,1409,12,0.9394378662109375
PeMS08,1410,1,1.3009185791015625
PeMS08,1410,6,0.9992141723632812
PeMS08,1410,12,0.8828125
PeMS08,1411,1,0.5235671997070312
PeMS08,1411,6,1.11517333984375
PeMS08,1411,12,1.59161376953125
PeMS08,1412,1,0.3343963623046875
PeMS08,1412,6,0.8330307006835938
PeMS08,1412,12,2.8836288452148438
PeMS08,1413,1,0.4159698486328125
PeMS08,1413,6,0.3205718994140625
PeMS08,1413,12,1.7750396728515625
PeMS08,1414,1,0.7969512939453125
PeMS08,1414,6,1.0455169677734375
PeMS08,1414,12,2.3759613037109375
PeMS08,1415,1,0.7967300415039062
PeMS08,1415,6,1.0720672607421875
PeMS08,1415,12,2.0385894775390625
PeMS08,1416,1,0.902496337890625
PeMS08,1416,6,0.7697982788085938
PeMS08,1416,12,1.4227676391601562
PeMS08,1417,1,0.062591552734375
PeMS08,1417,6,1.4594268798828125
PeMS08,1417,12,1.1214752197265625
PeMS08,1418,1,0.46115875244140625
PeMS08,1418,6,1.526885986328125
PeMS08,1418,12,1.4046669006347656
PeMS08,1419,1,0.818328857421875
PeMS08,1419,6,0.5546112060546875
PeMS08,1419,12,0.7617568969726562
PeMS08,1420,1,0.80462646484375
PeMS08,1420,6,0.638946533203125
PeMS08,1420,12,0.511993408203125
PeMS08,1421,1,1.1891250610351562
PeMS08,1421,6,0.1063232421875
PeMS08,1421,12,1.3956031799316406
PeMS08,1422,1,1.3539581298828125
PeMS08,1422,6,0.5512161254882812
PeMS08,1422,12,1.5116386413574219
PeMS08,1423,1,0.888275146484375
PeMS08,1423,6,0.6640243530273438
PeMS08,1423,12,0.6395263671875
PeMS08,1424,1,0.2241363525390625
PeMS08,1424,6,0.15355682373046875
PeMS08,1424,12,-1.0486526489257812
PeMS08,1425,1,0.741912841796875
PeMS08,1425,6,-0.13402938842773438
PeMS08,1425,12,0.6622505187988281
PeMS08,1426,1,-0.2324981689453125
PeMS08,1426,6,-0.1351165771484375
PeMS08,1426,12,0.5301361083984375
PeMS08,1427,1,-0.51123046875
PeMS08,1427,6,0.5313644409179688
PeMS08,1427,12,0.29082489013671875
PeMS08,1428,1,-0.0276641845703125
PeMS08,1428,6,0.46405029296875
PeMS08,1428,12,0.7376937866210938
PeMS08,1429,1,0.1355133056640625
PeMS08,1429,6,-0.22119140625
PeMS08,1429,12,-1.5292434692382812
PeMS08,1430,1,0.2592926025390625
PeMS08,1430,6,0.5834426879882812
PeMS08,1430,12,-0.0562591552734375
PeMS08,1431,1,0.2601318359375
PeMS08,1431,6,0.02663421630859375
PeMS08,1431,12,-0.5393524169921875
PeMS08,1432,1,0.9742889404296875
PeMS08,1432,6,-0.39136505126953125
PeMS08,1432,12,-0.31179046630859375
PeMS08,1433,1,0.7650527954101562
PeMS08,1433,6,-0.10308837890625
PeMS08,1433,12,0.34963226318359375
PeMS08,1434,1,0.572509765625
PeMS08,1434,6,0.26263427734375
PeMS08,1434,12,-0.0612640380859375
PeMS08,1435,1,0.5060653686523438
PeMS08,1435,6,-0.17363739013671875
PeMS08,1435,12,1.22662353515625
PeMS08,1436,1,0.1307525634765625
PeMS08,1436,6,-0.1990203857421875
PeMS08,1436,12,-0.2787017822265625
PeMS08,1437,1,0.30986785888671875
PeMS08,1437,6,0.47415924072265625
PeMS08,1437,12,2.0205917358398438
PeMS08,1438,1,-0.38890838623046875
PeMS08,1438,6,0.7419395446777344
PeMS08,1438,12,0.64398193359375
PeMS08,1439,1,0.6203346252441406
PeMS08,1439,6,0.1044921875
PeMS08,1439,12,2.2380523681640625
PeMS08,1440,1,0.21437454223632812
PeMS08,1440,6,-0.1558990478515625
PeMS08,1440,12,0.86468505859375
PeMS08,1441,1,0.9983139038085938
PeMS08,1441,6,0.714813232421875
PeMS08,1441,12,0.3454742431640625
PeMS08,1442,1,0.9805946350097656
PeMS08,1442,6,0.3365478515625
PeMS08,1442,12,-0.09542083740234375
PeMS08,1443,1,1.3318710327148438
PeMS08,1443,6,1.336578369140625
PeMS08,1443,12,2.4685516357421875
PeMS08,1444,1,-0.58221435546875
PeMS08,1444,6,0.5114974975585938
PeMS08,1444,12,0.3870697021484375
PeMS08,1445,1,0.83624267578125
PeMS08,1445,6,0.5482559204101562
PeMS08,1445,12,0.8797149658203125
PeMS08,1446,1,-0.23838424682617188
PeMS08,1446,6,0.471527099609375
PeMS08,1446,12,0.5031890869140625
PeMS08,1447,1,0.01865386962890625
PeMS08,1447,6,0.22832107543945312
PeMS08,1447,12,0.29140472412109375
PeMS08,1448,1,1.0004844665527344
PeMS08,1448,6,-0.169525146484375
PeMS08,1448,12,0.91729736328125
PeMS08,1449,1,0.3292694091796875
PeMS08,1449,6,0.34326171875
PeMS08,1449,12,1.8367156982421875
PeMS08,1450,1,0.2598724365234375
PeMS08,1450,6,0.48975372314453125
PeMS08,1450,12,1.5791778564453125
PeMS08,1451,1,0.5240325927734375
PeMS08,1451,6,0.4978179931640625
PeMS08,1451,12,3.4260292053222656
PeMS08,1452,1,0.6117782592773438
PeMS08,1452,6,0.477783203125
PeMS08,1452,12,5.6774749755859375
PeMS08,1453,1,-1.6062774658203125
PeMS08,1453,6,0.523590087890625
PeMS08,1453,12,3.6639251708984375
PeMS08,1454,1,1.1587677001953125
PeMS08,1454,6,-0.1307830810546875
PeMS08,1454,12,4.5387115478515625
PeMS08,1455,1,0.8897933959960938
PeMS08,1455,6,-0.0195159912109375
PeMS08,1455,12,4.8667449951171875
PeMS08,1456,1,-0.27188873291015625
PeMS08,1456,6,0.4427947998046875
PeMS08,1456,12,6.870506286621094
PeMS08,1457,1,0.2353057861328125
PeMS08,1457,6,1.5002975463867188
PeMS08,1457,12,3.977893829345703
PeMS08,1458,1,1.25115966796875
PeMS08,1458,6,6.13189697265625
PeMS08,1458,12,5.2689208984375
PeMS08,1459,1,0.90313720703125
PeMS08,1459,6,2.6235198974609375
PeMS08,1459,12,4.9957275390625
PeMS08,1460,1,0.8047943115234375
PeMS08,1460,6,2.6464385986328125
PeMS08,1460,12,5.445037841796875
PeMS08,1461,1,-0.1773681640625
PeMS08,1461,6,3.7350006103515625
PeMS08,1461,12,1.94891357421875
PeMS08,1462,1,1.4739456176757812
PeMS08,1462,6,5.430492401123047
PeMS08,1462,12,3.035919189453125
PeMS08,1463,1,1.861663818359375
PeMS08,1463,6,2.6588134765625
PeMS08,1463,12,4.386260986328125
PeMS08,1464,1,-0.19134521484375
PeMS08,1464,6,3.7239990234375
PeMS08,1464,12,2.5763397216796875
PeMS08,1465,1,-1.7591209411621094
PeMS08,1465,6,1.8873214721679688
PeMS08,1465,12,1.28106689453125
PeMS08,1466,1,1.9251632690429688
PeMS08,1466,6,2.074665069580078
PeMS08,1466,12,0.393798828125
PeMS08,1467,1,2.1422691345214844
PeMS08,1467,6,0.765838623046875
PeMS08,1467,12,1.220306396484375
PeMS08,1468,1,0.5643081665039062
PeMS08,1468,6,0.3241119384765625
PeMS08,1468,12,1.013885498046875
PeMS08,1469,1,0.4104347229003906
PeMS08,1469,6,0.6500244140625
PeMS08,1469,12,-0.8864593505859375
PeMS08,1470,1,0.1094512939453125
PeMS08,1470,6,-0.869720458984375
PeMS08,1470,12,2.3935546875
PeMS08,1471,1,1.1508636474609375
PeMS08,1471,6,-1.4638824462890625
PeMS08,1471,12,-0.30657958984375
PeMS08,1472,1,-0.453765869140625
PeMS08,1472,6,-0.6706390380859375
PeMS08,1472,12,0.240936279296875
PeMS08,1473,1,-0.8799285888671875
PeMS08,1473,6,-1.5433502197265625
PeMS08,1473,12,-1.619049072265625
PeMS08,1474,1,0.262542724609375
PeMS08,1474,6,-0.2122802734375
PeMS08,1474,12,-1.07989501953125
PeMS08,1475,1,-0.860137939453125
PeMS08,1475,6,-0.21356201171875
PeMS08,1475,12,-0.649139404296875
PeMS08,1476,1,-1.019012451171875
PeMS08,1476,6,0.363189697265625
PeMS08,1476,12,-0.70843505859375
PeMS08,1477,1,-1.090240478515625
PeMS08,1477,6,-1.49072265625
PeMS08,1477,12,0.476531982421875
PeMS08,1478,1,-0.850372314453125
PeMS08,1478,6,-1.378082275390625
PeMS08,1478,12,-0.1927947998046875
PeMS08,1479,1,0.783111572265625
PeMS08,1479,6,-1.7677001953125
PeMS08,1479,12,-2.660736083984375
PeMS08,1480,1,-1.21624755859375
PeMS08,1480,6,-1.109161376953125
PeMS08,1480,12,-0.9684295654296875
PeMS08,1481,1,0.6664886474609375
PeMS08,1481,6,0.4033203125
PeMS08,1481,12,0.055328369140625
PeMS08,1482,1,-0.983184814453125
PeMS08,1482,6,-0.648895263671875
PeMS08,1482,12,-2.076812744140625
PeMS08,1483,1,-1.550994873046875
PeMS08,1483,6,-1.10089111328125
PeMS08,1483,12,-2.9896240234375
PeMS08,1484,1,-1.130859375
PeMS08,1484,6,-1.837554931640625
PeMS08,1484,12,-0.1481781005859375
PeMS08,1485,1,-0.79168701171875
PeMS08,1485,6,-2.7531280517578125
PeMS08,1485,12,-0.03509521484375
PeMS08,1486,1,-1.130218505859375
PeMS08,1486,6,-0.8123626708984375
PeMS08,1486,12,-1.2969818115234375
PeMS08,1487,1,-1.2784423828125
PeMS08,1487,6,-1.0662689208984375
PeMS08,1487,12,0.111907958984375
PeMS08,1488,1,-1.10308837890625
PeMS08,1488,6,-0.7954940795898438
PeMS08,1488,12,-0.450592041015625
PeMS08,1489,1,-0.4226226806640625
PeMS08,1489,6,-0.7259063720703125
PeMS08,1489,12,0.41519927978515625
PeMS08,1490,1,-0.738983154296875
PeMS08,1490,6,-0.1919403076171875
PeMS08,1490,12,-2.5086441040039062
PeMS08,1491,1,-0.13385009765625
PeMS08,1491,6,-0.19757080078125
PeMS08,1491,12,-0.765228271484375
PeMS08,1492,1,0.8079299926757812
PeMS08,1492,6,-0.8116302490234375
PeMS08,1492,12,-1.18017578125
PeMS08,1493,1,0.2383880615234375
PeMS08,1493,6,-0.796142578125
PeMS08,1493,12,-1.072509765625
PeMS08,1494,1,-0.2558135986328125
PeMS08,1494,6,-1.11614990234375
PeMS08,1494,12,-1.3883209228515625
PeMS08,1495,1,-0.9772186279296875
PeMS08,1495,6,-0.97509765625
PeMS08,1495,12,-0.5713272094726562
PeMS08,1496,1,-1.029693603515625
PeMS08,1496,6,-1.558624267578125
PeMS08,1496,12,-0.17681884765625
PeMS08,1497,1,-0.525787353515625
PeMS08,1497,6,-0.70526123046875
PeMS08,1497,12,0.8399429321289062
PeMS08,1498,1,-1.3852996826171875
PeMS08,1498,6,-0.5514984130859375
PeMS08,1498,12,0.43691253662109375
PeMS08,1499,1,-0.374786376953125
PeMS08,1499,6,-0.709228515625
PeMS08,1499,12,-0.8181610107421875
PeMS08,1500,1,-1.30706787109375
PeMS08,1500,6,-0.8661117553710938
PeMS08,1500,12,-1.0996932983398438
PeMS08,1501,1,-0.30853271484375
PeMS08,1501,6,-0.1453094482421875
PeMS08,1501,12,0.6120376586914062
PeMS08,1502,1,0.056842803955078125
PeMS08,1502,6,-0.02449798583984375
PeMS08,1502,12,0.20908355712890625
PeMS08,1503,1,0.20574951171875
PeMS08,1503,6,0.49680328369140625
PeMS08,1503,12,0.5778350830078125
PeMS08,1504,1,0.328369140625
PeMS08,1504,6,-0.733612060546875
PeMS08,1504,12,-0.3194732666015625
PeMS08,1505,1,-0.1475677490234375
PeMS08,1505,6,-0.554168701171875
PeMS08,1505,12,-0.5559310913085938
PeMS08,1506,1,0.1925048828125
PeMS08,1506,6,0.01270294189453125
PeMS08,1506,12,0.3094024658203125
PeMS08,1507,1,-0.30149078369140625
PeMS08,1507,6,0.31163787841796875
PeMS08,1507,12,-0.3402862548828125
PeMS08,1508,1,0.940216064453125
PeMS08,1508,6,-0.2808074951171875
PeMS08,1508,12,-2.170135498046875
PeMS08,1509,1,-0.26274871826171875
PeMS08,1509,6,-0.0040283203125
PeMS08,1509,12,-0.96282958984375
PeMS08,1510,1,-0.8122062683105469
PeMS08,1510,6,-0.37540435791015625
PeMS08,1510,12,0.96173095703125
PeMS08,1511,1,-0.8721389770507812
PeMS08,1511,6,-0.853790283203125
PeMS08,1511,12,-0.0887908935546875
PeMS08,1512,1,-0.8521881103515625
PeMS08,1512,6,0.003986358642578125
PeMS08,1512,12,1.1527328491210938
PeMS08,1513,1,-0.4336090087890625
PeMS08,1513,6,-1.483062744140625
PeMS08,1513,12,0.11779022216796875
PeMS08,1514,1,-1.1841812133789062
PeMS08,1514,6,-0.6270751953125
PeMS08,1514,12,-0.60858154296875
PeMS08,1515,1,-0.3486328125
PeMS08,1515,6,0.06903076171875
PeMS08,1515,12,0.20711517333984375
PeMS08,1516,1,-1.22637939453125
PeMS08,1516,6,-0.065216064453125
PeMS08,1516,12,-0.3822479248046875
PeMS08,1517,1,-0.4752197265625
PeMS08,1517,6,-0.420654296875
PeMS08,1517,12,0.247283935546875
PeMS08,1518,1,-2.1504974365234375
PeMS08,1518,6,-0.09877777099609375
PeMS08,1518,12,0.54864501953125
PeMS08,1519,1,-0.01568603515625
PeMS08,1519,6,-0.4777679443359375
PeMS08,1519,12,0.494354248046875
PeMS08,1520,1,-0.904144287109375
PeMS08,1520,6,-0.943572998046875
PeMS08,1520,12,-0.68023681640625
PeMS08,1521,1,0.364013671875
PeMS08,1521,6,0.313385009765625
PeMS08,1521,12,-0.045413970947265625
PeMS08,1522,1,-0.015960693359375
PeMS08,1522,6,-0.16223907470703125
PeMS08,1522,12,1.302886962890625
PeMS08,1523,1,-0.8432693481445312
PeMS08,1523,6,-0.422943115234375
PeMS08,1523,12,-0.4561767578125
PeMS08,1524,1,-0.3554229736328125
PeMS08,1524,6,-0.863739013671875
PeMS08,1524,12,-0.872833251953125
PeMS08,1525,1,-0.69488525390625
PeMS08,1525,6,0.354736328125
PeMS08,1525,12,0.660247802734375
PeMS08,1526,1,-0.278350830078125
PeMS08,1526,6,-0.5836868286132812
PeMS08,1526,12,-0.81549072265625
PeMS08,1527,1,-0.0466766357421875
PeMS08,1527,6,-0.0761871337890625
PeMS08,1527,12,0.76885986328125
PeMS08,1528,1,-0.6101531982421875
PeMS08,1528,6,0.0049896240234375
PeMS08,1528,12,0.384368896484375
PeMS08,1529,1,-0.3164215087890625
PeMS08,1529,6,-0.09417724609375
PeMS08,1529,12,0.71759033203125
PeMS08,1530,1,-0.051055908203125
PeMS08,1530,6,0.0713043212890625
PeMS08,1530,12,0.1011505126953125
PeMS08,1531,1,-0.3361053466796875
PeMS08,1531,6,0.5555267333984375
PeMS08,1531,12,0.5561676025390625
PeMS08,1532,1,-0.5468597412109375
PeMS08,1532,6,-1.3651580810546875
PeMS08,1532,12,1.0293426513671875
PeMS08,1533,1,0.3211822509765625
PeMS08,1533,6,-0.7130279541015625
PeMS08,1533,12,1.331573486328125
PeMS08,1534,1,0.315155029296875
PeMS08,1534,6,0.355194091796875
PeMS08,1534,12,1.63385009765625
PeMS08,1535,1,0.6215667724609375
PeMS08,1535,6,0.4061431884765625
PeMS08,1535,12,2.0233917236328125
PeMS08,1536,1,0.747314453125
PeMS08,1536,6,0.00293731689453125
PeMS08,1536,12,1.21649169921875
PeMS08,1537,1,-0.397552490234375
PeMS08,1537,6,0.370758056640625
PeMS08,1537,12,1.6935577392578125
PeMS08,1538,1,-0.26666259765625
PeMS08,1538,6,0.45706939697265625
PeMS08,1538,12,0.9942169189453125
PeMS08,1539,1,0.0964202880859375
PeMS08,1539,6,0.765228271484375
PeMS08,1539,12,0.9098358154296875
PeMS08,1540,1,0.7621612548828125
PeMS08,1540,6,0.6032257080078125
PeMS08,1540,12,0.433837890625
PeMS08,1541,1,-0.0013885498046875
PeMS08,1541,6,1.0217361450195312
PeMS08,1541,12,0.7353515625
PeMS08,1542,1,0.271270751953125
PeMS08,1542,6,1.0709075927734375
PeMS08,1542,12,1.140716552734375
PeMS08,1543,1,0.3147430419921875
PeMS08,1543,6,1.283416748046875
PeMS08,1543,12,2.6044921875
PeMS08,1544,1,0.9752655029296875
PeMS08,1544,6,1.15618896484375
PeMS08,1544,12,1.144012451171875
PeMS08,1545,1,-0.106658935546875
PeMS08,1545,6,0.7846221923828125
PeMS08,1545,12,1.2402725219726562
PeMS08,1546,1,0.3693084716796875
PeMS08,1546,6,0.0309600830078125
PeMS08,1546,12,1.939178466796875
PeMS08,1547,1,0.14691162109375
PeMS08,1547,6,0.2928466796875
PeMS08,1547,12,1.1185073852539062
PeMS08,1548,1,0.3894805908203125
PeMS08,1548,6,-0.1432037353515625
PeMS08,1548,12,0.0135650634765625
PeMS08,1549,1,0.097900390625
PeMS08,1549,6,1.007537841796875
PeMS08,1549,12,2.31060791015625
PeMS08,1550,1,-0.07427978515625
PeMS08,1550,6,-0.186187744140625
PeMS08,1550,12,-0.2435302734375
PeMS08,1551,1,0.0525360107421875
PeMS08,1551,6,1.4349517822265625
PeMS08,1551,12,0.6058349609375
PeMS08,1552,1,-0.548614501953125
PeMS08,1552,6,0.857086181640625
PeMS08,1552,12,0.7802734375
PeMS08,1553,1,-0.1241912841796875
PeMS08,1553,6,0.398681640625
PeMS08,1553,12,0.7794342041015625
PeMS08,1554,1,0.03144073486328125
PeMS08,1554,6,-0.601043701171875
PeMS08,1554,12,-0.0294647216796875
PeMS08,1555,1,-0.030029296875
PeMS08,1555,6,1.3025360107421875
PeMS08,1555,12,0.6726608276367188
PeMS08,1556,1,-0.1364898681640625
PeMS08,1556,6,0.236541748046875
PeMS08,1556,12,1.396636962890625
PeMS08,1557,1,-0.7589111328125
PeMS08,1557,6,0.0033416748046875
PeMS08,1557,12,-0.068634033203125
PeMS08,1558,1,-0.1181488037109375
PeMS08,1558,6,0.221832275390625
PeMS08,1558,12,0.8936767578125
PeMS08,1559,1,-0.6560821533203125
PeMS08,1559,6,0.419830322265625
PeMS08,1559,12,-0.1778717041015625
PeMS08,1560,1,-0.43780517578125
PeMS08,1560,6,0.2494049072265625
PeMS08,1560,12,-0.406890869140625
PeMS08,1561,1,-1.3384857177734375
PeMS08,1561,6,0.7628936767578125
PeMS08,1561,12,2.5516357421875
PeMS08,1562,1,0.158782958984375
PeMS08,1562,6,1.016815185546875
PeMS08,1562,12,1.27520751953125
PeMS08,1563,1,0.23858642578125
PeMS08,1563,6,0.109222412109375
PeMS08,1563,12,1.7655029296875
PeMS08,1564,1,1.34918212890625
PeMS08,1564,6,0.54986572265625
PeMS08,1564,12,0.911102294921875
PeMS08,1565,1,-0.1674346923828125
PeMS08,1565,6,-0.46953582763671875
PeMS08,1565,12,0.6179046630859375
PeMS08,1566,1,0.60662841796875
PeMS08,1566,6,-0.4579620361328125
PeMS08,1566,12,0.797882080078125
PeMS08,1567,1,0.3507537841796875
PeMS08,1567,6,0.57916259765625
PeMS08,1567,12,1.0560760498046875
PeMS08,1568,1,0.1796112060546875
PeMS08,1568,6,0.41349029541015625
PeMS08,1568,12,1.0404815673828125
PeMS08,1569,1,-0.01739501953125
PeMS08,1569,6,0.97314453125
PeMS08,1569,12,0.65350341796875
PeMS08,1570,1,-0.608489990234375
PeMS08,1570,6,1.73382568359375
PeMS08,1570,12,1.577239990234375
PeMS08,1571,1,-0.16729736328125
PeMS08,1571,6,0.5401763916015625
PeMS08,1571,12,0.0213470458984375
PeMS08,1572,1,0.820068359375
PeMS08,1572,6,0.689666748046875
PeMS08,1572,12,1.7664031982421875
PeMS08,1573,1,0.834014892578125
PeMS08,1573,6,0.42322540283203125
PeMS08,1573,12,0.6526947021484375
PeMS08,1574,1,1.3828125
PeMS08,1574,6,1.1796989440917969
PeMS08,1574,12,1.83392333984375
PeMS08,1575,1,0.5335540771484375
PeMS08,1575,6,0.0138702392578125
PeMS08,1575,12,1.483917236328125
PeMS08,1576,1,0.12689208984375
PeMS08,1576,6,0.04815673828125
PeMS08,1576,12,1.0781707763671875
PeMS08,1577,1,0.2584991455078125
PeMS08,1577,6,0.193389892578125
PeMS08,1577,12,1.1501312255859375
PeMS08,1578,1,0.0198211669921875
PeMS08,1578,6,-0.143951416015625
PeMS08,1578,12,1.594482421875
PeMS08,1579,1,-0.179473876953125
PeMS08,1579,6,0.2621307373046875
PeMS08,1579,12,1.0199661254882812
PeMS08,1580,1,0.3181915283203125
PeMS08,1580,6,0.2830047607421875
PeMS08,1580,12,0.815460205078125
PeMS08,1581,1,-0.07513427734375
PeMS08,1581,6,0.7508087158203125
PeMS08,1581,12,-0.9564590454101562
PeMS08,1582,1,0.74578857421875
PeMS08,1582,6,0.152557373046875
PeMS08,1582,12,0.7588958740234375
PeMS08,1583,1,-0.7598648071289062
PeMS08,1583,6,0.298126220703125
PeMS08,1583,12,1.31048583984375
PeMS08,1584,1,0.5185394287109375
PeMS08,1584,6,0.309967041015625
PeMS08,1584,12,0.3322601318359375
PeMS08,1585,1,0.546600341796875
PeMS08,1585,6,-0.13653564453125
PeMS08,1585,12,1.0216217041015625
PeMS08,1586,1,0.890960693359375
PeMS08,1586,6,-0.47934722900390625
PeMS08,1586,12,-0.19805145263671875
PeMS08,1587,1,1.1318359375
PeMS08,1587,6,-1.660308837890625
PeMS08,1587,12,-1.094696044921875
PeMS08,1588,1,0.0434417724609375
PeMS08,1588,6,-2.2845458984375
PeMS08,1588,12,-2.0158538818359375
PeMS08,1589,1,-0.39923095703125
PeMS08,1589,6,-0.6764678955078125
PeMS08,1589,12,-0.439453125
PeMS08,1590,1,-1.3120269775390625
PeMS08,1590,6,-0.385009765625
PeMS08,1590,12,-0.178924560546875
PeMS08,1591,1,0.8678131103515625
PeMS08,1591,6,0.2544708251953125
PeMS08,1591,12,0.139984130859375
PeMS08,1592,1,-0.102203369140625
PeMS08,1592,6,0.2886810302734375
PeMS08,1592,12,0.443267822265625
PeMS08,1593,1,-0.200531005859375
PeMS08,1593,6,-0.62762451171875
PeMS08,1593,12,1.40301513671875
PeMS08,1594,1,0.373626708984375
PeMS08,1594,6,0.68804931640625
PeMS08,1594,12,1.128204345703125
PeMS08,1595,1,-0.5814208984375
PeMS08,1595,6,-0.1963043212890625
PeMS08,1595,12,-0.7195510864257812
PeMS08,1596,1,-0.336517333984375
PeMS08,1596,6,0.315704345703125
PeMS08,1596,12,-0.1952056884765625
PeMS08,1597,1,-0.35284423828125
PeMS08,1597,6,-0.44451904296875
PeMS08,1597,12,5.0877685546875
PeMS08,1598,1,0.2290496826171875
PeMS08,1598,6,-0.390533447265625
PeMS08,1598,12,2.4784317016601562
PeMS08,1599,1,-0.071990966796875
PeMS08,1599,6,0.6197052001953125
PeMS08,1599,12,1.3858566284179688
PeMS08,1600,1,-0.5224609375
PeMS08,1600,6,0.97064208984375
PeMS08,1600,12,1.3230438232421875
PeMS08,1601,1,0.0841522216796875
PeMS08,1601,6,-1.5001220703125
PeMS08,1601,12,0.7114982604980469
PeMS08,1602,1,-1.0499267578125
PeMS08,1602,6,-0.437255859375
PeMS08,1602,12,-0.087493896484375
PeMS08,1603,1,-0.87371826171875
PeMS08,1603,6,2.603973388671875
PeMS08,1603,12,2.1454086303710938
PeMS08,1604,1,0.6302947998046875
PeMS08,1604,6,0.535003662109375
PeMS08,1604,12,3.4160385131835938
PeMS08,1605,1,-0.944427490234375
PeMS08,1605,6,1.1951828002929688
PeMS08,1605,12,3.0383224487304688
PeMS08,1606,1,-0.642730712890625
PeMS08,1606,6,0.986419677734375
PeMS08,1606,12,2.73760986328125
PeMS08,1607,1,-0.1068878173828125
PeMS08,1607,6,2.010284423828125
PeMS08,1607,12,3.3562698364257812
PeMS08,1608,1,1.88970947265625
PeMS08,1608,6,1.0787887573242188
PeMS08,1608,12,4.0384521484375
PeMS08,1609,1,-0.072265625
PeMS08,1609,6,1.2625579833984375
PeMS08,1609,12,7.7547454833984375
PeMS08,1610,1,0.45261383056640625
PeMS08,1610,6,2.4546356201171875
PeMS08,1610,12,2.9909210205078125
PeMS08,1611,1,0.4357185363769531
PeMS08,1611,6,1.3796615600585938
PeMS08,1611,12,3.5164718627929688
PeMS08,1612,1,0.765380859375
PeMS08,1612,6,1.2623100280761719
PeMS08,1612,12,1.1145553588867188
PeMS08,1613,1,-0.987762451171875
PeMS08,1613,6,0.47452545166015625
PeMS08,1613,12,0.3575439453125
PeMS08,1614,1,-0.3011627197265625
PeMS08,1614,6,1.9952659606933594
PeMS08,1614,12,0.5791778564453125
PeMS08,1615,1,0.8780288696289062
PeMS08,1615,6,3.3554458618164062
PeMS08,1615,12,1.8837890625
PeMS08,1616,1,0.32839202880859375
PeMS08,1616,6,0.754150390625
PeMS08,1616,12,-1.3394241333007812
PeMS08,1617,1,-0.019214630126953125
PeMS08,1617,6,1.2277603149414062
PeMS08,1617,12,-1.4279594421386719
PeMS08,1618,1,-0.21115875244140625
PeMS08,1618,6,0.36163330078125
PeMS08,1618,12,0.467315673828125
PeMS08,1619,1,0.0153045654296875
PeMS08,1619,6,-0.292083740234375
PeMS08,1619,12,0.16121673583984375
PeMS08,1620,1,1.5407981872558594
PeMS08,1620,6,-0.0207977294921875
PeMS08,1620,12,0.1502227783203125
PeMS08,1621,1,-0.4800872802734375
PeMS08,1621,6,-0.055755615234375
PeMS08,1621,12,0.81036376953125
PeMS08,1622,1,0.856353759765625
PeMS08,1622,6,-0.632476806640625
PeMS08,1622,12,-1.744842529296875
PeMS08,1623,1,-0.35797119140625
PeMS08,1623,6,-0.287261962890625
PeMS08,1623,12,-0.3388671875
PeMS08,1624,1,-0.060546875
PeMS08,1624,6,1.3022918701171875
PeMS08,1624,12,1.0021514892578125
PeMS08,1625,1,-0.0126495361328125
PeMS08,1625,6,0.5297088623046875
PeMS08,1625,12,0.009185791015625
PeMS08,1626,1,-0.182952880859375
PeMS08,1626,6,-0.3929443359375
PeMS08,1626,12,-2.471771240234375
PeMS08,1627,1,-0.929931640625
PeMS08,1627,6,0.064605712890625
PeMS08,1627,12,-1.3251113891601562
PeMS08,1628,1,-0.484344482421875
PeMS08,1628,6,-1.1139144897460938
PeMS08,1628,12,-0.5850677490234375
PeMS08,1629,1,1.0015716552734375
PeMS08,1629,6,0.49200439453125
PeMS08,1629,12,1.3064994812011719
PeMS08,1630,1,0.4445915222167969
PeMS08,1630,6,-0.749786376953125
PeMS08,1630,12,1.3228759765625
PeMS08,1631,1,-0.5816268920898438
PeMS08,1631,6,-0.118194580078125
PeMS08,1631,12,1.4904937744140625
PeMS08,1632,1,-0.5034942626953125
PeMS08,1632,6,-1.2334442138671875
PeMS08,1632,12,-2.6040496826171875
PeMS08,1633,1,-0.38849639892578125
PeMS08,1633,6,-2.7976913452148438
PeMS08,1633,12,-0.6754302978515625
PeMS08,1634,1,-0.44403076171875
PeMS08,1634,6,-1.7294158935546875
PeMS08,1634,12,0.854217529296875
PeMS08,1635,1,-1.1447296142578125
PeMS08,1635,6,0.0567474365234375
PeMS08,1635,12,0.4268646240234375
PeMS08,1636,1,0.19130706787109375
PeMS08,1636,6,0.8744125366210938
PeMS08,1636,12,0.92431640625
PeMS08,1637,1,-1.3639068603515625
PeMS08,1637,6,0.1128997802734375
PeMS08,1637,12,0.8854827880859375
PeMS08,1638,1,-0.7679595947265625
PeMS08,1638,6,-0.015472412109375
PeMS08,1638,12,1.4084396362304688
PeMS08,1639,1,-0.395721435546875
PeMS08,1639,6,0.4774169921875
PeMS08,1639,12,2.32476806640625
PeMS08,1640,1,-0.47338104248046875
PeMS08,1640,6,1.388519287109375
PeMS08,1640,12,2.439483642578125
PeMS08,1641,1,0.8240203857421875
PeMS08,1641,6,1.152252197265625
PeMS08,1641,12,2.0363006591796875
PeMS08,1642,1,-0.1985626220703125
PeMS08,1642,6,0.520965576171875
PeMS08,1642,12,2.6097640991210938
PeMS08,1643,1,0.82501220703125
PeMS08,1643,6,0.8890228271484375
PeMS08,1643,12,0.9129486083984375
PeMS08,1644,1,0.8539810180664062
PeMS08,1644,6,1.0312347412109375
PeMS08,1644,12,2.2815017700195312
PeMS08,1645,1,0.9834518432617188
PeMS08,1645,6,1.5789947509765625
PeMS08,1645,12,1.699859619140625
PeMS08,1646,1,-0.856048583984375
PeMS08,1646,6,0.6394500732421875
PeMS08,1646,12,1.4047622680664062
PeMS08,1647,1,0.7469863891601562
PeMS08,1647,6,0.78778076171875
PeMS08,1647,12,1.7572174072265625
PeMS08,1648,1,-0.3356781005859375
PeMS08,1648,6,0.3758544921875
PeMS08,1648,12,1.276336669921875
PeMS08,1649,1,-0.449615478515625
PeMS08,1649,6,-1.0898056030273438
PeMS08,1649,12,-0.17913818359375
PeMS08,1650,1,0.251556396484375
PeMS08,1650,6,-0.48897552490234375
PeMS08,1650,12,0.07343292236328125
PeMS08,1651,1,0.1156158447265625
PeMS08,1651,6,0.432647705078125
PeMS08,1651,12,1.801483154296875
PeMS08,1652,1,0.9486923217773438
PeMS08,1652,6,0.27764892578125
PeMS08,1652,12,-0.8168106079101562
PeMS08,1653,1,-0.6352996826171875
PeMS08,1653,6,-0.24660491943359375
PeMS08,1653,12,-0.902557373046875
PeMS08,1654,1,-0.18744659423828125
PeMS08,1654,6,-0.15386962890625
PeMS08,1654,12,-1.1845550537109375
PeMS08,1655,1,-0.02147674560546875
PeMS08,1655,6,0.007232666015625
PeMS08,1655,12,0.6486434936523438
PeMS08,1656,1,0.7539291381835938
PeMS08,1656,6,-0.3606109619140625
PeMS08,1656,12,0.456787109375
PeMS08,1657,1,-0.5026092529296875
PeMS08,1657,6,-0.147705078125
PeMS08,1657,12,-0.3485107421875
PeMS08,1658,1,-0.5246429443359375
PeMS08,1658,6,0.31340789794921875
PeMS08,1658,12,0.3074836730957031
PeMS08,1659,1,0.394378662109375
PeMS08,1659,6,-0.32242584228515625
PeMS08,1659,12,-0.200531005859375
PeMS08,1660,1,-0.19390106201171875
PeMS08,1660,6,-0.3046760559082031
PeMS08,1660,12,-0.5400848388671875
PeMS08,1661,1,-0.78826904296875
PeMS08,1661,6,0.776763916015625
PeMS08,1661,12,0.805389404296875
PeMS08,1662,1,0.397186279296875
PeMS08,1662,6,1.12347412109375
PeMS08,1662,12,1.7055816650390625
PeMS08,1663,1,-0.24684524536132812
PeMS08,1663,6,0.7109603881835938
PeMS08,1663,12,0.406036376953125
PeMS08,1664,1,0.28786468505859375
PeMS08,1664,6,0.5319557189941406
PeMS08,1664,12,0.9117202758789062
PeMS08,1665,1,0.1702117919921875
PeMS08,1665,6,0.601837158203125
PeMS08,1665,12,1.6911697387695312
PeMS08,1666,1,-0.0776824951171875
PeMS08,1666,6,0.28025054931640625
PeMS08,1666,12,2.0299072265625
PeMS08,1667,1,1.2214813232421875
PeMS08,1667,6,0.390228271484375
PeMS08,1667,12,1.3581085205078125
PeMS08,1668,1,0.85321044921875
PeMS08,1668,6,0.123779296875
PeMS08,1668,12,1.6053314208984375
PeMS08,1669,1,0.05297088623046875
PeMS08,1669,6,0.31584930419921875
PeMS08,1669,12,1.1239166259765625
PeMS08,1670,1,0.380767822265625
PeMS08,1670,6,-0.316680908203125
PeMS08,1670,12,1.8801727294921875
PeMS08,1671,1,0.0592803955078125
PeMS08,1671,6,0.9383773803710938
PeMS08,1671,12,1.7167816162109375
PeMS08,1672,1,0.955413818359375
PeMS08,1672,6,0.64422607421875
PeMS08,1672,12,0.603179931640625
PeMS08,1673,1,0.802154541015625
PeMS08,1673,6,0.4845428466796875
PeMS08,1673,12,0.500946044921875
PeMS08,1674,1,0.3817291259765625
PeMS08,1674,6,0.21366119384765625
PeMS08,1674,12,0.88543701171875
PeMS08,1675,1,0.1809539794921875
PeMS08,1675,6,1.2780380249023438
PeMS08,1675,12,2.614227294921875
PeMS08,1676,1,1.1654205322265625
PeMS08,1676,6,1.0795135498046875
PeMS08,1676,12,2.0190658569335938
PeMS08,1677,1,0.6996841430664062
PeMS08,1677,6,0.3587646484375
PeMS08,1677,12,1.2509002685546875
PeMS08,1678,1,0.1737518310546875
PeMS08,1678,6,0.3544769287109375
PeMS08,1678,12,1.0912017822265625
PeMS08,1679,1,0.34107208251953125
PeMS08,1679,6,0.31520843505859375
PeMS08,1679,12,0.7472457885742188
PeMS08,1680,1,-0.276336669921875
PeMS08,1680,6,0.4185333251953125
PeMS08,1680,12,0.8848114013671875
PeMS08,1681,1,0.6240234375
PeMS08,1681,6,0.256500244140625
PeMS08,1681,12,0.7127838134765625
PeMS08,1682,1,0.088714599609375
PeMS08,1682,6,0.386383056640625
PeMS08,1682,12,0.404327392578125
PeMS08,1683,1,-0.0619659423828125
PeMS08,1683,6,0.310882568359375
PeMS08,1683,12,0.61199951171875
PeMS08,1684,1,-0.160064697265625
PeMS08,1684,6,0.0709381103515625
PeMS08,1684,12,0.45806884765625
PeMS08,1685,1,0.5048370361328125
PeMS08,1685,6,0.3846282958984375
PeMS08,1685,12,0.9504776000976562
PeMS08,1686,1,0.5146484375
PeMS08,1686,6,0.7541847229003906
PeMS08,1686,12,1.4939422607421875
PeMS08,1687,1,0.4785919189453125
PeMS08,1687,6,0.8406295776367188
PeMS08,1687,12,0.21905517578125
PeMS08,1688,1,0.355255126953125
PeMS08,1688,6,0.35511016845703125
PeMS08,1688,12,0.957122802734375
PeMS08,1689,1,0.2310638427734375
PeMS08,1689,6,0.31237030029296875
PeMS08,1689,12,0.7472076416015625
PeMS08,1690,1,0.3120880126953125
PeMS08,1690,6,0.07073211669921875
PeMS08,1690,12,-0.11563873291015625
PeMS08,1691,1,0.12665176391601562
PeMS08,1691,6,0.19355010986328125
PeMS08,1691,12,-0.418914794921875
PeMS08,1692,1,0.5583953857421875
PeMS08,1692,6,-0.3072357177734375
PeMS08,1692,12,-0.7174301147460938
PeMS08,1693,1,0.21392822265625
PeMS08,1693,6,-0.0205841064453125
PeMS08,1693,12,-0.2593269348144531
PeMS08,1694,1,0.0343170166015625
PeMS08,1694,6,0.278411865234375
PeMS08,1694,12,0.0738372802734375
PeMS08,1695,1,0.096160888671875
PeMS08,1695,6,0.6265487670898438
PeMS08,1695,12,0.2901458740234375
PeMS08,1696,1,0.36524200439453125
PeMS08,1696,6,0.46491241455078125
PeMS08,1696,12,0.8743362426757812
PeMS08,1697,1,0.3911285400390625
PeMS08,1697,6,-0.3218231201171875
PeMS08,1697,12,0.6358642578125
PeMS08,1698,1,0.6500473022460938
PeMS08,1698,6,-0.1150054931640625
PeMS08,1698,12,0.8393325805664062
PeMS08,1699,1,-0.171478271484375
PeMS08,1699,6,0.06829833984375
PeMS08,1699,12,0.7601394653320312
PeMS08,1700,1,1.2914085388183594
PeMS08,1700,6,0.375030517578125
PeMS08,1700,12,0.7034149169921875
PeMS08,1701,1,0.6332855224609375
PeMS08,1701,6,-0.2143707275390625
PeMS08,1701,12,-0.35037994384765625
PeMS08,1702,1,-0.059051513671875
PeMS08,1702,6,0.8344879150390625
PeMS08,1702,12,1.8443145751953125
PeMS08,1703,1,0.3451995849609375
PeMS08,1703,6,0.0109405517578125
PeMS08,1703,12,1.0841522216796875
PeMS08,1704,1,-0.4225807189941406
PeMS08,1704,6,0.35836029052734375
PeMS08,1704,12,2.34375
PeMS08,1705,1,-0.177978515625
PeMS08,1705,6,0.23583984375
PeMS08,1705,12,0.8910980224609375
PeMS08,1706,1,-0.4664764404296875
PeMS08,1706,6,0.2560577392578125
PeMS08,1706,12,0.9193267822265625
PeMS08,1707,1,-0.07360076904296875
PeMS08,1707,6,0.5985107421875
PeMS08,1707,12,1.6417465209960938
PeMS08,1708,1,0.163238525390625
PeMS08,1708,6,0.819183349609375
PeMS08,1708,12,1.6358642578125
PeMS08,1709,1,0.8212814331054688
PeMS08,1709,6,0.7339019775390625
PeMS08,1709,12,1.1446533203125
PeMS08,1710,1,0.38024139404296875
PeMS08,1710,6,0.456756591796875
PeMS08,1710,12,0.5529861450195312
PeMS08,1711,1,-0.2327423095703125
PeMS08,1711,6,0.777496337890625
PeMS08,1711,12,0.985137939453125
PeMS08,1712,1,0.49930572509765625
PeMS08,1712,6,1.1530532836914062
PeMS08,1712,12,1.2270965576171875
PeMS08,1713,1,0.82757568359375
PeMS08,1713,6,0.9166374206542969
PeMS08,1713,12,0.9726715087890625
PeMS08,1714,1,1.0265960693359375
PeMS08,1714,6,0.871917724609375
PeMS08,1714,12,0.5634689331054688
PeMS08,1715,1,0.084320068359375
PeMS08,1715,6,0.2342681884765625
PeMS08,1715,12,0.217620849609375
PeMS08,1716,1,-0.16725921630859375
PeMS08,1716,6,-0.12598419189453125
PeMS08,1716,12,-0.43341827392578125
PeMS08,1717,1,0.189666748046875
PeMS08,1717,6,0.6303253173828125
PeMS08,1717,12,1.3903427124023438
PeMS08,1718,1,0.5787734985351562
PeMS08,1718,6,0.30400848388671875
PeMS08,1718,12,0.632354736328125
PeMS08,1719,1,0.197479248046875
PeMS08,1719,6,-0.3203887939453125
PeMS08,1719,12,-0.7469024658203125
PeMS08,1720,1,0.0579681396484375
PeMS08,1720,6,0.43199920654296875
PeMS08,1720,12,0.51263427734375
PeMS08,1721,1,-0.44423675537109375
PeMS08,1721,6,0.165191650390625
PeMS08,1721,12,0.8992385864257812
PeMS08,1722,1,0.3638458251953125
PeMS08,1722,6,0.02118682861328125
PeMS08,1722,12,1.8416061401367188
PeMS08,1723,1,-0.18762969970703125
PeMS08,1723,6,-0.21973419189453125
PeMS08,1723,12,-0.2556610107421875
PeMS08,1724,1,-0.7573394775390625
PeMS08,1724,6,-0.23081207275390625
PeMS08,1724,12,-0.0525970458984375
PeMS08,1725,1,-0.4730987548828125
PeMS08,1725,6,-0.6391143798828125
PeMS08,1725,12,0.8597259521484375
PeMS08,1726,1,0.38875579833984375
PeMS08,1726,6,0.12801742553710938
PeMS08,1726,12,-0.76312255859375
PeMS08,1727,1,-0.47385406494140625
PeMS08,1727,6,-0.47735595703125
PeMS08,1727,12,-0.32886505126953125
PeMS08,1728,1,-0.04480743408203125
PeMS08,1728,6,-0.09975433349609375
PeMS08,1728,12,-1.4510498046875
PeMS08,1729,1,-0.2030029296875
PeMS08,1729,6,-0.39247894287109375
PeMS08,1729,12,-1.23822021484375
PeMS08,1730,1,-0.26922607421875
PeMS08,1730,6,0.11260986328125
PeMS08,1730,12,-1.1198806762695312
PeMS08,1731,1,0.05680084228515625
PeMS08,1731,6,0.4881439208984375
PeMS08,1731,12,-0.7404518127441406
PeMS08,1732,1,0.1138763427734375
PeMS08,1732,6,-0.573333740234375
PeMS08,1732,12,-1.442718505859375
PeMS08,1733,1,-0.0339202880859375
PeMS08,1733,6,-0.20398712158203125
PeMS08,1733,12,-0.186309814453125
PeMS08,1734,1,-0.01134490966796875
PeMS08,1734,6,-1.0630035400390625
PeMS08,1734,12,0.0181427001953125
PeMS08,1735,1,0.249908447265625
PeMS08,1735,6,0.04326629638671875
PeMS08,1735,12,-0.2221832275390625
PeMS08,1736,1,0.5647430419921875
PeMS08,1736,6,-1.8490982055664062
PeMS08,1736,12,-1.5162200927734375
PeMS08,1737,1,-0.65069580078125
PeMS08,1737,6,-1.1430435180664062
PeMS08,1737,12,-1.7702407836914062
PeMS08,1738,1,-0.6572113037109375
PeMS08,1738,6,-0.62738037109375
PeMS08,1738,12,-0.6495513916015625
PeMS08,1739,1,-0.3461151123046875
PeMS08,1739,6,-0.8288345336914062
PeMS08,1739,12,-0.352294921875
PeMS08,1740,1,-0.0418701171875
PeMS08,1740,6,-0.9114990234375
PeMS08,1740,12,0.2295379638671875
PeMS08,1741,1,-1.1243743896484375
PeMS08,1741,6,0.3160400390625
PeMS08,1741,12,-0.7153472900390625
PeMS08,1742,1,0.18743133544921875
PeMS08,1742,6,-0.6281356811523438
PeMS08,1742,12,0.055938720703125
PeMS08,1743,1,-0.9419784545898438
PeMS08,1743,6,-0.541046142578125
PeMS08,1743,12,1.0875244140625
PeMS08,1744,1,-1.1585693359375
PeMS08,1744,6,-0.4034576416015625
PeMS08,1744,12,1.4660263061523438
PeMS08,1745,1,-0.6390762329101562
PeMS08,1745,6,-0.0786590576171875
PeMS08,1745,12,2.68701171875
PeMS08,1746,1,-0.57574462890625
PeMS08,1746,6,0.12943267822265625
PeMS08,1746,12,1.9278717041015625
PeMS08,1747,1,0.47064208984375
PeMS08,1747,6,0.958251953125
PeMS08,1747,12,0.6058578491210938
PeMS08,1748,1,-0.36992645263671875
PeMS08,1748,6,0.5346221923828125
PeMS08,1748,12,-1.2435302734375
PeMS08,1749,1,1.3460693359375
PeMS08,1749,6,0.92779541015625
PeMS08,1749,12,1.4468917846679688
PeMS08,1750,1,-0.215728759765625
PeMS08,1750,6,0.5485610961914062
PeMS08,1750,12,5.4187774658203125
PeMS08,1751,1,1.0572738647460938
PeMS08,1751,6,2.071502685546875
PeMS08,1751,12,1.4778213500976562
PeMS08,1752,1,-0.9134750366210938
PeMS08,1752,6,1.7169113159179688
PeMS08,1752,12,1.3752593994140625
PeMS08,1753,1,0.05608367919921875
PeMS08,1753,6,0.1516876220703125
PeMS08,1753,12,1.0525436401367188
PeMS08,1754,1,1.2113418579101562
PeMS08,1754,6,-0.497467041015625
PeMS08,1754,12,1.0002059936523438
PeMS08,1755,1,-0.0531768798828125
PeMS08,1755,6,0.814697265625
PeMS08,1755,12,0.48645782470703125
PeMS08,1756,1,0.7168197631835938
PeMS08,1756,6,3.7212066650390625
PeMS08,1756,12,-0.2870330810546875
PeMS08,1757,1,-0.03855133056640625
PeMS08,1757,6,-0.048828125
PeMS08,1757,12,0.5765419006347656
PeMS08,1758,1,-0.28424835205078125
PeMS08,1758,6,-0.50994873046875
PeMS08,1758,12,0.451934814453125
PeMS08,1759,1,0.3531341552734375
PeMS08,1759,6,0.16500091552734375
PeMS08,1759,12,0.38175201416015625
PeMS08,1760,1,-0.3410797119140625
PeMS08,1760,6,0.41518402099609375
PeMS08,1760,12,0.425933837890625
PeMS08,1761,1,1.0389404296875
PeMS08,1761,6,0.1220245361328125
PeMS08,1761,12,2.2205581665039062
PeMS08,1762,1,-0.1619873046875
PeMS08,1762,6,-1.3323822021484375
PeMS08,1762,12,-1.5318984985351562
PeMS08,1763,1,0.05328369140625
PeMS08,1763,6,-0.48987579345703125
PeMS08,1763,12,0.4155120849609375
PeMS08,1764,1,0.10637664794921875
PeMS08,1764,6,-0.31124114990234375
PeMS08,1764,12,-0.5247154235839844
PeMS08,1765,1,0.4473114013671875
PeMS08,1765,6,0.323516845703125
PeMS08,1765,12,0.22098541259765625
PeMS08,1766,1,-0.8299102783203125
PeMS08,1766,6,-0.37969207763671875
PeMS08,1766,12,-0.541107177734375
PeMS08,1767,1,-0.7424392700195312
PeMS08,1767,6,-0.0711212158203125
PeMS08,1767,12,-0.00751495361328125
PeMS08,1768,1,0.175445556640625
PeMS08,1768,6,-0.48480987548828125
PeMS08,1768,12,0.1285247802734375
PeMS08,1769,1,-2.116973876953125
PeMS08,1769,6,-0.3557586669921875
PeMS08,1769,12,-0.5596694946289062
PeMS08,1770,1,0.5575103759765625
PeMS08,1770,6,-0.7429046630859375
PeMS08,1770,12,0.079803466796875
PeMS08,1771,1,-0.9015121459960938
PeMS08,1771,6,-0.1336669921875
PeMS08,1771,12,-0.610870361328125
PeMS08,1772,1,-0.29174041748046875
PeMS08,1772,6,0.020782470703125
PeMS08,1772,12,0.9910469055175781
PeMS08,1773,1,-0.969757080078125
PeMS08,1773,6,-0.012332916259765625
PeMS08,1773,12,0.6933441162109375
PeMS08,1774,1,0.2988739013671875
PeMS08,1774,6,0.0426788330078125
PeMS08,1774,12,0.8129119873046875
PeMS08,1775,1,0.309173583984375
PeMS08,1775,6,0.5803070068359375
PeMS08,1775,12,-0.5557403564453125
PeMS08,1776,1,-0.3697662353515625
PeMS08,1776,6,-0.562835693359375
PeMS08,1776,12,-0.319183349609375
PeMS08,1777,1,-0.7955780029296875
PeMS08,1777,6,-1.2062759399414062
PeMS08,1777,12,-0.6790771484375
PeMS08,1778,1,-0.193450927734375
PeMS08,1778,6,-0.291473388671875
PeMS08,1778,12,-1.5845718383789062
PeMS08,1779,1,-0.5603485107421875
PeMS08,1779,6,-0.6236724853515625
PeMS08,1779,12,-0.865814208984375
PeMS08,1780,1,0.893524169921875
PeMS08,1780,6,0.01601409912109375
PeMS08,1780,12,-0.7595748901367188
PeMS08,1781,1,-0.8608627319335938
PeMS08,1781,6,-0.088714599609375
PeMS08,1781,12,0.998291015625
PeMS08,1782,1,-1.8311767578125
PeMS08,1782,6,-0.45782470703125
PeMS08,1782,12,-0.34273529052734375
PeMS08,1783,1,-0.5195770263671875
PeMS08,1783,6,-0.2376251220703125
PeMS08,1783,12,0.07303619384765625
PeMS08,1784,1,-0.1421356201171875
PeMS08,1784,6,-0.18988037109375
PeMS08,1784,12,-0.3515167236328125
PeMS08,1785,1,-0.7445526123046875
PeMS08,1785,6,-0.4056396484375
PeMS08,1785,12,-0.3299560546875
PeMS08,1786,1,0.5864028930664062
PeMS08,1786,6,-0.23270416259765625
PeMS08,1786,12,0.361663818359375
PeMS08,1787,1,0.46225738525390625
PeMS08,1787,6,-0.2740325927734375
PeMS08,1787,12,-0.16452789306640625
PeMS08,1788,1,0.4004974365234375
PeMS08,1788,6,-0.6238174438476562
PeMS08,1788,12,-2.528106689453125
PeMS08,1789,1,0.060943603515625
PeMS08,1789,6,0.254730224609375
PeMS08,1789,12,-0.06923675537109375
PeMS08,1790,1,0.002777099609375
PeMS08,1790,6,-0.32183074951171875
PeMS08,1790,12,-1.5299758911132812
PeMS08,1791,1,0.1873016357421875
PeMS08,1791,6,-0.2655029296875
PeMS08,1791,12,-0.381866455078125
PeMS08,1792,1,-1.1326522827148438
PeMS08,1792,6,-0.2872161865234375
PeMS08,1792,12,-0.979278564453125
PeMS08,1793,1,0.3734588623046875
PeMS08,1793,6,-0.415130615234375
PeMS08,1793,12,0.571533203125
PeMS08,1794,1,-0.5930633544921875
PeMS08,1794,6,-0.9920654296875
PeMS08,1794,12,0.1661376953125
PeMS08,1795,1,-0.8759574890136719
PeMS08,1795,6,-0.15814208984375
PeMS08,1795,12,-0.17229461669921875
PeMS08,1796,1,-0.192535400390625
PeMS08,1796,6,-0.3033447265625
PeMS08,1796,12,-0.30364990234375
PeMS08,1797,1,0.0625457763671875
PeMS08,1797,6,-0.5599365234375
PeMS08,1797,12,-0.42596435546875
PeMS08,1798,1,-0.4022674560546875
PeMS08,1798,6,-0.48149871826171875
PeMS08,1798,12,0.236297607421875
PeMS08,1799,1,-0.47028350830078125
PeMS08,1799,6,-0.01336669921875
PeMS08,1799,12,0.486785888671875
PeMS08,1800,1,-0.2052001953125
PeMS08,1800,6,0.2158203125
PeMS08,1800,12,0.4265594482421875
PeMS08,1801,1,-0.0073394775390625
PeMS08,1801,6,-0.072967529296875
PeMS08,1801,12,0.14311981201171875
PeMS08,1802,1,-0.2745208740234375
PeMS08,1802,6,0.4505462646484375
PeMS08,1802,12,1.0988311767578125
PeMS08,1803,1,0.1318511962890625
PeMS08,1803,6,0.5796890258789062
PeMS08,1803,12,0.7457046508789062
PeMS08,1804,1,0.734344482421875
PeMS08,1804,6,0.93695068359375
PeMS08,1804,12,0.51239013671875
PeMS08,1805,1,1.2640380859375
PeMS08,1805,6,0.728302001953125
PeMS08,1805,12,0.5100936889648438
PeMS08,1806,1,0.082733154296875
PeMS08,1806,6,0.15423583984375
PeMS08,1806,12,0.06931304931640625
PeMS08,1807,1,-0.045928955078125
PeMS08,1807,6,0.85028076171875
PeMS08,1807,12,-0.2064056396484375
PeMS08,1808,1,-0.1454010009765625
PeMS08,1808,6,0.65765380859375
PeMS08,1808,12,0.053924560546875
PeMS08,1809,1,-0.4350929260253906
PeMS08,1809,6,0.0570068359375
PeMS08,1809,12,1.1745986938476562
PeMS08,1810,1,-0.18609619140625
PeMS08,1810,6,-0.345977783203125
PeMS08,1810,12,0.28448486328125
PeMS08,1811,1,0.1953887939453125
PeMS08,1811,6,-0.5030288696289062
PeMS08,1811,12,0.3003082275390625
PeMS08,1812,1,-0.0296783447265625
PeMS08,1812,6,-0.10874176025390625
PeMS08,1812,12,1.4543914794921875
PeMS08,1813,1,0.32706451416015625
PeMS08,1813,6,-0.7746429443359375
PeMS08,1813,12,0.842620849609375
PeMS08,1814,1,-0.10205841064453125
PeMS08,1814,6,-0.437744140625
PeMS08,1814,12,0.12835693359375
PeMS08,1815,1,-0.52252197265625
PeMS08,1815,6,0.1904296875
PeMS08,1815,12,1.8631744384765625
PeMS08,1816,1,-0.48351287841796875
PeMS08,1816,6,-0.2199249267578125
PeMS08,1816,12,0.206329345703125
PeMS08,1817,1,-0.172332763671875
PeMS08,1817,6,0.41187286376953125
PeMS08,1817,12,0.84063720703125
PeMS08,1818,1,0.181884765625
PeMS08,1818,6,0.9661865234375
PeMS08,1818,12,0.4859619140625
PeMS08,1819,1,-0.14894866943359375
PeMS08,1819,6,0.61920166015625
PeMS08,1819,12,0.59149169921875
PeMS08,1820,1,0.4249725341796875
PeMS08,1820,6,-0.130126953125
PeMS08,1820,12,-0.173797607421875
PeMS08,1821,1,0.1895294189453125
PeMS08,1821,6,1.638641357421875
PeMS08,1821,12,0.41016387939453125
PeMS08,1822,1,0.31031036376953125
PeMS08,1822,6,0.131683349609375
PeMS08,1822,12,-0.5573272705078125
PeMS08,1823,1,0.64666748046875
PeMS08,1823,6,0.410430908203125
PeMS08,1823,12,-0.246978759765625
PeMS08,1824,1,1.0894775390625
PeMS08,1824,6,0.29022216796875
PeMS08,1824,12,-0.171722412109375
PeMS08,1825,1,0.05340576171875
PeMS08,1825,6,-0.057373046875
PeMS08,1825,12,0.889984130859375
PeMS08,1826,1,0.611328125
PeMS08,1826,6,-0.053497314453125
PeMS08,1826,12,0.26971435546875
PeMS08,1827,1,-0.20375823974609375
PeMS08,1827,6,-0.5645904541015625
PeMS08,1827,12,0.4694976806640625
PeMS08,1828,1,1.037506103515625
PeMS08,1828,6,-0.08685302734375
PeMS08,1828,12,0.371612548828125
PeMS08,1829,1,0.00321197509765625
PeMS08,1829,6,-0.1220703125
PeMS08,1829,12,-0.2793121337890625
PeMS08,1830,1,0.0868377685546875
PeMS08,1830,6,-0.0810089111328125
PeMS08,1830,12,-0.8427734375
PeMS08,1831,1,0.6298370361328125
PeMS08,1831,6,0.2718963623046875
PeMS08,1831,12,0.205963134765625
PeMS08,1832,1,-0.435089111328125
PeMS08,1832,6,0.06659698486328125
PeMS08,1832,12,-0.5350341796875
PeMS08,1833,1,0.1273345947265625
PeMS08,1833,6,-0.17047119140625
PeMS08,1833,12,0.410797119140625
PeMS08,1834,1,0.4408416748046875
PeMS08,1834,6,0.124908447265625
PeMS08,1834,12,0.381256103515625
PeMS08,1835,1,0.30035400390625
PeMS08,1835,6,-0.181396484375
PeMS08,1835,12,-0.1064605712890625
PeMS08,1836,1,0.6330413818359375
PeMS08,1836,6,-0.2297210693359375
PeMS08,1836,12,0.5714340209960938
PeMS08,1837,1,-0.43548583984375
PeMS08,1837,6,0.15301513671875
PeMS08,1837,12,0.3528289794921875
PeMS08,1838,1,-0.979034423828125
PeMS08,1838,6,-0.5973968505859375
PeMS08,1838,12,0.3297576904296875
PeMS08,1839,1,-0.167572021484375
PeMS08,1839,6,-0.2074737548828125
PeMS08,1839,12,0.08245849609375
PeMS08,1840,1,-0.1417388916015625
PeMS08,1840,6,-0.0961761474609375
PeMS08,1840,12,1.0699310302734375
PeMS08,1841,1,-0.7919158935546875
PeMS08,1841,6,-0.39666748046875
PeMS08,1841,12,-0.3387603759765625
PeMS08,1842,1,0.60125732421875
PeMS08,1842,6,-0.353240966796875
PeMS08,1842,12,0.4255218505859375
PeMS08,1843,1,0.13446044921875
PeMS08,1843,6,0.1241912841796875
PeMS08,1843,12,0.4046173095703125
PeMS08,1844,1,-0.6688232421875
PeMS08,1844,6,-0.256988525390625
PeMS08,1844,12,0.45679473876953125
PeMS08,1845,1,-0.286224365234375
PeMS08,1845,6,-0.2337188720703125
PeMS08,1845,12,-0.149200439453125
PeMS08,1846,1,-0.069915771484375
PeMS08,1846,6,0.935272216796875
PeMS08,1846,12,0.208251953125
PeMS08,1847,1,0.5972251892089844
PeMS08,1847,6,0.14471435546875
PeMS08,1847,12,0.057037353515625
PeMS08,1848,1,-0.349884033203125
PeMS08,1848,6,-0.2021636962890625
PeMS08,1848,12,-0.860992431640625
PeMS08,1849,1,0.6694183349609375
PeMS08,1849,6,0.02423095703125
PeMS08,1849,12,0.09383392333984375
PeMS08,1850,1,-0.817291259765625
PeMS08,1850,6,-0.72039794921875
PeMS08,1850,12,-0.603271484375
PeMS08,1851,1,0.28814697265625
PeMS08,1851,6,-0.2736358642578125
PeMS08,1851,12,-1.09600830078125
PeMS08,1852,1,-0.046844482421875
PeMS08,1852,6,-0.6191558837890625
PeMS08,1852,12,-0.05519866943359375
PeMS08,1853,1,-0.8102645874023438
PeMS08,1853,6,-0.5726318359375
PeMS08,1853,12,0.05425262451171875
PeMS08,1854,1,0.2818145751953125
PeMS08,1854,6,-0.2751922607421875
PeMS08,1854,12,0.5011215209960938
PeMS08,1855,1,-0.8210296630859375
PeMS08,1855,6,-0.4818572998046875
PeMS08,1855,12,1.3130340576171875
PeMS08,1856,1,0.0547332763671875
PeMS08,1856,6,0.02667236328125
PeMS08,1856,12,0.68890380859375
PeMS08,1857,1,-0.9996185302734375
PeMS08,1857,6,-0.484710693359375
PeMS08,1857,12,-0.6899566650390625
PeMS08,1858,1,0.2555999755859375
PeMS08,1858,6,-0.4689598083496094
PeMS08,1858,12,-0.405975341796875
PeMS08,1859,1,0.42189788818359375
PeMS08,1859,6,0.44915771484375
PeMS08,1859,12,0.087188720703125
PeMS08,1860,1,0.3134307861328125
PeMS08,1860,6,0.15576171875
PeMS08,1860,12,-0.542266845703125
PeMS08,1861,1,-0.344482421875
PeMS08,1861,6,0.6987152099609375
PeMS08,1861,12,-0.063995361328125
PeMS08,1862,1,-0.121856689453125
PeMS08,1862,6,0.435394287109375
PeMS08,1862,12,0.412750244140625
PeMS08,1863,1,0.4416656494140625
PeMS08,1863,6,0.7236328125
PeMS08,1863,12,1.8096466064453125
PeMS08,1864,1,0.48471832275390625
PeMS08,1864,6,0.177581787109375
PeMS08,1864,12,-0.364105224609375
PeMS08,1865,1,0.43807220458984375
PeMS08,1865,6,0.225341796875
PeMS08,1865,12,0.5718002319335938
PeMS08,1866,1,0.343475341796875
PeMS08,1866,6,0.2732391357421875
PeMS08,1866,12,0.278717041015625
PeMS08,1867,1,-0.15445709228515625
PeMS08,1867,6,0.2960662841796875
PeMS08,1867,12,0.686798095703125
PeMS08,1868,1,-0.114898681640625
PeMS08,1868,6,0.2453460693359375
PeMS08,1868,12,0.469085693359375
PeMS08,1869,1,-0.5666656494140625
PeMS08,1869,6,0.1301116943359375
PeMS08,1869,12,-1.5032196044921875
PeMS08,1870,1,-0.458526611328125
PeMS08,1870,6,-0.494903564453125
PeMS08,1870,12,-0.050975799560546875
PeMS08,1871,1,0.219329833984375
PeMS08,1871,6,-0.905181884765625
PeMS08,1871,12,-0.91619873046875
PeMS08,1872,1,0.9221038818359375
PeMS08,1872,6,-0.6001968383789062
PeMS08,1872,12,-0.48119354248046875
PeMS08,1873,1,0.048095703125
PeMS08,1873,6,-0.7917213439941406
PeMS08,1873,12,-2.30560302734375
PeMS08,1874,1,0.7464752197265625
PeMS08,1874,6,-0.24965667724609375
PeMS08,1874,12,-1.2129669189453125
PeMS08,1875,1,0.39825439453125
PeMS08,1875,6,-1.1105194091796875
PeMS08,1875,12,-1.1866531372070312
PeMS08,1876,1,-0.23553466796875
PeMS08,1876,6,-0.22948455810546875
PeMS08,1876,12,-0.4862213134765625
PeMS08,1877,1,-0.5930404663085938
PeMS08,1877,6,0.341064453125
PeMS08,1877,12,-0.660675048828125
PeMS08,1878,1,-0.8482398986816406
PeMS08,1878,6,-0.178131103515625
PeMS08,1878,12,-0.32108306884765625
PeMS08,1879,1,-0.903839111328125
PeMS08,1879,6,-0.83184814453125
PeMS08,1879,12,-0.812408447265625
PeMS08,1880,1,-1.3709716796875
PeMS08,1880,6,-0.32977294921875
PeMS08,1880,12,-0.7373428344726562
PeMS08,1881,1,-0.92120361328125
PeMS08,1881,6,-0.973846435546875
PeMS08,1881,12,-1.7537460327148438
PeMS08,1882,1,-0.2008056640625
PeMS08,1882,6,-0.6989517211914062
PeMS08,1882,12,-0.0235595703125
PeMS08,1883,1,-0.4417724609375
PeMS08,1883,6,0.5423202514648438
PeMS08,1883,12,0.9653549194335938
PeMS08,1884,1,-0.417388916015625
PeMS08,1884,6,0.67498779296875
PeMS08,1884,12,1.070953369140625
PeMS08,1885,1,-0.12706756591796875
PeMS08,1885,6,-0.15105438232421875
PeMS08,1885,12,0.38803863525390625
PeMS08,1886,1,-0.7988433837890625
PeMS08,1886,6,0.40308380126953125
PeMS08,1886,12,0.4734344482421875
PeMS08,1887,1,-0.115966796875
PeMS08,1887,6,0.30218505859375
PeMS08,1887,12,-0.34325408935546875
PeMS08,1888,1,0.6056900024414062
PeMS08,1888,6,-0.3480682373046875
PeMS08,1888,12,0.03244781494140625
PeMS08,1889,1,-0.10082244873046875
PeMS08,1889,6,0.73199462890625
PeMS08,1889,12,3.218536376953125
PeMS08,1890,1,-0.08740234375
PeMS08,1890,6,-0.12481689453125
PeMS08,1890,12,0.902587890625
PeMS08,1891,1,0.6470375061035156
PeMS08,1891,6,0.017547607421875
PeMS08,1891,12,1.103729248046875
PeMS08,1892,1,-0.37359619140625
PeMS08,1892,6,0.00124359130859375
PeMS08,1892,12,0.2390289306640625
PeMS08,1893,1,-0.46105194091796875
PeMS08,1893,6,0.6882171630859375
PeMS08,1893,12,1.7173309326171875
PeMS08,1894,1,2.7838134765625
PeMS08,1894,6,1.412994384765625
PeMS08,1894,12,1.3286590576171875
PeMS08,1895,1,-0.2806243896484375
PeMS08,1895,6,3.7123489379882812
PeMS08,1895,12,0.5659942626953125
PeMS08,1896,1,-0.0576934814453125
PeMS08,1896,6,1.858154296875
PeMS08,1896,12,0.6865921020507812
PeMS08,1897,1,-0.4841461181640625
PeMS08,1897,6,0.9990463256835938
PeMS08,1897,12,2.650238037109375
PeMS08,1898,1,0.11649322509765625
PeMS08,1898,6,0.04985809326171875
PeMS08,1898,12,1.2561798095703125
PeMS08,1899,1,0.10174942016601562
PeMS08,1899,6,0.172088623046875
PeMS08,1899,12,3.2106170654296875
PeMS08,1900,1,1.63055419921875
PeMS08,1900,6,0.5001678466796875
PeMS08,1900,12,1.9818267822265625
PeMS08,1901,1,1.018035888671875
PeMS08,1901,6,-0.1170501708984375
PeMS08,1901,12,1.8520355224609375
PeMS08,1902,1,-0.468109130859375
PeMS08,1902,6,0.5850372314453125
PeMS08,1902,12,0.49857330322265625
PeMS08,1903,1,-0.61114501953125
PeMS08,1903,6,0.508331298828125
PeMS08,1903,12,1.1889572143554688
PeMS08,1904,1,-0.43772125244140625
PeMS08,1904,6,0.21524810791015625
PeMS08,1904,12,4.301536560058594
PeMS08,1905,1,-0.11409759521484375
PeMS08,1905,6,0.38767242431640625
PeMS08,1905,12,3.918304443359375
PeMS08,1906,1,0.19133758544921875
PeMS08,1906,6,0.9778976440429688
PeMS08,1906,12,5.314300537109375
PeMS08,1907,1,0.173004150390625
PeMS08,1907,6,1.5139617919921875
PeMS08,1907,12,6.6639862060546875
PeMS08,1908,1,0.4433746337890625
PeMS08,1908,6,0.4311065673828125
PeMS08,1908,12,4.040626525878906
PeMS08,1909,1,0.9900436401367188
PeMS08,1909,6,0.5383987426757812
PeMS08,1909,12,3.4820022583007812
PeMS08,1910,1,0.6128692626953125
PeMS08,1910,6,1.9865951538085938
PeMS08,1910,12,1.8835525512695312
PeMS08,1911,1,-0.088714599609375
PeMS08,1911,6,0.911102294921875
PeMS08,1911,12,1.632781982421875
PeMS08,1912,1,0.8675994873046875
PeMS08,1912,6,1.7815093994140625
PeMS08,1912,12,-0.3004913330078125
PeMS08,1913,1,-0.2118682861328125
PeMS08,1913,6,3.5109176635742188
PeMS08,1913,12,0.27449798583984375
PeMS08,1914,1,0.5187911987304688
PeMS08,1914,6,0.1457061767578125
PeMS08,1914,12,0.08135986328125
PeMS08,1915,1,0.1520843505859375
PeMS08,1915,6,1.5875015258789062
PeMS08,1915,12,0.10500335693359375
PeMS08,1916,1,1.2552947998046875
PeMS08,1916,6,-0.39434051513671875
PeMS08,1916,12,-0.137939453125
PeMS08,1917,1,0.3323974609375
PeMS08,1917,6,-0.2606048583984375
PeMS08,1917,12,0.60650634765625
PeMS08,1918,1,1.047088623046875
PeMS08,1918,6,-0.7542266845703125
PeMS08,1918,12,0.6031646728515625
PeMS08,1919,1,-0.8572311401367188
PeMS08,1919,6,-0.58575439453125
PeMS08,1919,12,0.6230697631835938
PeMS08,1920,1,0.5855865478515625
PeMS08,1920,6,-0.8987045288085938
PeMS08,1920,12,-0.7035980224609375
PeMS08,1921,1,0.30892181396484375
PeMS08,1921,6,-1.8257102966308594
PeMS08,1921,12,-0.7133255004882812
PeMS08,1922,1,-0.27899169921875
PeMS08,1922,6,-1.390472412109375
PeMS08,1922,12,-0.6438446044921875
PeMS08,1923,1,-0.38629150390625
PeMS08,1923,6,-0.4786224365234375
PeMS08,1923,12,-1.75726318359375
PeMS08,1924,1,-0.16119384765625
PeMS08,1924,6,0.0435638427734375
PeMS08,1924,12,1.0632400512695312
PeMS08,1925,1,-0.8952789306640625
PeMS08,1925,6,-0.889617919921875
PeMS08,1925,12,0.9320144653320312
PeMS08,1926,1,1.108795166015625
PeMS08,1926,6,0.02520751953125
PeMS08,1926,12,-1.3018722534179688
PeMS08,1927,1,-0.087554931640625
PeMS08,1927,6,-0.3586273193359375
PeMS08,1927,12,0.3112030029296875
PeMS08,1928,1,0.5870285034179688
PeMS08,1928,6,-0.2000885009765625
PeMS08,1928,12,-0.7772750854492188
PeMS08,1929,1,-0.6279144287109375
PeMS08,1929,6,-0.13214111328125
PeMS08,1929,12,-2.02679443359375
PeMS08,1930,1,0.2432708740234375
PeMS08,1930,6,-0.3375701904296875
PeMS08,1930,12,-1.63824462890625
PeMS08,1931,1,-0.4523468017578125
PeMS08,1931,6,-0.616424560546875
PeMS08,1931,12,-1.4165802001953125
PeMS08,1932,1,-1.0086135864257812
PeMS08,1932,6,-0.7040863037109375
PeMS08,1932,12,-1.340301513671875
PeMS08,1933,1,-0.6202239990234375
PeMS08,1933,6,-0.621063232421875
PeMS08,1933,12,-0.73358154296875
PeMS08,1934,1,-0.9503402709960938
PeMS08,1934,6,-0.36147308349609375
PeMS08,1934,12,-3.1166839599609375
PeMS08,1935,1,-1.020965576171875
PeMS08,1935,6,-0.16082763671875
PeMS08,1935,12,-0.950897216796875
PeMS08,1936,1,0.12671661376953125
PeMS08,1936,6,-0.0388946533203125
PeMS08,1936,12,-0.36395263671875
PeMS08,1937,1,-1.0994873046875
PeMS08,1937,6,-0.278778076171875
PeMS08,1937,12,-0.9121780395507812
PeMS08,1938,1,-0.343597412109375
PeMS08,1938,6,0.63140869140625
PeMS08,1938,12,0.7824783325195312
PeMS08,1939,1,0.16611480712890625
PeMS08,1939,6,0.15662384033203125
PeMS08,1939,12,-0.6408004760742188
PeMS08,1940,1,0.1794281005859375
PeMS08,1940,6,0.2776947021484375
PeMS08,1940,12,0.8260421752929688
PeMS08,1941,1,-0.5701446533203125
PeMS08,1941,6,-0.3823699951171875
PeMS08,1941,12,1.3624343872070312
PeMS08,1942,1,0.24005126953125
PeMS08,1942,6,1.05511474609375
PeMS08,1942,12,0.90570068359375
PeMS08,1943,1,0.44672393798828125
PeMS08,1943,6,-0.2455291748046875
PeMS08,1943,12,0.7540512084960938
PeMS08,1944,1,-0.6464462280273438
PeMS08,1944,6,-0.5948028564453125
PeMS08,1944,12,0.673614501953125
PeMS08,1945,1,-0.161712646484375
PeMS08,1945,6,-0.1749725341796875
PeMS08,1945,12,2.2627182006835938
PeMS08,1946,1,-1.31109619140625
PeMS08,1946,6,0.1279296875
PeMS08,1946,12,-0.14557647705078125
PeMS08,1947,1,-0.5573272705078125
PeMS08,1947,6,-0.0282745361328125
PeMS08,1947,12,-0.6266250610351562
PeMS08,1948,1,-0.47812652587890625
PeMS08,1948,6,-0.0027618408203125
PeMS08,1948,12,-1.3755950927734375
PeMS08,1949,1,0.625396728515625
PeMS08,1949,6,0.3272552490234375
PeMS08,1949,12,-0.850433349609375
PeMS08,1950,1,0.25379180908203125
PeMS08,1950,6,0.3858184814453125
PeMS08,1950,12,-0.6401824951171875
PeMS08,1951,1,-0.27188873291015625
PeMS08,1951,6,0.8509750366210938
PeMS08,1951,12,0.4463081359863281
PeMS08,1952,1,0.24254608154296875
PeMS08,1952,6,0.4267120361328125
PeMS08,1952,12,-0.5796890258789062
PeMS08,1953,1,0.15067291259765625
PeMS08,1953,6,0.5699577331542969
PeMS08,1953,12,-0.020355224609375
PeMS08,1954,1,-0.7304229736328125
PeMS08,1954,6,0.43712615966796875
PeMS08,1954,12,1.0495452880859375
PeMS08,1955,1,0.5843963623046875
PeMS08,1955,6,0.0513153076171875
PeMS08,1955,12,1.0413398742675781
PeMS08,1956,1,-0.12966156005859375
PeMS08,1956,6,0.13837432861328125
PeMS08,1956,12,1.5398674011230469
PeMS08,1957,1,-0.4710578918457031
PeMS08,1957,6,0.27901458740234375
PeMS08,1957,12,1.73223876953125
PeMS08,1958,1,-0.5886154174804688
PeMS08,1958,6,0.101104736328125
PeMS08,1958,12,1.0816192626953125
PeMS08,1959,1,0.26683807373046875
PeMS08,1959,6,0.575958251953125
PeMS08,1959,12,0.5424728393554688
PeMS08,1960,1,0.20507049560546875
PeMS08,1960,6,0.236541748046875
PeMS08,1960,12,0.6679534912109375
PeMS08,1961,1,-0.5922203063964844
PeMS08,1961,6,0.5208244323730469
PeMS08,1961,12,1.0655441284179688
PeMS08,1962,1,0.0241546630859375
PeMS08,1962,6,0.5617599487304688
PeMS08,1962,12,0.7756576538085938
PeMS08,1963,1,0.15631866455078125
PeMS08,1963,6,0.7589340209960938
PeMS08,1963,12,1.03564453125
PeMS08,1964,1,1.1344451904296875
PeMS08,1964,6,0.9586334228515625
PeMS08,1964,12,1.7002487182617188
PeMS08,1965,1,1.0491485595703125
PeMS08,1965,6,0.7537727355957031
PeMS08,1965,12,1.4647369384765625
PeMS08,1966,1,0.893096923828125
PeMS08,1966,6,0.7001419067382812
PeMS08,1966,12,1.4665946960449219
PeMS08,1967,1,0.8539276123046875
PeMS08,1967,6,0.8971595764160156
PeMS08,1967,12,0.630889892578125
PeMS08,1968,1,1.1498184204101562
PeMS08,1968,6,0.7857666015625
PeMS08,1968,12,0.5168685913085938
PeMS08,1969,1,0.32656097412109375
PeMS08,1969,6,0.6527786254882812
PeMS08,1969,12,-0.241302490234375
PeMS08,1970,1,0.38519287109375
PeMS08,1970,6,0.705413818359375
PeMS08,1970,12,0.44295501708984375
PeMS08,1971,1,0.9594802856445312
PeMS08,1971,6,0.8565521240234375
PeMS08,1971,12,0.8971214294433594
PeMS08,1972,1,0.8334503173828125
PeMS08,1972,6,1.2310028076171875
PeMS08,1972,12,2.0402069091796875
PeMS08,1973,1,-0.13671112060546875
PeMS08,1973,6,0.65185546875
PeMS08,1973,12,1.2696533203125
PeMS08,1974,1,0.3709564208984375
PeMS08,1974,6,0.5784149169921875
PeMS08,1974,12,1.4107170104980469
PeMS08,1975,1,0.2214508056640625
PeMS08,1975,6,0.6164703369140625
PeMS08,1975,12,2.0466537475585938
PeMS08,1976,1,-0.29109954833984375
PeMS08,1976,6,0.199554443359375
PeMS08,1976,12,1.6123046875
PeMS08,1977,1,0.30489349365234375
PeMS08,1977,6,0.6256790161132812
PeMS08,1977,12,2.0291595458984375
PeMS08,1978,1,0.3050994873046875
PeMS08,1978,6,1.16217041015625
PeMS08,1978,12,2.884368896484375
PeMS08,1979,1,-0.1610565185546875
PeMS08,1979,6,1.0047531127929688
PeMS08,1979,12,1.9561843872070312
PeMS08,1980,1,1.0763397216796875
PeMS08,1980,6,1.1156158447265625
PeMS08,1980,12,2.6031494140625
PeMS08,1981,1,0.946746826171875
PeMS08,1981,6,1.4964981079101562
PeMS08,1981,12,3.1193923950195312
PeMS08,1982,1,0.45565032958984375
PeMS08,1982,6,1.0362396240234375
PeMS08,1982,12,1.7188262939453125
PeMS08,1983,1,0.7638702392578125
PeMS08,1983,6,1.7554168701171875
PeMS08,1983,12,1.5848312377929688
PeMS08,1984,1,0.44637298583984375
PeMS08,1984,6,1.7423171997070312
PeMS08,1984,12,2.037353515625
PeMS08,1985,1,0.63262939453125
PeMS08,1985,6,1.298492431640625
PeMS08,1985,12,1.8840408325195312
PeMS08,1986,1,0.5584640502929688
PeMS08,1986,6,1.8287506103515625
PeMS08,1986,12,1.66156005859375
PeMS08,1987,1,0.5305938720703125
PeMS08,1987,6,1.333770751953125
PeMS08,1987,12,1.349212646484375
PeMS08,1988,1,1.2916107177734375
PeMS08,1988,6,0.9021682739257812
PeMS08,1988,12,1.479461669921875
PeMS08,1989,1,1.1879653930664062
PeMS08,1989,6,0.8243255615234375
PeMS08,1989,12,1.49237060546875
PeMS08,1990,1,0.7843170166015625
PeMS08,1990,6,0.6760482788085938
PeMS08,1990,12,1.428131103515625
PeMS08,1991,1,1.071075439453125
PeMS08,1991,6,0.71868896484375
PeMS08,1991,12,0.809906005859375
PeMS08,1992,1,0.4377899169921875
PeMS08,1992,6,0.7575607299804688
PeMS08,1992,12,1.706878662109375
PeMS08,1993,1,0.5220718383789062
PeMS08,1993,6,0.768768310546875
PeMS08,1993,12,1.5710983276367188
PeMS08,1994,1,0.035186767578125
PeMS08,1994,6,1.0440216064453125
PeMS08,1994,12,2.1764068603515625
PeMS08,1995,1,0.5237350463867188
PeMS08,1995,6,0.76153564453125
PeMS08,1995,12,1.33251953125
PeMS08,1996,1,0.272613525390625
PeMS08,1996,6,0.6526641845703125
PeMS08,1996,12,0.1127777099609375
PeMS08,1997,1,1.0177078247070312
PeMS08,1997,6,0.7566986083984375
PeMS08,1997,12,0.675689697265625
PeMS08,1998,1,0.7186279296875
PeMS08,1998,6,0.62725830078125
PeMS08,1998,12,0.6793670654296875
PeMS08,1999,1,0.6398162841796875
PeMS08,1999,6,1.2283706665039062
PeMS08,1999,12,1.9134063720703125
PeMS08,2000,1,0.5637969970703125
PeMS08,2000,6,0.925445556640625
PeMS08,2000,12,1.6981964111328125
PeMS08,2001,1,0.83160400390625
PeMS08,2001,6,0.8885345458984375
PeMS08,2001,12,1.3570556640625
PeMS08,2002,1,0.914154052734375
PeMS08,2002,6,0.537017822265625
PeMS08,2002,12,1.5724029541015625
PeMS08,2003,1,0.44937896728515625
PeMS08,2003,6,0.8300094604492188
PeMS08,2003,12,1.1458892822265625
PeMS08,2004,1,1.2203369140625
PeMS08,2004,6,1.1318435668945312
PeMS08,2004,12,1.1300201416015625
PeMS08,2005,1,0.6383819580078125
PeMS08,2005,6,0.7618560791015625
PeMS08,2005,12,1.330780029296875
PeMS08,2006,1,0.4766693115234375
PeMS08,2006,6,0.8232269287109375
PeMS08,2006,12,1.9667205810546875
PeMS08,2007,1,0.425750732421875
PeMS08,2007,6,0.9799346923828125
PeMS08,2007,12,1.530364990234375
PeMS08,2008,1,0.5911178588867188
PeMS08,2008,6,1.13629150390625
PeMS08,2008,12,2.0045928955078125
PeMS08,2009,1,0.5376663208007812
PeMS08,2009,6,0.6866302490234375
PeMS08,2009,12,1.2860794067382812
PeMS08,2010,1,0.16124725341796875
PeMS08,2010,6,0.9423370361328125
PeMS08,2010,12,1.3701324462890625
PeMS08,2011,1,0.9478759765625
PeMS08,2011,6,0.91839599609375
PeMS08,2011,12,0.6564102172851562
PeMS08,2012,1,0.6033477783203125
PeMS08,2012,6,1.189361572265625
PeMS08,2012,12,1.076416015625
PeMS08,2013,1,0.8778152465820312
PeMS08,2013,6,0.9149627685546875
PeMS08,2013,12,1.231842041015625
PeMS08,2014,1,0.45831298828125
PeMS08,2014,6,0.8033447265625
PeMS08,2014,12,2.343719482421875
PeMS08,2015,1,1.0682220458984375
PeMS08,2015,6,0.05126953125
PeMS08,2015,12,1.076324462890625
